  0
SECTION
  2
HEADER
  9
$ACADVER
  1
AC1032
  9
$ACADMAINTVER
 90
4
  9
$DWGCODEPAGE
  3
ANSI_1252
  9
$LASTSAVEDBY
  1
msemblantes
  9
$REQUIREDVERSIONS
160
0
  9
$INSBASE
 10
0.0
 20
0.0
 30
0.0
  9
$EXTMIN
 10
1e+20
 20
1e+20
 30
1e+20
  9
$EXTMAX
 10
-1e+20
 20
-1e+20
 30
-1e+20
  9
$LIMMIN
 10
0.0
 20
0.0
  9
$LIMMAX
 10
420.0
 20
297.0
  9
$ORTHOMODE
 70
0
  9
$REGENMODE
 70
1
  9
$FILLMODE
 70
1
  9
$QTEXTMODE
 70
0
  9
$MIRRTEXT
 70
1
  9
$LTSCALE
 40
1.0
  9
$ATTMODE
 70
1
  9
$TEXTSIZE
 40
2.5
  9
$TRACEWID
 40
1.0
  9
$TEXTSTYLE
  7
OpenSans
  9
$CLAYER
  8
0
  9
$CELTYPE
  6
ByLayer
  9
$CECOLOR
 62
0
  9
$CELTSCALE
 40
1.0
  9
$DISPSILH
 70
0
  9
$DIMSCALE
 40
1.0
  9
$DIMASZ
 40
0.175
  9
$DIMEXO
 40
0.125
  9
$DIMDLI
 40
3.75
  9
$DIMRND
 40
0.0
  9
$DIMDLE
 40
0.0
  9
$DIMEXE
 40
0.375
  9
$DIMTP
 40
0.0
  9
$DIMTM
 40
0.0
  9
$DIMTXT
 40
0.25
  9
$DIMCEN
 40
2.5
  9
$DIMTSZ
 40
0.0
  9
$DIMTOL
 70
0
  9
$DIMLIM
 70
0
  9
$DIMTIH
 70
0
  9
$DIMTOH
 70
0
  9
$DIMSE1
 70
0
  9
$DIMSE2
 70
0
  9
$DIMTAD
 70
1
  9
$DIMZIN
 70
12
  9
$DIMBLK
  1
_ARCHTICK
  9
$DIMASO
 70
1
  9
$DIMSHO
 70
1
  9
$DIMPOST
  1

  9
$DIMAPOST
  1

  9
$DIMALT
 70
0
  9
$DIMALTD
 70
3
  9
$DIMALTF
 40
0.03937007874
  9
$DIMLFAC
 40
100.0
  9
$DIMTOFL
 70
1
  9
$DIMTVP
 40
0.0
  9
$DIMTIX
 70
0
  9
$DIMSOXD
 70
0
  9
$DIMSAH
 70
0
  9
$DIMBLK1
  1

  9
$DIMBLK2
  1

  9
$DIMSTYLE
  2
EZDXF
  9
$DIMCLRD
 70
0
  9
$DIMCLRE
 70
0
  9
$DIMCLRT
 70
0
  9
$DIMTFAC
 40
0.5
  9
$DIMGAP
 40
0.1
  9
$DIMJUST
 70
0
  9
$DIMSD1
 70
0
  9
$DIMSD2
 70
0
  9
$DIMTOLJ
 70
0
  9
$DIMTZIN
 70
8
  9
$DIMALTZ
 70
0
  9
$DIMALTTZ
 70
0
  9
$DIMUPT
 70
1
  9
$DIMDEC
 70
2
  9
$DIMTDEC
 70
2
  9
$DIMALTU
 70
2
  9
$DIMALTTD
 70
3
  9
$DIMTXSTY
  7
OpenSansCondensed-Light
  9
$DIMAUNIT
 70
0
  9
$DIMADEC
 70
2
  9
$DIMALTRND
 40
0.0
  9
$DIMAZIN
 70
3
  9
$DIMDSEP
 70
46
  9
$DIMATFIT
 70
3
  9
$DIMFRAC
 70
0
  9
$DIMLDRBLK
  1

  9
$DIMLUNIT
 70
2
  9
$DIMLWD
 70
-2
  9
$DIMLWE
 70
-2
  9
$DIMTMOVE
 70
2
  9
$DIMFXL
 40
1.0
  9
$DIMFXLON
 70
0
  9
$DIMJOGANG
 40
0.785398163397
  9
$DIMTFILL
 70
0
  9
$DIMTFILLCLR
 70
0
  9
$DIMARCSYM
 70
0
  9
$DIMLTYPE
  6

  9
$DIMLTEX1
  6

  9
$DIMLTEX2
  6

  9
$DIMTXTDIRECTION
 70
0
  9
$LUNITS
 70
2
  9
$LUPREC
 70
4
  9
$SKETCHINC
 40
1.0
  9
$FILLETRAD
 40
10.0
  9
$AUNITS
 70
0
  9
$AUPREC
 70
2
  9
$MENU
  1
.
  9
$ELEVATION
 40
0.0
  9
$PELEVATION
 40
0.0
  9
$THICKNESS
 40
0.0
  9
$LIMCHECK
 70
0
  9
$CHAMFERA
 40
0.0
  9
$CHAMFERB
 40
0.0
  9
$CHAMFERC
 40
0.0
  9
$CHAMFERD
 40
0.0
  9
$SKPOLY
 70
0
  9
$TDCREATE
 40
2461319.6369444444
  9
$TDUCREATE
 40
2458532.13305332
  9
$TDUPDATE
 40
2461319.6369444444
  9
$TDUUPDATE
 40
2461319.54044
  9
$TDINDWG
 40
0.00028
  9
$TDUSRTIMER
 40
0.00028
  9
$USRTIMER
 70
1
  9
$ANGBASE
 50
0.0
  9
$ANGDIR
 70
0
  9
$PDMODE
 70
0
  9
$PDSIZE
 40
0.0
  9
$PLINEWID
 40
0.0
  9
$SPLFRAME
 70
0
  9
$SPLINETYPE
 70
6
  9
$SPLINESEGS
 70
8
  9
$HANDSEED
  5
39F
  9
$SURFTAB1
 70
6
  9
$SURFTAB2
 70
6
  9
$SURFTYPE
 70
6
  9
$SURFU
 70
6
  9
$SURFV
 70
6
  9
$UCSBASE
  2

  9
$UCSORG
 10
0.0
 20
0.0
 30
0.0
  9
$UCSXDIR
 10
1.0
 20
0.0
 30
0.0
  9
$UCSYDIR
 10
0.0
 20
1.0
 30
0.0
  9
$UCSORTHOREF
  2

  9
$UCSORTHOVIEW
 70
0
  9
$UCSORGTOP
 10
0.0
 20
0.0
 30
0.0
  9
$UCSORGBOTTOM
 10
0.0
 20
0.0
 30
0.0
  9
$UCSORGLEFT
 10
0.0
 20
0.0
 30
0.0
  9
$UCSORGRIGHT
 10
0.0
 20
0.0
 30
0.0
  9
$UCSORGFRONT
 10
0.0
 20
0.0
 30
0.0
  9
$UCSORGBACK
 10
0.0
 20
0.0
 30
0.0
  9
$PUCSBASE
  2

  9
$PUCSORG
 10
0.0
 20
0.0
 30
0.0
  9
$PUCSXDIR
 10
1.0
 20
0.0
 30
0.0
  9
$PUCSYDIR
 10
0.0
 20
1.0
 30
0.0
  9
$PUCSORTHOREF
  2

  9
$PUCSORTHOVIEW
 70
0
  9
$PUCSORGTOP
 10
0.0
 20
0.0
 30
0.0
  9
$PUCSORGBOTTOM
 10
0.0
 20
0.0
 30
0.0
  9
$PUCSORGLEFT
 10
0.0
 20
0.0
 30
0.0
  9
$PUCSORGRIGHT
 10
0.0
 20
0.0
 30
0.0
  9
$PUCSORGFRONT
 10
0.0
 20
0.0
 30
0.0
  9
$PUCSORGBACK
 10
0.0
 20
0.0
 30
0.0
  9
$USERI1
 70
0
  9
$USERI2
 70
0
  9
$USERI3
 70
0
  9
$USERI4
 70
0
  9
$USERI5
 70
0
  9
$USERR1
 40
0.0
  9
$USERR2
 40
0.0
  9
$USERR3
 40
0.0
  9
$USERR4
 40
0.0
  9
$USERR5
 40
0.0
  9
$WORLDVIEW
 70
1
  9
$SHADEDGE
 70
3
  9
$SHADEDIF
 70
70
  9
$TILEMODE
 70
1
  9
$MAXACTVP
 70
64
  9
$PINSBASE
 10
0.0
 20
0.0
 30
0.0
  9
$PLIMCHECK
 70
0
  9
$PEXTMIN
 10
1e+20
 20
1e+20
 30
1e+20
  9
$PEXTMAX
 10
-1e+20
 20
-1e+20
 30
-1e+20
  9
$PLIMMIN
 10
0.0
 20
0.0
  9
$PLIMMAX
 10
420.0
 20
297.0
  9
$UNITMODE
 70
0
  9
$VISRETAIN
 70
1
  9
$PLINEGEN
 70
0
  9
$PSLTSCALE
 70
1
  9
$TREEDEPTH
 70
3020
  9
$CMLSTYLE
  2
S
  9
$CMLJUST
 70
0
  9
$CMLSCALE
 40
20.0
  9
$PROXYGRAPHICS
 70
1
  9
$MEASUREMENT
 70
1
  9
$CELWEIGHT
370
-1
  9
$ENDCAPS
280
0
  9
$JOINSTYLE
280
0
  9
$LWDISPLAY
290
0
  9
$INSUNITS
 70
6
  9
$HYPERLINKBASE
  1

  9
$STYLESHEET
  1

  9
$XEDIT
290
1
  9
$CEPSNTYPE
380
0
  9
$PSTYLEMODE
290
1
  9
$FINGERPRINTGUID
  2
{C83254BA-37B7-4A44-8C93-A42D7C1B4CE3}
  9
$VERSIONGUID
  2
{773C1D63-36DB-4EF5-95AB-30D404927421}
  9
$EXTNAMES
290
1
  9
$PSVPSCALE
 40
0.0
  9
$OLESTARTUP
290
0
  9
$SORTENTS
280
127
  9
$INDEXCTL
280
0
  9
$HIDETEXT
280
1
  9
$XCLIPFRAME
280
1
  9
$HALOGAP
280
0
  9
$OBSCOLOR
 70
257
  9
$OBSLTYPE
280
0
  9
$INTERSECTIONDISPLAY
280
0
  9
$INTERSECTIONCOLOR
 70
257
  9
$DIMASSOC
280
2
  9
$PROJECTNAME
  1

  9
$CAMERADISPLAY
290
0
  9
$LENSLENGTH
 40
50.0
  9
$CAMERAHEIGHT
 40
0.0
  9
$STEPSPERSEC
 40
24.0
  9
$STEPSIZE
 40
100.0
  9
$3DDWFPREC
 40
2.0
  9
$PSOLWIDTH
 40
0.005
  9
$PSOLHEIGHT
 40
0.08
  9
$LOFTANG1
 40
1.570796326795
  9
$LOFTANG2
 40
1.570796326795
  9
$LOFTMAG1
 40
0.0
  9
$LOFTMAG2
 40
0.0
  9
$LOFTPARAM
 70
7
  9
$LOFTNORMALS
280
1
  9
$LATITUDE
 40
37.795
  9
$LONGITUDE
 40
-122.394
  9
$NORTHDIRECTION
 40
0.0
  9
$TIMEZONE
 70
-8000
  9
$LIGHTGLYPHDISPLAY
280
1
  9
$TILEMODELIGHTSYNCH
280
1
  9
$CMATERIAL
347
39D
  9
$SOLIDHIST
280
0
  9
$SHOWHIST
280
1
  9
$DWFFRAME
280
2
  9
$DGNFRAME
280
2
  9
$REALWORLDSCALE
290
1
  9
$INTERFERECOLOR
 62
0
  9
$CSHADOW
280
0
  9
$SHADOWPLANELOCATION
 40
0.0
  0
ENDSEC
  0
SECTION
  2
CLASSES
  0
CLASS
  1
ACDBDICTIONARYWDFLT
  2
AcDbDictionaryWithDefault
  3
ObjectDBX Classes
 90
0
 91
1
280
0
281
0
  0
CLASS
  1
SUN
  2
AcDbSun
  3
SCENEOE
 90
1153
 91
0
280
0
281
0
  0
CLASS
  1
VISUALSTYLE
  2
AcDbVisualStyle
  3
ObjectDBX Classes
 90
4095
 91
25
280
0
281
0
  0
CLASS
  1
MATERIAL
  2
AcDbMaterial
  3
ObjectDBX Classes
 90
1153
 91
3
280
0
281
0
  0
CLASS
  1
SCALE
  2
AcDbScale
  3
ObjectDBX Classes
 90
1153
 91
17
280
0
281
0
  0
CLASS
  1
TABLESTYLE
  2
AcDbTableStyle
  3
ObjectDBX Classes
 90
4095
 91
1
280
0
281
0
  0
CLASS
  1
MLEADERSTYLE
  2
AcDbMLeaderStyle
  3
ACDB_MLEADERSTYLE_CLASS
 90
4095
 91
1
280
0
281
0
  0
CLASS
  1
DICTIONARYVAR
  2
AcDbDictionaryVar
  3
ObjectDBX Classes
 90
0
 91
0
280
0
281
0
  0
CLASS
  1
CELLSTYLEMAP
  2
AcDbCellStyleMap
  3
ObjectDBX Classes
 90
256
 91
256
280
0
281
0
  0
CLASS
  1
MENTALRAYRENDERSETTINGS
  2
AcDbMentalRayRenderSettings
  3
SCENEOE
 90
33
 91
-534838016
280
0
281
0
  0
CLASS
  1
ACDBDETAILVIEWSTYLE
  2
AcDbDetailViewStyle
  3
ObjectDBX Classes
 90
168
 91
256
280
0
281
0
  0
CLASS
  1
ACDBSECTIONVIEWSTYLE
  2
AcDbSectionViewStyle
  3
ObjectDBX Classes
 90
256
 91
0
280
0
281
0
  0
CLASS
  1
RASTERVARIABLES
  2
AcDbRasterVariables
  3
ISM
 90
256
 91
0
280
0
281
0
  0
CLASS
  1
ACDBPLACEHOLDER
  2
AcDbPlaceHolder
  3
ObjectDBX Classes
 90
0
 91
0
280
0
281
0
  0
CLASS
  1
LAYOUT
  2
AcDbLayout
  3
ObjectDBX Classes
 90
0
 91
0
280
0
281
0
  0
ENDSEC
  0
SECTION
  2
TABLES
  0
TABLE
  2
VPORT
  5
8
330
0
100
AcDbSymbolTable
 70
1
  0
VPORT
  5
23
330
8
100
AcDbSymbolTableRecord
100
AcDbViewportTableRecord
  2
*Active
 70
0
 10
0.0
 20
0.0
 11
1.0
 21
1.0
 12
55.45012195703885
 22
27.94130921582632
 13
0.0
 23
0.0
 14
0.5
 24
0.5
 15
0.5
 25
0.5
 16
0.0
 26
0.0
 36
1.0
 17
0.0
 27
0.0
 37
0.0
 40
92.3482768062172
 41
1.853042479908152
 42
50.0
 43
0.0
 44
0.0
 50
0.0
 51
0.0
 71
0
 72
1000
 73
1
 74
3
 75
0
 76
0
 77
0
 78
0
281
0
 65
0
110
0.0
120
0.0
130
0.0
111
1.0
121
0.0
131
0.0
112
0.0
122
1.0
132
0.0
 79
0
146
0.0
 60
3
 61
5
348
5A
292
1
282
1
141
0.0
142
0.0
 63
250
421
3258135347
1001
ACAD_NAV_VCDISPLAY
1070
3
  0
ENDTAB
  0
TABLE
  2
LTYPE
  5
2
330
0
100
AcDbSymbolTable
 70
21
  0
LTYPE
  5
24
330
2
100
AcDbSymbolTableRecord
100
AcDbLinetypeTableRecord
  2
ByBlock
 70
0
  3

 72
65
 73
0
 40
0.0
  0
LTYPE
  5
25
330
2
100
AcDbSymbolTableRecord
100
AcDbLinetypeTableRecord
  2
ByLayer
 70
0
  3

 72
65
 73
0
 40
0.0
  0
LTYPE
  5
26
330
2
100
AcDbSymbolTableRecord
100
AcDbLinetypeTableRecord
  2
Continuous
 70
0
  3

 72
65
 73
0
 40
0.0
  0
LTYPE
  5
2F
330
2
100
AcDbSymbolTableRecord
100
AcDbLinetypeTableRecord
  2
CENTER
 70
0
  3
Center ____ _ ____ _ ____ _ ____ _ ____ _ ____
 72
65
 73
4
 40
5.08
 49
3.175
 74
0
 49
-0.635
 74
0
 49
0.635
 74
0
 49
-0.635
 74
0
  0
LTYPE
  5
30
330
2
100
AcDbSymbolTableRecord
100
AcDbLinetypeTableRecord
  2
CENTERX2
 70
0
  3
Center (2x) ________  __  ________  __  ________
 72
65
 73
4
 40
8.89
 49
6.35
 74
0
 49
-0.635
 74
0
 49
1.27
 74
0
 49
-0.635
 74
0
  0
LTYPE
  5
31
330
2
100
AcDbSymbolTableRecord
100
AcDbLinetypeTableRecord
  2
CENTER2
 70
0
  3
Center (.5x) ____ _ ____ _ ____ _ ____ _ ____
 72
65
 73
4
 40
2.54
 49
1.587
 74
0
 49
-0.318
 74
0
 49
0.318
 74
0
 49
-0.318
 74
0
  0
LTYPE
  5
32
330
2
100
AcDbSymbolTableRecord
100
AcDbLinetypeTableRecord
  2
DASHED
 70
0
  3
Dashed __ __ __ __ __ __ __ __ __ __ __ __ __ _
 72
65
 73
2
 40
1.524
 49
1.27
 74
0
 49
-0.254
 74
0
  0
LTYPE
  5
33
330
2
100
AcDbSymbolTableRecord
100
AcDbLinetypeTableRecord
  2
DASHEDX2
 70
0
  3
Dashed (2x) ____  ____  ____  ____  ____  ____
 72
65
 73
2
 40
3.048
 49
2.54
 74
0
 49
-0.508
 74
0
  0
LTYPE
  5
34
330
2
100
AcDbSymbolTableRecord
100
AcDbLinetypeTableRecord
  2
DASHED2
 70
0
  3
Dashed (.5x) _ _ _ _ _ _ _ _ _ _ _ _ _ _
 72
65
 73
2
 40
0.762
 49
0.635
 74
0
 49
-0.127
 74
0
  0
LTYPE
  5
35
330
2
100
AcDbSymbolTableRecord
100
AcDbLinetypeTableRecord
  2
PHANTOM
 70
0
  3
Phantom ______  __  __  ______  __  __  ______
 72
65
 73
6
 40
6.35
 49
3.175
 74
0
 49
-0.635
 74
0
 49
0.635
 74
0
 49
-0.635
 74
0
 49
0.635
 74
0
 49
-0.635
 74
0
  0
LTYPE
  5
36
330
2
100
AcDbSymbolTableRecord
100
AcDbLinetypeTableRecord
  2
PHANTOMX2
 70
0
  3
Phantom (2x)____________    ____    ____    ____________
 72
65
 73
6
 40
10.795
 49
6.35
 74
0
 49
-0.635
 74
0
 49
1.27
 74
0
 49
-0.635
 74
0
 49
1.27
 74
0
 49
-0.635
 74
0
  0
LTYPE
  5
37
330
2
100
AcDbSymbolTableRecord
100
AcDbLinetypeTableRecord
  2
PHANTOM2
 70
0
  3
Phantom (.5x) ___ _ _ ___ _ _ ___ _ _ ___ _ _ ___
 72
65
 73
6
 40
3.175
 49
1.587
 74
0
 49
-0.318
 74
0
 49
0.318
 74
0
 49
-0.318
 74
0
 49
0.318
 74
0
 49
-0.318
 74
0
  0
LTYPE
  5
38
330
2
100
AcDbSymbolTableRecord
100
AcDbLinetypeTableRecord
  2
DASHDOT
 70
0
  3
Dash dot __ . __ . __ . __ . __ . __ . __ . __
 72
65
 73
4
 40
3.556
 49
2.54
 74
0
 49
-0.508
 74
0
 49
0.0
 74
0
 49
-0.508
 74
0
  0
LTYPE
  5
39
330
2
100
AcDbSymbolTableRecord
100
AcDbLinetypeTableRecord
  2
DASHDOTX2
 70
0
  3
Dash dot (2x) ____  .  ____  .  ____  .  ____
 72
65
 73
4
 40
6.096
 49
5.08
 74
0
 49
-0.508
 74
0
 49
0.0
 74
0
 49
-0.508
 74
0
  0
LTYPE
  5
3A
330
2
100
AcDbSymbolTableRecord
100
AcDbLinetypeTableRecord
  2
DASHDOT2
 70
0
  3
Dash dot (.5x) _ . _ . _ . _ . _ . _ . _ . _
 72
65
 73
4
 40
1.778
 49
1.27
 74
0
 49
-0.254
 74
0
 49
0.0
 74
0
 49
-0.254
 74
0
  0
LTYPE
  5
3B
330
2
100
AcDbSymbolTableRecord
100
AcDbLinetypeTableRecord
  2
DOT
 70
0
  3
Dot .  .  .  .  .  .  .  .  .  .  .  .  .  .  .  .
 72
65
 73
2
 40
0.508
 49
0.0
 74
0
 49
-0.508
 74
0
  0
LTYPE
  5
3C
330
2
100
AcDbSymbolTableRecord
100
AcDbLinetypeTableRecord
  2
DOTX2
 70
0
  3
Dot (2x) .    .    .    .    .    .    .    . 
 72
65
 73
2
 40
1.016
 49
0.0
 74
0
 49
-1.016
 74
0
  0
LTYPE
  5
3D
330
2
100
AcDbSymbolTableRecord
100
AcDbLinetypeTableRecord
  2
DOT2
 70
0
  3
Dot (.5) . . . . . . . . . . . . . . . . . . . 
 72
65
 73
2
 40
0.254
 49
0.0
 74
0
 49
-0.254
 74
0
  0
LTYPE
  5
3E
330
2
100
AcDbSymbolTableRecord
100
AcDbLinetypeTableRecord
  2
DIVIDE
 70
0
  3
Divide __ . . __ . . __ . . __ . . __ . . __
 72
65
 73
6
 40
4.064
 49
2.54
 74
0
 49
-0.508
 74
0
 49
0.0
 74
0
 49
-0.508
 74
0
 49
0.0
 74
0
 49
-0.508
 74
0
  0
LTYPE
  5
3F
330
2
100
AcDbSymbolTableRecord
100
AcDbLinetypeTableRecord
  2
DIVIDEX2
 70
0
  3
Divide (2x) ____  . .  ____  . .  ____  . .  ____
 72
65
 73
6
 40
6.604
 49
5.08
 74
0
 49
-0.508
 74
0
 49
0.0
 74
0
 49
-0.508
 74
0
 49
0.0
 74
0
 49
-0.508
 74
0
  0
LTYPE
  5
40
330
2
100
AcDbSymbolTableRecord
100
AcDbLinetypeTableRecord
  2
DIVIDE2
 70
0
  3
Divide(.5x) _ . _ . _ . _ . _ . _ . _ . _
 72
65
 73
6
 40
2.032
 49
1.27
 74
0
 49
-0.254
 74
0
 49
0.0
 74
0
 49
-0.254
 74
0
 49
0.0
 74
0
 49
-0.254
 74
0
  0
ENDTAB
  0
TABLE
  2
LAYER
  5
1
330
0
100
AcDbSymbolTable
 70
27
  0
LAYER
  5
27
330
1
100
AcDbSymbolTableRecord
100
AcDbLayerTableRecord
  2
0
 70
0
 62
7
  6
Continuous
370
-3
390
13
347
21
348
0
  0
LAYER
  5
28
330
1
100
AcDbSymbolTableRecord
100
AcDbLayerTableRecord
  2
Defpoints
 70
0
 62
7
  6
Continuous
290
0
370
-3
390
13
347
21
348
0
  0
LAYER
  5
8B
330
1
100
AcDbSymbolTableRecord
100
AcDbLayerTableRecord
  2
BORDER_LIMITS
 70
0
 62
7
  6
Continuous
370
18
390
13
347
21
348
0
  0
LAYER
  5
8C
330
1
100
AcDbSymbolTableRecord
100
AcDbLayerTableRecord
  2
DRAWING_BORDER
 70
0
 62
7
  6
Continuous
370
50
390
13
347
21
348
0
  0
LAYER
  5
8D
330
1
100
AcDbSymbolTableRecord
100
AcDbLayerTableRecord
  2
FORMATO
 70
0
 62
7
  6
Continuous
370
25
390
13
347
21
348
0
  0
LAYER
  5
8E
330
1
100
AcDbSymbolTableRecord
100
AcDbLayerTableRecord
  2
_DATEC
 70
0
 62
7
  6
Continuous
370
13
390
13
347
21
348
0
  0
LAYER
  5
8F
330
1
100
AcDbSymbolTableRecord
100
AcDbLayerTableRecord
  2
05-EST-TEXTO
 70
0
 62
7
  6
Continuous
370
13
390
13
347
21
348
0
  0
LAYER
  5
90
330
1
100
AcDbSymbolTableRecord
100
AcDbLayerTableRecord
  2
E_EJES
 70
0
 62
8
  6
Continuous
370
9
390
13
347
21
348
0
  0
LAYER
  5
91
330
1
100
AcDbSymbolTableRecord
100
AcDbLayerTableRecord
  2
E_EJES_BURBUJA
 70
0
 62
7
  6
Continuous
370
18
390
13
347
21
348
0
  0
LAYER
  5
92
330
1
100
AcDbSymbolTableRecord
100
AcDbLayerTableRecord
  2
E_ZAPATAS
 70
0
 62
7
  6
Continuous
370
35
390
13
347
21
348
0
  0
LAYER
  5
93
330
1
100
AcDbSymbolTableRecord
100
AcDbLayerTableRecord
  2
E_PEDESTALES
 70
0
 62
7
  6
Continuous
370
35
390
13
347
21
348
0
  0
LAYER
  5
94
330
1
100
AcDbSymbolTableRecord
100
AcDbLayerTableRecord
  2
E_MUROS
 70
0
 62
7
  6
Continuous
370
50
390
13
347
21
348
0
  0
LAYER
  5
95
330
1
100
AcDbSymbolTableRecord
100
AcDbLayerTableRecord
  2
E_PILASTRAS
 70
0
 62
7
  6
Continuous
370
35
390
13
347
21
348
0
  0
LAYER
  5
96
330
1
100
AcDbSymbolTableRecord
100
AcDbLayerTableRecord
  2
E_VIGAS_CIM
 70
0
 62
8
  6
DASHED
370
18
390
13
347
21
348
0
  0
LAYER
  5
97
330
1
100
AcDbSymbolTableRecord
100
AcDbLayerTableRecord
  2
E_COLUMNAS
 70
0
 62
7
  6
Continuous
370
35
390
13
347
21
348
0
  0
LAYER
  5
98
330
1
100
AcDbSymbolTableRecord
100
AcDbLayerTableRecord
  2
E_VIGAS_ACERO
 70
0
 62
7
  6
Continuous
370
25
390
13
347
21
348
0
  0
LAYER
  5
99
330
1
100
AcDbSymbolTableRecord
100
AcDbLayerTableRecord
  2
E_LOSA
 70
0
 62
8
  6
DASHED
370
13
390
13
347
21
348
0
  0
LAYER
  5
9A
330
1
100
AcDbSymbolTableRecord
100
AcDbLayerTableRecord
  2
E_TEXTO
 70
0
 62
7
  6
Continuous
370
13
390
13
347
21
348
0
  0
LAYER
  5
9B
330
1
100
AcDbSymbolTableRecord
100
AcDbLayerTableRecord
  2
E_TEXTO_VIGA
 70
0
 62
7
  6
Continuous
370
13
390
13
347
21
348
0
  0
LAYER
  5
9C
330
1
100
AcDbSymbolTableRecord
100
AcDbLayerTableRecord
  2
E_COTAS
 70
0
 62
7
  6
Continuous
370
13
390
13
347
21
348
0
  0
LAYER
  5
9D
330
1
100
AcDbSymbolTableRecord
100
AcDbLayerTableRecord
  2
E_TABLA
 70
0
 62
7
  6
Continuous
370
25
390
13
347
21
348
0
  0
LAYER
  5
9E
330
1
100
AcDbSymbolTableRecord
100
AcDbLayerTableRecord
  2
E_TITULO
 70
0
 62
7
  6
Continuous
370
25
390
13
347
21
348
0
  0
LAYER
  5
9F
330
1
100
AcDbSymbolTableRecord
100
AcDbLayerTableRecord
  2
E_HATCH
 70
0
 62
7
  6
Continuous
370
13
390
13
347
21
348
0
  0
LAYER
  5
A0
330
1
100
AcDbSymbolTableRecord
100
AcDbLayerTableRecord
  2
E_ARMADO
 70
0
 62
7
  6
Continuous
370
35
390
13
347
21
348
0
  0
LAYER
  5
A1
330
1
100
AcDbSymbolTableRecord
100
AcDbLayerTableRecord
  2
E_ARMADO_FINO
 70
0
 62
7
  6
Continuous
370
18
390
13
347
21
348
0
  0
LAYER
  5
A2
330
1
100
AcDbSymbolTableRecord
100
AcDbLayerTableRecord
  2
E_CORTE
 70
0
 62
7
  6
Continuous
370
50
390
13
347
21
348
0
  0
LAYER
  5
A3
330
1
100
AcDbSymbolTableRecord
100
AcDbLayerTableRecord
  2
E_REPLANTILLO
 70
0
 62
8
  6
Continuous
370
13
390
13
347
21
348
0
  0
ENDTAB
  0
TABLE
  2
STYLE
  5
5
330
0
100
AcDbSymbolTable
 70
27
  0
STYLE
  5
29
330
5
100
AcDbSymbolTableRecord
100
AcDbTextStyleTableRecord
  2
Standard
 70
0
 40
0.0
 41
1.0
 50
0.0
 71
0
 42
2.5
  3
txt
  4

  0
STYLE
  5
41
330
5
100
AcDbSymbolTableRecord
100
AcDbTextStyleTableRecord
  2
OpenSans-Light
 70
0
 40
0.0
 41
1.0
 50
0.0
 71
0
 42
2.5
  3
OpenSans-Light.ttf
  4

1001
ACAD
1000
Open Sans Light
1071
34
  0
STYLE
  5
42
330
5
100
AcDbSymbolTableRecord
100
AcDbTextStyleTableRecord
  2
OpenSans-Light-Italic
 70
0
 40
0.0
 41
1.0
 50
0.0
 71
0
 42
2.5
  3
OpenSans-LightItalic.ttf
  4

1001
ACAD
1000
Open Sans Light
1071
16777250
  0
STYLE
  5
43
330
5
100
AcDbSymbolTableRecord
100
AcDbTextStyleTableRecord
  2
OpenSans
 70
0
 40
0.0
 41
1.0
 50
0.0
 71
0
 42
2.5
  3
OpenSans-Regular.ttf
  4

1001
ACAD
1000
Open Sans
1071
34
  0
STYLE
  5
44
330
5
100
AcDbSymbolTableRecord
100
AcDbTextStyleTableRecord
  2
OpenSans-Italic
 70
0
 40
0.0
 41
1.0
 50
0.0
 71
0
 42
2.5
  3
OpenSans-Italic.ttf
  4

1001
ACAD
1000
Open Sans
1071
16777250
  0
STYLE
  5
45
330
5
100
AcDbSymbolTableRecord
100
AcDbTextStyleTableRecord
  2
OpenSans-SemiBold
 70
0
 40
0.0
 41
1.0
 50
0.0
 71
0
 42
2.5
  3
OpenSans-Semibold.ttf
  4

1001
ACAD
1000
Open Sans Semibold
1071
33554466
  0
STYLE
  5
46
330
5
100
AcDbSymbolTableRecord
100
AcDbTextStyleTableRecord
  2
OpenSans-SemiBoldItalic
 70
0
 40
0.0
 41
1.0
 50
0.0
 71
0
 42
2.5
  3
OpenSans-SemiboldItalic.ttf
  4

1001
ACAD
1000
Open Sans Semibold
1071
50331682
  0
STYLE
  5
47
330
5
100
AcDbSymbolTableRecord
100
AcDbTextStyleTableRecord
  2
OpenSans-Bold
 70
0
 40
0.0
 41
1.0
 50
0.0
 71
0
 42
2.5
  3
OpenSans-Bold.ttf
  4

1001
ACAD
1000
Open Sans
1071
33554466
  0
STYLE
  5
48
330
5
100
AcDbSymbolTableRecord
100
AcDbTextStyleTableRecord
  2
OpenSans-BoldItalic
 70
0
 40
0.0
 41
1.0
 50
0.0
 71
0
 42
2.5
  3
OpenSans-BoldItalic.ttf
  4

1001
ACAD
1000
Open Sans
1071
50331682
  0
STYLE
  5
49
330
5
100
AcDbSymbolTableRecord
100
AcDbTextStyleTableRecord
  2
OpenSans-ExtraBold
 70
0
 40
0.0
 41
1.0
 50
0.0
 71
0
 42
2.5
  3
OpenSans-ExtraBold.ttf
  4

1001
ACAD
1000
Open Sans Extrabold
1071
33554466
  0
STYLE
  5
4A
330
5
100
AcDbSymbolTableRecord
100
AcDbTextStyleTableRecord
  2
OpenSans-ExtraBoldItalic
 70
0
 40
0.0
 41
1.0
 50
0.0
 71
0
 42
2.5
  3
OpenSans-ExtraBoldItalic.ttf
  4

1001
ACAD
1000
Open Sans Extrabold
1071
50331682
  0
STYLE
  5
4B
330
5
100
AcDbSymbolTableRecord
100
AcDbTextStyleTableRecord
  2
OpenSansCondensed-Bold
 70
0
 40
0.0
 41
1.0
 50
0.0
 71
0
 42
2.5
  3
OpenSansCondensed-Bold.ttf
  4

1001
ACAD
1000
OpenSansCondensed-Bold
1071
34
  0
STYLE
  5
4C
330
5
100
AcDbSymbolTableRecord
100
AcDbTextStyleTableRecord
  2
OpenSansCondensed-Light
 70
0
 40
0.0
 41
1.0
 50
0.0
 71
0
 42
2.5
  3
OpenSansCondensed-Light.ttf
  4

1001
ACAD
1000
OpenSansCondensed-Light
1071
34
  0
STYLE
  5
4D
330
5
100
AcDbSymbolTableRecord
100
AcDbTextStyleTableRecord
  2
OpenSansCondensed-Italic
 70
0
 40
0.0
 41
1.0
 50
0.0
 71
0
 42
2.5
  3
OpenSansCondensed-LightItalic.ttf
  4

1001
ACAD
1000
OpenSansCondensed-LightItalic
1071
34
  0
STYLE
  5
4E
330
5
100
AcDbSymbolTableRecord
100
AcDbTextStyleTableRecord
  2
LiberationSans
 70
0
 40
0.0
 41
1.0
 50
0.0
 71
0
 42
2.5
  3
LiberationSans-Regular.ttf
  4

1001
ACAD
1000
LiberationSans-Regular
1071
34
  0
STYLE
  5
4F
330
5
100
AcDbSymbolTableRecord
100
AcDbTextStyleTableRecord
  2
LiberationSans-Bold
 70
0
 40
0.0
 41
1.0
 50
0.0
 71
0
 42
2.5
  3
LiberationSans-Bold.ttf
  4

1001
ACAD
1000
LiberationSans-Bold
1071
34
  0
STYLE
  5
50
330
5
100
AcDbSymbolTableRecord
100
AcDbTextStyleTableRecord
  2
LiberationSans-BoldItalic
 70
0
 40
0.0
 41
1.0
 50
0.0
 71
0
 42
2.5
  3
LiberationSans-BoldItalic.ttf
  4

1001
ACAD
1000
LiberationSans-BoldItalic
1071
34
  0
STYLE
  5
51
330
5
100
AcDbSymbolTableRecord
100
AcDbTextStyleTableRecord
  2
LiberationSans-Italic
 70
0
 40
0.0
 41
1.0
 50
0.0
 71
0
 42
2.5
  3
LiberationSans-Italic.ttf
  4

1001
ACAD
1000
LiberationSans-Italic
1071
34
  0
STYLE
  5
52
330
5
100
AcDbSymbolTableRecord
100
AcDbTextStyleTableRecord
  2
LiberationSerif
 70
0
 40
0.0
 41
1.0
 50
0.0
 71
0
 42
2.5
  3
LiberationSerif-Regular.ttf
  4

1001
ACAD
1000
LiberationSerif-Regular
1071
34
  0
STYLE
  5
53
330
5
100
AcDbSymbolTableRecord
100
AcDbTextStyleTableRecord
  2
LiberationSerif-Bold
 70
0
 40
0.0
 41
1.0
 50
0.0
 71
0
 42
2.5
  3
LiberationSerif-Bold.ttf
  4

1001
ACAD
1000
LiberationSerif-Bold
1071
34
  0
STYLE
  5
54
330
5
100
AcDbSymbolTableRecord
100
AcDbTextStyleTableRecord
  2
LiberationSerif-BoldItalic
 70
0
 40
0.0
 41
1.0
 50
0.0
 71
0
 42
2.5
  3
LiberationSerif-BoldItalic.ttf
  4

1001
ACAD
1000
LiberationSerif-BoldItalic
1071
34
  0
STYLE
  5
55
330
5
100
AcDbSymbolTableRecord
100
AcDbTextStyleTableRecord
  2
LiberationSerif-Italic
 70
0
 40
0.0
 41
1.0
 50
0.0
 71
0
 42
2.5
  3
LiberationSerif-Italic.ttf
  4

1001
ACAD
1000
LiberationSerif-Italic
1071
34
  0
STYLE
  5
56
330
5
100
AcDbSymbolTableRecord
100
AcDbTextStyleTableRecord
  2
LiberationMono
 70
0
 40
0.0
 41
1.0
 50
0.0
 71
0
 42
2.5
  3
LiberationMono-Regular.ttf
  4

1001
ACAD
1000
LiberationMono-Regular
1071
34
  0
STYLE
  5
57
330
5
100
AcDbSymbolTableRecord
100
AcDbTextStyleTableRecord
  2
LiberationMono-Bold
 70
0
 40
0.0
 41
1.0
 50
0.0
 71
0
 42
2.5
  3
LiberationMono-Bold.ttf
  4

1001
ACAD
1000
LiberationMono-Bold
1071
34
  0
STYLE
  5
58
330
5
100
AcDbSymbolTableRecord
100
AcDbTextStyleTableRecord
  2
LiberationMono-BoldItalic
 70
0
 40
0.0
 41
1.0
 50
0.0
 71
0
 42
2.5
  3
LiberationMono-BoldItalic.ttf
  4

1001
ACAD
1000
LiberationMono-BoldItalic
1071
34
  0
STYLE
  5
59
330
5
100
AcDbSymbolTableRecord
100
AcDbTextStyleTableRecord
  2
LiberationMono-Italic
 70
0
 40
0.0
 41
1.0
 50
0.0
 71
0
 42
2.5
  3
LiberationMono-Italic.ttf
  4

1001
ACAD
1000
LiberationMono-Italic
1071
34
  0
STYLE
  5
8A
330
5
100
AcDbSymbolTableRecord
100
AcDbTextStyleTableRecord
  2
KUBIEC
 70
0
 40
0.0
 41
1.0
 50
0.0
 71
0
 42
2.5
  3
romans.shx
  4

  0
ENDTAB
  0
TABLE
  2
VIEW
  5
39B
330
0
100
AcDbSymbolTable
 70
0
  0
ENDTAB
  0
TABLE
  2
UCS
  5
39A
330
0
100
AcDbSymbolTable
 70
0
  0
ENDTAB
  0
TABLE
  2
APPID
  5
3
330
0
100
AcDbSymbolTable
 70
4
  0
APPID
  5
2A
330
3
100
AcDbSymbolTableRecord
100
AcDbRegAppTableRecord
  2
ACAD
 70
0
  0
APPID
  5
369
330
3
100
AcDbSymbolTableRecord
100
AcDbRegAppTableRecord
  2
HATCHBACKGROUNDCOLOR
 70
0
  0
APPID
  5
36A
330
3
100
AcDbSymbolTableRecord
100
AcDbRegAppTableRecord
  2
EZDXF
 70
0
  0
APPID
  5
393
330
3
100
AcDbSymbolTableRecord
100
AcDbRegAppTableRecord
  2
ACAD_NAV_VCDISPLAY
 70
0
  0
ENDTAB
  0
TABLE
  2
DIMSTYLE
  5
4
330
0
100
AcDbSymbolTable
 70
13
100
AcDbDimStyleTable
  0
DIMSTYLE
105
2B
330
4
100
AcDbSymbolTableRecord
100
AcDbDimStyleTableRecord
  2
Standard
 70
0
 40
1.0
 41
2.5
 42
0.625
 43
3.75
 44
1.25
 45
0.0
 46
0.0
 47
0.0
 48
0.0
 49
2.5
 50
45.0
140
2.5
141
2.5
142
0.0
143
0.03937007874
144
1.0
145
0.0
146
1.0
147
0.625
148
0.0
 69
0
 70
0
 71
0
 72
0
 73
0
 74
0
 75
0
 76
0
 77
1
 78
8
 79
3
170
0
171
3
172
1
173
0
174
0
175
0
176
-1056964608
177
-1056964608
178
-1056964608
179
2
271
2
272
2
273
2
274
3
275
0
276
0
277
2
278
44
279
0
280
0
281
0
282
0
283
0
284
8
285
0
286
0
288
0
289
3
290
0
371
-2
372
-2
  0
DIMSTYLE
105
73
330
4
100
AcDbSymbolTableRecord
100
AcDbDimStyleTableRecord
  2
EZDXF
 70
0
 40
1.0
 41
0.175
 42
0.125
 43
3.75
 44
0.375
 45
0.0
 46
0.0
 47
0.0
 48
0.0
 49
2.5
 50
45.0
140
0.25
141
2.5
142
0.0
143
0.03937007874
144
100.0
145
0.0
146
0.5
147
0.1
148
0.0
 69
0
 70
0
 71
0
 72
0
 73
0
 74
0
 75
0
 76
0
 77
1
 78
12
 79
3
170
0
171
3
172
1
173
0
174
0
175
0
176
-1056964608
177
-1056964608
178
-1056964608
179
2
271
2
272
2
273
2
274
3
275
0
276
0
277
2
278
46
279
2
280
0
281
0
282
0
283
0
284
8
285
0
286
0
288
1
289
3
290
0
340
4C
342
74
371
-2
372
-2
  0
DIMSTYLE
105
7C
330
4
100
AcDbSymbolTableRecord
100
AcDbDimStyleTableRecord
  2
EZ_M_100_H25_CM
 70
0
 40
1.0
 41
0.25
 42
0.125
 43
3.75
 44
0.375
 45
0.0
 46
0.0
 47
0.0
 48
0.0
 49
2.5
 50
45.0
140
0.25
141
2.5
142
0.125
143
0.03937007874
144
100.0
145
0.0
146
0.5
147
0.1
148
0.0
 69
0
 70
0
 71
0
 72
0
 73
0
 74
0
 75
0
 76
0
 77
1
 78
12
 79
3
170
0
171
3
172
1
173
0
174
0
175
0
176
-1056964608
177
-1056964608
178
-1056964608
179
2
271
2
272
2
273
2
274
3
275
0
276
0
277
2
278
46
279
2
280
0
281
0
282
0
283
0
284
8
285
0
286
0
288
1
289
3
290
0
340
4C
371
-2
372
-2
  0
DIMSTYLE
105
7D
330
4
100
AcDbSymbolTableRecord
100
AcDbDimStyleTableRecord
  2
EZ_M_50_H25_CM
 70
0
 40
1.0
 41
0.125
 42
0.0625
 43
3.75
 44
0.1875
 45
0.0
 46
0.0
 47
0.0
 48
0.0
 49
2.5
 50
45.0
140
0.125
141
2.5
142
0.0625
143
0.03937007874
144
100.0
145
0.0
146
0.5
147
0.05
148
0.0
 69
0
 70
0
 71
0
 72
0
 73
0
 74
0
 75
0
 76
0
 77
1
 78
12
 79
3
170
0
171
3
172
1
173
0
174
0
175
0
176
-1056964608
177
-1056964608
178
-1056964608
179
2
271
2
272
2
273
2
274
3
275
0
276
0
277
2
278
46
279
2
280
0
281
0
282
0
283
0
284
8
285
0
286
0
288
1
289
3
290
0
340
4C
371
-2
372
-2
  0
DIMSTYLE
105
7E
330
4
100
AcDbSymbolTableRecord
100
AcDbDimStyleTableRecord
  2
EZ_M_25_H25_CM
 70
0
 40
1.0
 41
0.0625
 42
0.03125
 43
3.75
 44
0.09375
 45
0.0
 46
0.0
 47
0.0
 48
0.0
 49
2.5
 50
45.0
140
0.0625
141
2.5
142
0.03125
143
0.03937007874
144
100.0
145
0.0
146
0.5
147
0.025
148
0.0
 69
0
 70
0
 71
0
 72
0
 73
0
 74
0
 75
0
 76
0
 77
1
 78
12
 79
3
170
0
171
3
172
1
173
0
174
0
175
0
176
-1056964608
177
-1056964608
178
-1056964608
179
2
271
2
272
2
273
2
274
3
275
0
276
0
277
2
278
46
279
2
280
0
281
0
282
0
283
0
284
8
285
0
286
0
288
1
289
3
290
0
340
4C
371
-2
372
-2
  0
DIMSTYLE
105
7F
330
4
100
AcDbSymbolTableRecord
100
AcDbDimStyleTableRecord
  2
EZ_M_20_H25_CM
 70
0
 40
1.0
 41
0.05
 42
0.025
 43
3.75
 44
0.07500000000000001
 45
0.0
 46
0.0
 47
0.0
 48
0.0
 49
2.5
 50
45.0
140
0.05
141
2.5
142
0.025
143
0.03937007874
144
100.0
145
0.0
146
0.5
147
0.02
148
0.0
 69
0
 70
0
 71
0
 72
0
 73
0
 74
0
 75
0
 76
0
 77
1
 78
12
 79
3
170
0
171
3
172
1
173
0
174
0
175
0
176
-1056964608
177
-1056964608
178
-1056964608
179
2
271
2
272
2
273
2
274
3
275
0
276
0
277
2
278
46
279
2
280
0
281
0
282
0
283
0
284
8
285
0
286
0
288
1
289
3
290
0
340
4C
371
-2
372
-2
  0
DIMSTYLE
105
80
330
4
100
AcDbSymbolTableRecord
100
AcDbDimStyleTableRecord
  2
EZ_M_10_H25_CM
 70
0
 40
1.0
 41
0.025
 42
0.0125
 43
3.75
 44
0.03750000000000001
 45
0.0
 46
0.0
 47
0.0
 48
0.0
 49
2.5
 50
45.0
140
0.025
141
2.5
142
0.0125
143
0.03937007874
144
100.0
145
0.0
146
0.5
147
0.01
148
0.0
 69
0
 70
0
 71
0
 72
0
 73
0
 74
0
 75
0
 76
0
 77
1
 78
12
 79
3
170
0
171
3
172
1
173
0
174
0
175
0
176
-1056964608
177
-1056964608
178
-1056964608
179
2
271
2
272
2
273
2
274
3
275
0
276
0
277
2
278
46
279
2
280
0
281
0
282
0
283
0
284
8
285
0
286
0
288
1
289
3
290
0
340
4C
371
-2
372
-2
  0
DIMSTYLE
105
81
330
4
100
AcDbSymbolTableRecord
100
AcDbDimStyleTableRecord
  2
EZ_M_5_H25_CM
 70
0
 40
1.0
 41
0.0125
 42
0.00625
 43
3.75
 44
0.01875
 45
0.0
 46
0.0
 47
0.0
 48
0.0
 49
2.5
 50
45.0
140
0.0125
141
2.5
142
0.00625
143
0.03937007874
144
100.0
145
0.0
146
0.5
147
0.005000000000000001
148
0.0
 69
0
 70
0
 71
0
 72
0
 73
0
 74
0
 75
0
 76
0
 77
1
 78
12
 79
3
170
0
171
3
172
1
173
0
174
0
175
0
176
-1056964608
177
-1056964608
178
-1056964608
179
2
271
2
272
2
273
2
274
3
275
0
276
0
277
2
278
46
279
2
280
0
281
0
282
0
283
0
284
8
285
0
286
0
288
1
289
3
290
0
340
4C
371
-2
372
-2
  0
DIMSTYLE
105
82
330
4
100
AcDbSymbolTableRecord
100
AcDbDimStyleTableRecord
  2
EZ_M_1_H25_CM
 70
0
 40
1.0
 41
0.0025
 42
0.00125
 43
3.75
 44
0.00375
 45
0.0
 46
0.0
 47
0.0
 48
0.0
 49
2.5
 50
45.0
140
0.0025
141
2.5
142
0.00125
143
0.03937007874
144
100.0
145
0.0
146
0.5
147
0.001
148
0.0
 69
0
 70
0
 71
0
 72
0
 73
0
 74
0
 75
0
 76
0
 77
1
 78
12
 79
3
170
0
171
3
172
1
173
0
174
0
175
0
176
-1056964608
177
-1056964608
178
-1056964608
179
2
271
2
272
2
273
2
274
3
275
0
276
0
277
2
278
46
279
2
280
0
281
0
282
0
283
0
284
8
285
0
286
0
288
1
289
3
290
0
340
4C
371
-2
372
-2
  0
DIMSTYLE
105
83
330
4
100
AcDbSymbolTableRecord
100
AcDbDimStyleTableRecord
  2
EZ_RADIUS
 70
0
 40
1.0
 41
0.25
 42
0.125
 43
3.75
 44
0.375
 45
0.0
 46
0.0
 47
0.0
 48
0.0
 49
2.5
 50
45.0
140
0.25
141
2.5
142
0.0
143
0.03937007874
144
100.0
145
0.0
146
0.5
147
0.1
148
0.0
 69
0
 70
0
 71
0
 72
0
 73
0
 74
0
 75
0
 76
0
 77
1
 78
12
 79
3
170
0
171
3
172
1
173
0
174
0
175
0
176
-1056964608
177
-1056964608
178
-1056964608
179
2
271
2
272
2
273
2
274
3
275
0
276
0
277
2
278
46
279
1
280
0
281
0
282
0
283
0
284
8
285
0
286
0
288
1
289
3
290
0
340
4C
342
84
371
-2
372
-2
  0
DIMSTYLE
105
88
330
4
100
AcDbSymbolTableRecord
100
AcDbDimStyleTableRecord
  2
EZ_RADIUS_INSIDE
 70
0
 40
1.0
 41
0.25
 42
0.125
 43
3.75
 44
0.375
 45
0.0
 46
0.0
 47
0.0
 48
0.0
 49
2.5
 50
45.0
140
0.25
141
2.5
142
0.0
143
0.03937007874
144
100.0
145
0.0
146
0.5
147
0.1
148
0.0
 69
0
 70
0
 71
0
 72
0
 73
0
 74
0
 75
0
 76
0
 77
1
 78
12
 79
3
170
0
171
3
172
1
173
0
174
1
175
0
176
-1056964608
177
-1056964608
178
-1056964608
179
2
271
2
272
2
273
2
274
3
275
0
276
0
277
2
278
46
279
0
280
0
281
0
282
0
283
0
284
8
285
0
286
0
288
1
289
3
290
0
340
4C
342
84
371
-2
372
-2
  0
DIMSTYLE
105
89
330
4
100
AcDbSymbolTableRecord
100
AcDbDimStyleTableRecord
  2
EZ_CURVED
 70
0
 40
1.0
 41
0.25
 42
0.125
 43
3.75
 44
0.375
 45
0.0
 46
0.0
 47
0.0
 48
0.0
 49
2.5
 50
45.0
140
0.25
141
2.5
142
0.0
143
0.03937007874
144
100.0
145
0.0
146
0.5
147
0.1
148
0.0
 69
0
 70
0
 71
0
 72
0
 73
0
 74
0
 75
0
 76
0
 77
1
 78
12
 79
2
 90
2
170
0
171
3
172
1
173
0
174
0
175
0
176
-1056964608
177
-1056964608
178
-1056964608
179
2
271
2
272
2
273
2
274
3
275
0
276
0
277
2
278
46
279
2
280
0
281
0
282
0
283
0
284
8
285
0
286
0
288
1
289
3
290
0
340
4C
371
-2
372
-2
  0
DIMSTYLE
105
A4
330
4
100
AcDbSymbolTableRecord
100
AcDbDimStyleTableRecord
  2
KUB
 70
0
 40
1.0
 41
2.5
 42
0.1
 43
3.75
 44
0.1
 45
0.0
 46
0.0
 47
0.0
 48
0.0
 49
2.5
 50
45.0
140
0.18
141
2.5
142
0.1
143
0.03937007874
144
1.0
145
0.0
146
1.0
147
0.06
148
0.0
 69
0
 70
0
 71
0
 72
0
 73
0
 74
0
 75
0
 76
0
 77
1
 78
8
 79
3
170
0
171
3
172
1
173
0
174
0
175
0
176
-1023410169
177
-1023410169
178
-1023410169
179
2
271
2
272
2
273
2
274
3
275
0
276
0
277
2
278
46
279
0
280
0
281
0
282
0
283
0
284
8
285
0
286
0
288
0
289
3
290
0
340
8A
371
-2
372
-2
  0
ENDTAB
  0
TABLE
  2
BLOCK_RECORD
  5
9
330
0
100
AcDbSymbolTable
 70
5
  0
BLOCK_RECORD
  5
17
330
9
100
AcDbSymbolTableRecord
100
AcDbBlockTableRecord
  2
*Model_Space
340
1A
 70
0
280
1
281
0
  0
BLOCK_RECORD
  5
1B
330
9
100
AcDbSymbolTableRecord
100
AcDbBlockTableRecord
  2
*Paper_Space
340
1E
 70
0
280
1
281
0
  0
BLOCK_RECORD
  5
74
330
9
100
AcDbSymbolTableRecord
100
AcDbBlockTableRecord
  2
_ARCHTICK
340
0
 70
0
280
1
281
0
  0
BLOCK_RECORD
  5
78
330
9
100
AcDbSymbolTableRecord
100
AcDbBlockTableRecord
  2
_CLOSEDFILLED
340
0
 70
0
280
1
281
0
  0
BLOCK_RECORD
  5
84
330
9
100
AcDbSymbolTableRecord
100
AcDbBlockTableRecord
  2
_CLOSEDBLANK
340
0
 70
0
280
1
281
0
  0
ENDTAB
  0
ENDSEC
  0
SECTION
  2
BLOCKS
  0
BLOCK
  5
18
330
17
100
AcDbEntity
  8
0
100
AcDbBlockBegin
  2
*Model_Space
 70
0
 10
0.0
 20
0.0
 30
0.0
  3
*Model_Space
  1

  0
ENDBLK
  5
19
330
17
100
AcDbEntity
  8
0
100
AcDbBlockEnd
  0
BLOCK
  5
1C
330
1B
100
AcDbEntity
 67
1
  8
0
100
AcDbBlockBegin
  2
*Paper_Space
 70
0
 10
0.0
 20
0.0
 30
0.0
  3
*Paper_Space
  1

  0
ENDBLK
  5
1D
330
1B
100
AcDbEntity
 67
1
  8
0
100
AcDbBlockEnd
  0
BLOCK
  5
75
330
74
100
AcDbEntity
  8
0
100
AcDbBlockBegin
  2
_ARCHTICK
 70
0
 10
0.0
 20
0.0
 30
0.0
  3
_ARCHTICK
  1

  0
LWPOLYLINE
  5
77
330
74
100
AcDbEntity
  8
0
  6
ByBlock
 62
0
390
20
100
AcDbPolyline
 90
2
 70
0
 43
0.15
 10
-0.5
 20
-0.5
 10
0.5
 20
0.5
  0
ENDBLK
  5
76
330
74
100
AcDbEntity
  8
0
100
AcDbBlockEnd
  0
BLOCK
  5
79
330
78
100
AcDbEntity
  8
0
100
AcDbBlockBegin
  2
_CLOSEDFILLED
 70
0
 10
0.0
 20
0.0
 30
0.0
  3
_CLOSEDFILLED
  1

  0
SOLID
  5
7B
330
78
100
AcDbEntity
  8
0
  6
ByBlock
 62
0
390
20
100
AcDbTrace
 10
-1.0
 20
0.1643989837240253
 30
0.0
 11
0.0
 21
0.0
 31
0.0
 12
-1.0
 22
-0.1643989837240253
 32
0.0
 13
-1.0
 23
-0.1643989837240253
 33
0.0
  0
ENDBLK
  5
7A
330
78
100
AcDbEntity
  8
0
100
AcDbBlockEnd
  0
BLOCK
  5
85
330
84
100
AcDbEntity
  8
0
100
AcDbBlockBegin
  2
_CLOSEDBLANK
 70
0
 10
0.0
 20
0.0
 30
0.0
  3
_CLOSEDBLANK
  1

  0
LWPOLYLINE
  5
87
330
84
100
AcDbEntity
  8
0
  6
ByBlock
 62
0
390
20
100
AcDbPolyline
 90
3
 70
1
 10
-1.0
 20
0.1643989837240253
 10
0.0
 20
0.0
 10
-1.0
 20
-0.1643989837240253
  0
ENDBLK
  5
86
330
84
100
AcDbEntity
  8
0
100
AcDbBlockEnd
  0
ENDSEC
  0
SECTION
  2
ENTITIES
  0
LWPOLYLINE
  5
A5
330
17
100
AcDbEntity
  8
BORDER_LIMITS
100
AcDbPolyline
 90
4
 70
1
 10
0.0
 20
0.0
 10
84.0
 20
0.0
 10
84.0
 20
59.4
 10
0.0
 20
59.4
  0
LWPOLYLINE
  5
A6
330
17
100
AcDbEntity
  8
DRAWING_BORDER
100
AcDbPolyline
 90
4
 70
1
 10
1.0
 20
1.0
 10
83.0
 20
1.0
 10
83.0
 20
58.4
 10
1.0
 20
58.4
  0
LINE
  5
A7
330
17
100
AcDbEntity
  8
FORMATO
100
AcDbLine
 10
83.0
 20
10.677
 30
0.0
 11
68.484
 21
10.677
 31
0.0
  0
LINE
  5
A8
330
17
100
AcDbEntity
  8
FORMATO
100
AcDbLine
 10
68.484
 20
1.0
 30
0.0
 11
68.484
 21
46.23199999999999
 31
0.0
  0
LINE
  5
A9
330
17
100
AcDbEntity
  8
FORMATO
100
AcDbLine
 10
68.484
 20
11.839
 30
0.0
 11
83.0
 21
11.839
 31
0.0
  0
LINE
  5
AA
330
17
100
AcDbEntity
  8
FORMATO
100
AcDbLine
 10
72.11299999999999
 20
11.839
 30
0.0
 11
72.11299999999999
 21
10.677
 31
0.0
  0
LINE
  5
AB
330
17
100
AcDbEntity
  8
FORMATO
100
AcDbLine
 10
79.371
 20
11.839
 30
0.0
 11
79.371
 21
10.677
 31
0.0
  0
LINE
  5
AC
330
17
100
AcDbEntity
  8
FORMATO
100
AcDbLine
 10
68.484
 20
10.677
 30
0.0
 11
83.0
 21
10.677
 31
0.0
  0
LINE
  5
AD
330
17
100
AcDbEntity
  8
FORMATO
100
AcDbLine
 10
68.484
 20
16.387
 30
0.0
 11
83.0
 21
16.387
 31
0.0
  0
LINE
  5
AE
330
17
100
AcDbEntity
  8
FORMATO
100
AcDbLine
 10
75.74199999999999
 20
11.839
 30
0.0
 11
75.74199999999999
 21
10.677
 31
0.0
  0
LINE
  5
AF
330
17
100
AcDbEntity
  8
FORMATO
100
AcDbLine
 10
83.0
 20
16.387
 30
0.0
 11
68.484
 21
16.387
 31
0.0
  0
LINE
  5
B0
330
17
100
AcDbEntity
  8
FORMATO
100
AcDbLine
 10
83.0
 20
13.29
 30
0.0
 11
68.484
 21
13.29
 31
0.0
  0
LINE
  5
B1
330
17
100
AcDbEntity
  8
FORMATO
100
AcDbLine
 10
83.0
 20
17.839
 30
0.0
 11
68.484
 21
17.839
 31
0.0
  0
LINE
  5
B2
330
17
100
AcDbEntity
  8
FORMATO
100
AcDbLine
 10
83.0
 20
19.774
 30
0.0
 11
68.484
 21
19.774
 31
0.0
  0
LINE
  5
B3
330
17
100
AcDbEntity
  8
FORMATO
100
AcDbLine
 10
83.0
 20
46.23199999999999
 30
0.0
 11
68.484
 21
46.23199999999999
 31
0.0
  0
LINE
  5
B4
330
17
100
AcDbEntity
  8
_DATEC
100
AcDbLine
 10
72.66799999999999
 20
14.671
 30
0.0
 11
77.383
 21
14.671
 31
0.0
  0
LINE
  5
B5
330
17
100
AcDbEntity
  8
FORMATO
100
AcDbLine
 10
72.307
 20
13.29
 30
0.0
 11
72.307
 21
16.387
 31
0.0
  0
LINE
  5
B6
330
17
100
AcDbEntity
  8
FORMATO
100
AcDbLine
 10
77.931
 20
13.29
 30
0.0
 11
77.931
 21
16.387
 31
0.0
  0
LINE
  5
B7
330
17
100
AcDbEntity
  8
_DATEC
100
AcDbLine
 10
78.214
 20
14.671
 30
0.0
 11
82.92999999999999
 21
14.671
 31
0.0
  0
LWPOLYLINE
  5
B8
330
17
100
AcDbEntity
  8
FORMATO
100
AcDbPolyline
 90
3
 70
0
 10
83.0
 20
19.774
 10
83.0
 20
1.0
 10
68.484
 20
1.0
  0
LINE
  5
B9
330
17
100
AcDbEntity
  8
FORMATO
100
AcDbLine
 10
83.484
 20
29.258
 30
0.0
 11
83.00399999999999
 21
29.258
 31
0.0
  0
TEXT
  5
BA
330
17
100
AcDbEntity
  8
_DATEC
100
AcDbText
 10
68.884
 20
10.17833333333333
 30
0.0
 40
0.16
  1
SELLOS MUNICIPALES:
  7
KUBIEC
 11
68.884
 21
10.125
 31
0.0
100
AcDbText
 73
1
  0
TEXT
  5
BB
330
17
100
AcDbEntity
  8
_DATEC
100
AcDbText
 10
79.585
 20
11.56133333333333
 30
0.0
 40
0.127
  1
PLANO Nº:
  7
KUBIEC
 11
79.585
 21
11.519
 31
0.0
100
AcDbText
 73
1
  0
TEXT
  5
BC
330
17
100
AcDbEntity
  8
_DATEC
100
AcDbText
 10
72.28699999999999
 20
11.56133333333333
 30
0.0
 40
0.127
  1
ESCALA:
  7
KUBIEC
 11
72.28699999999999
 21
11.519
 31
0.0
100
AcDbText
 73
1
  0
TEXT
  5
BD
330
17
100
AcDbEntity
  8
_DATEC
100
AcDbText
 10
75.88799999999999
 20
11.56133333333333
 30
0.0
 40
0.127
  1
FECHA:
  7
KUBIEC
 11
75.88799999999999
 21
11.519
 31
0.0
100
AcDbText
 73
1
  0
TEXT
  5
BE
330
17
100
AcDbEntity
  8
_DATEC
100
AcDbText
 10
68.547
 20
13.01533333333333
 30
0.0
 40
0.127
  1
PROPIETARIO:
  7
KUBIEC
 11
68.547
 21
12.973
 31
0.0
100
AcDbText
 73
1
  0
TEXT
  5
BF
330
17
100
AcDbEntity
  8
_DATEC
100
AcDbText
 10
68.585
 20
10.98733333333333
 30
0.0
 40
0.127
  1
MARCELO SEMBLANTES
  7
KUBIEC
 11
68.585
 21
10.945
 31
0.0
100
AcDbText
 73
1
  0
TEXT
  5
C0
330
17
100
AcDbEntity
  8
_DATEC
100
AcDbText
 10
72.597
 20
16.11033333333333
 30
0.0
 40
0.127
  1
DISEÑO ESTRUCTURAL:
  7
KUBIEC
 11
72.597
 21
16.068
 31
0.0
100
AcDbText
 73
1
  0
TEXT
  5
C1
330
17
100
AcDbEntity
  8
_DATEC
100
AcDbText
 10
73.69533333333332
 20
14.45333333333333
 30
0.0
 40
0.127
  1
ING. MARCELO SEMBLANTES V.
  7
KUBIEC
 72
1
 11
75.17699999999999
 21
14.411
 31
0.0
100
AcDbText
 73
1
  0
TEXT
  5
C2
330
17
100
AcDbEntity
  8
_DATEC
100
AcDbText
 10
74.0595
 20
14.15166666666667
 30
0.0
 40
0.113
  1
MAGÍSTER EN INGENIERÍA
  7
KUBIEC
 72
1
 11
75.133
 21
14.114
 31
0.0
100
AcDbText
 73
1
  0
TEXT
  5
C3
330
17
100
AcDbEntity
  8
_DATEC
100
AcDbText
 10
73.54092857142855
 20
13.53566666666667
 30
0.0
 40
0.113
  1
R. SENESCYT: 7402-R-16-28686
  7
KUBIEC
 72
1
 11
75.13099999999999
 21
13.498
 31
0.0
100
AcDbText
 73
1
  0
TEXT
  5
C4
330
17
100
AcDbEntity
  8
_DATEC
100
AcDbText
 10
73.94380952380952
 20
13.84466666666667
 30
0.0
 40
0.113
  1
ESTRUCTURAL Y GEOTECNIA
  7
KUBIEC
 72
1
 11
75.133
 21
13.807
 31
0.0
100
AcDbText
 73
1
  0
TEXT
  5
C5
330
17
100
AcDbEntity
  8
_DATEC
100
AcDbText
 10
78.14299999999999
 20
16.11033333333333
 30
0.0
 40
0.127
  1
REVISADO POR:
  7
KUBIEC
 11
78.14299999999999
 21
16.068
 31
0.0
100
AcDbText
 73
1
  0
TEXT
  5
C6
330
17
100
AcDbEntity
  8
_DATEC
100
AcDbText
 10
79.63442857142856
 20
14.45333333333333
 30
0.0
 40
0.127
  1
ING. HENRY VILLÓN B.
  7
KUBIEC
 72
1
 11
80.72299999999998
 21
14.411
 31
0.0
100
AcDbText
 73
1
  0
TEXT
  5
C7
330
17
100
AcDbEntity
  8
_DATEC
100
AcDbText
 10
79.65192857142857
 20
14.15166666666667
 30
0.0
 40
0.113
  1
MASTER EN CIENCIAS
  7
KUBIEC
 72
1
 11
80.564
 21
14.114
 31
0.0
100
AcDbText
 73
1
  0
TEXT
  5
C8
330
17
100
AcDbEntity
  8
_DATEC
100
AcDbText
 10
79.35088095238095
 20
13.53566666666667
 30
0.0
 40
0.113
  1
R. SENESCYT: 7241138502
  7
KUBIEC
 72
1
 11
80.532
 21
13.498
 31
0.0
100
AcDbText
 73
1
  0
TEXT
  5
C9
330
17
100
AcDbEntity
  8
_DATEC
100
AcDbText
 10
79.16495238095237
 20
13.84466666666667
 30
0.0
 40
0.113
  1
DE LA INGENIERIA ESTRUCTURAL
  7
KUBIEC
 72
1
 11
80.564
 21
13.807
 31
0.0
100
AcDbText
 73
1
  0
TEXT
  5
CA
330
17
100
AcDbEntity
  8
_DATEC
100
AcDbText
 10
68.62899999999999
 20
16.11033333333333
 30
0.0
 40
0.127
  1
CONTIENE:
  7
KUBIEC
 11
68.62899999999999
 21
16.068
 31
0.0
100
AcDbText
 73
1
  0
TEXT
  5
CB
330
17
100
AcDbEntity
  8
_DATEC
100
AcDbText
 10
74.69780952380952
 20
18.50466666666667
 30
0.0
 40
0.26
  1
CASA M-R
  7
KUBIEC
 72
1
 11
75.744
 21
18.418
 31
0.0
100
AcDbText
 73
1
  0
TEXT
  5
CC
330
17
100
AcDbEntity
  8
_DATEC
100
AcDbText
 10
76.544
 20
17.54033333333333
 30
0.0
 40
0.127
  1
CLAVE CATASTRAL: 20222-03-033
  7
KUBIEC
 11
76.544
 21
17.498
 31
0.0
100
AcDbText
 73
1
  0
TEXT
  5
CD
330
17
100
AcDbEntity
  8
_DATEC
100
AcDbText
 10
69.94399999999999
 20
17.11033333333333
 30
0.0
 40
0.127
  1
TUMBACO - QUITO - ECUADOR
  7
KUBIEC
 11
69.94399999999999
 21
17.068
 31
0.0
100
AcDbText
 73
1
  0
TEXT
  5
CE
330
17
100
AcDbEntity
  8
_DATEC
100
AcDbText
 10
68.514
 20
15.59033333333333
 30
0.0
 40
0.127
  1
- CUADRO DE COLUMNAS,
  7
KUBIEC
 11
68.514
 21
15.548
 31
0.0
100
AcDbText
 73
1
  0
TEXT
  5
CF
330
17
100
AcDbEntity
  8
_DATEC
100
AcDbText
 10
68.514
 20
15.29033333333333
 30
0.0
 40
0.127
  1
  SECCIONES Y VIGAS
  7
KUBIEC
 11
68.514
 21
15.248
 31
0.0
100
AcDbText
 73
1
  0
TEXT
  5
D0
330
17
100
AcDbEntity
  8
_DATEC
100
AcDbText
 10
68.684
 20
12.34033333333333
 30
0.0
 40
0.127
  1
SR. ALFREDO MORA
  7
KUBIEC
 11
68.684
 21
12.298
 31
0.0
100
AcDbText
 73
1
  0
TEXT
  5
D1
330
17
100
AcDbEntity
  8
_DATEC
100
AcDbText
 10
74.0965238095238
 20
10.99033333333333
 30
0.0
 40
0.127
  1
S/E
  7
KUBIEC
 72
1
 11
74.28399999999999
 21
10.948
 31
0.0
100
AcDbText
 73
1
  0
TEXT
  5
D2
330
17
100
AcDbEntity
  8
_DATEC
100
AcDbText
 10
77.14295238095238
 20
10.99033333333333
 30
0.0
 40
0.127
  1
2026-10-02
  7
KUBIEC
 72
1
 11
77.78399999999999
 21
10.948
 31
0.0
100
AcDbText
 73
1
  0
TEXT
  5
D3
330
17
100
AcDbEntity
  8
_DATEC
100
AcDbText
 10
80.92395238095237
 20
10.99033333333333
 30
0.0
 40
0.127
  1
E-10
  7
KUBIEC
 72
1
 11
81.184
 21
10.948
 31
0.0
100
AcDbText
 73
1
  0
TEXT
  5
D4
330
17
100
AcDbEntity
  8
05-EST-TEXTO
100
AcDbText
 10
68.884
 20
45.89466666666667
 30
0.0
 40
0.14
  1
ESPECIFICACIONES GENERALES: NORMAS DE DISEÑO: NEC (NEC-SE-DS, NEC-SE-AC, NEC-SE-HM, NEC-SE-GC), ACI 318-19, AISC 360-16, AISC
  7
KUBIEC
 41
0.85
 11
68.884
 21
45.848
 31
0.0
100
AcDbText
 73
1
  0
TEXT
  5
D5
330
17
100
AcDbEntity
  8
05-EST-TEXTO
100
AcDbText
 10
68.884
 20
45.65216666666667
 30
0.0
 40
0.14
  1
341-16 Y AWS D1.1.
  7
KUBIEC
 41
0.85
 11
68.884
 21
45.6055
 31
0.0
100
AcDbText
 73
1
  0
TEXT
  5
D6
330
17
100
AcDbEntity
  8
05-EST-TEXTO
100
AcDbText
 10
68.884
 20
45.40966666666667
 30
0.0
 40
0.14
  1
MATERIALES: ACERO ESTRUCTURAL ASTM A572 Gr.50 fy = 3515 kg/cm2 (COLUMNAS CAJÓN Y VIGAS VK); ASTM A36 fy = 2530 kg/cm2 (TUBOS
  7
KUBIEC
 41
0.85
 11
68.884
 21
45.363
 31
0.0
100
AcDbText
 73
1
  0
TEXT
  5
D7
330
17
100
AcDbEntity
  8
05-EST-TEXTO
100
AcDbText
 10
68.884
 20
45.16716666666667
 30
0.0
 40
0.14
  1
[]100X100X3).
  7
KUBIEC
 41
0.85
 11
68.884
 21
45.1205
 31
0.0
100
AcDbText
 73
1
  0
TEXT
  5
D8
330
17
100
AcDbEntity
  8
05-EST-TEXTO
100
AcDbText
 10
68.884
 20
44.92466666666667
 30
0.0
 40
0.14
  1
HORMIGÓN ARMADO f'c = 280 kg/cm2; ACERO DE REFUERZO fy = 4200 kg/cm2. RELLENO DE COLUMNAS CAJÓN: HORMIGÓN f'c >= 210 kg/cm2.
  7
KUBIEC
 41
0.85
 11
68.884
 21
44.878
 31
0.0
100
AcDbText
 73
1
  0
TEXT
  5
D9
330
17
100
AcDbEntity
  8
05-EST-TEXTO
100
AcDbText
 10
68.884
 20
44.68216666666667
 30
0.0
 40
0.14
  1
NOTAS GENERALES: LAS MEDIDAS ESTÁN INDICADAS EN METROS (m), EXCEPTO DONDE SE INDIQUE LO CONTRARIO. LAS MEDIDAS PREVALECEN SOBRE
  7
KUBIEC
 41
0.85
 11
68.884
 21
44.6355
 31
0.0
100
AcDbText
 73
1
  0
TEXT
  5
DA
330
17
100
AcDbEntity
  8
05-EST-TEXTO
100
AcDbText
 10
68.884
 20
44.43966666666667
 30
0.0
 40
0.14
  1
LA ESCALA DEL DIBUJO.
  7
KUBIEC
 41
0.85
 11
68.884
 21
44.393
 31
0.0
100
AcDbText
 73
1
  0
TEXT
  5
DB
330
17
100
AcDbEntity
  8
05-EST-TEXTO
100
AcDbText
 10
68.884
 20
44.19716666666667
 30
0.0
 40
0.14
  1
LOS PLANOS ARQUITECTÓNICOS RIGEN SOBRE LOS ESTRUCTURALES EN CUANTO A TRAZO, DIMENSIONES Y NIVELES. CUALQUIER DISCREPANCIA DEBERÁ
  7
KUBIEC
 41
0.85
 11
68.884
 21
44.1505
 31
0.0
100
AcDbText
 73
1
  0
TEXT
  5
DC
330
17
100
AcDbEntity
  8
05-EST-TEXTO
100
AcDbText
 10
68.884
 20
43.95466666666666
 30
0.0
 40
0.14
  1
SER NOTIFICADA AL PROYECTISTA O SUPERVISOR.
  7
KUBIEC
 41
0.85
 11
68.884
 21
43.90799999999999
 31
0.0
100
AcDbText
 73
1
  0
TEXT
  5
DD
330
17
100
AcDbEntity
  8
05-EST-TEXTO
100
AcDbText
 10
68.884
 20
43.71216666666666
 30
0.0
 40
0.14
  1
SEGÚN ESTUDIO DE SUELOS GEO-2026-0915-193: CAPACIDAD ADMISIBLE qadm = 24.0 Ton/m2 (FS = 3.0); PROFUNDIDAD DE DESPLANTE Df >=
  7
KUBIEC
 41
0.85
 11
68.884
 21
43.66549999999999
 31
0.0
100
AcDbText
 73
1
  0
TEXT
  5
DE
330
17
100
AcDbEntity
  8
05-EST-TEXTO
100
AcDbText
 10
68.884
 20
43.46966666666666
 30
0.0
 40
0.14
  1
1.40 m MEDIDA DESDE EL NPT.
  7
KUBIEC
 41
0.85
 11
68.884
 21
43.42299999999999
 31
0.0
100
AcDbText
 73
1
  0
TEXT
  5
DF
330
17
100
AcDbEntity
  8
05-EST-TEXTO
100
AcDbText
 10
68.884
 20
43.22716666666668
 30
0.0
 40
0.14
  1
EL FONDO DE LA EXCAVACIÓN SE COMPACTARÁ MECÁNICAMENTE AL 95% DEL PROCTOR ESTÁNDAR, EN CAPAS DE GROSOR NO MAYOR A 20 cm.
  7
KUBIEC
 41
0.85
 11
68.884
 21
43.18050000000001
 31
0.0
100
AcDbText
 73
1
  0
TEXT
  5
E0
330
17
100
AcDbEntity
  8
05-EST-TEXTO
100
AcDbText
 10
68.884
 20
42.98466666666668
 30
0.0
 40
0.14
  1
REPLANTILLO DE HORMIGÓN POBRE e = 10 cm.
  7
KUBIEC
 41
0.85
 11
68.884
 21
42.93800000000001
 31
0.0
100
AcDbText
 73
1
  0
TEXT
  5
E1
330
17
100
AcDbEntity
  8
05-EST-TEXTO
100
AcDbText
 10
68.884
 20
42.74216666666668
 30
0.0
 40
0.14
  1
RECUBRIMIENTOS: ZAPATAS 7.5 cm; MUROS 4 cm. LOS TRASLAPES DE VARILLAS SERÁN CLASE B (ACI 318-19, 25.5.2) Y SE UBICARÁN FUERA DE
  7
KUBIEC
 41
0.85
 11
68.884
 21
42.69550000000001
 31
0.0
100
AcDbText
 73
1
  0
TEXT
  5
E2
330
17
100
AcDbEntity
  8
05-EST-TEXTO
100
AcDbText
 10
68.884
 20
42.49966666666668
 30
0.0
 40
0.14
  1
LOS NUDOS.
  7
KUBIEC
 41
0.85
 11
68.884
 21
42.45300000000001
 31
0.0
100
AcDbText
 73
1
  0
TEXT
  5
E3
330
17
100
AcDbEntity
  8
05-EST-TEXTO
100
AcDbText
 10
68.884
 20
42.25716666666668
 30
0.0
 40
0.14
  1
LOS DOBLECES DE LAS VARILLAS SE HARÁN ALREDEDOR DE UN PERNO CUYO DIÁMETRO MÍNIMO SERÁ DE 6 VECES EL DE LA VARILLA. LOS ESTRIBOS
  7
KUBIEC
 41
0.85
 11
68.884
 21
42.21050000000001
 31
0.0
100
AcDbText
 73
1
  0
TEXT
  5
E4
330
17
100
AcDbEntity
  8
05-EST-TEXTO
100
AcDbText
 10
68.884
 20
42.01466666666668
 30
0.0
 40
0.14
  1
SE REMATARÁN CON GANCHOS A 135° Y LONGITUD MÍNIMA DE 6 db O 7.5 cm. EL PRIMER Y ÚLTIMO ESTRIBO EN UNA VIGA O COLUMNA SE COLOCARÁ
  7
KUBIEC
 41
0.85
 11
68.884
 21
41.96800000000001
 31
0.0
100
AcDbText
 73
1
  0
TEXT
  5
E5
330
17
100
AcDbEntity
  8
05-EST-TEXTO
100
AcDbText
 10
68.884
 20
41.77216666666667
 30
0.0
 40
0.14
  1
A 5 cm DE LA CARA DEL ELEMENTO.
  7
KUBIEC
 41
0.85
 11
68.884
 21
41.7255
 31
0.0
100
AcDbText
 73
1
  0
TEXT
  5
E6
330
17
100
AcDbEntity
  8
05-EST-TEXTO
100
AcDbText
 10
68.884
 20
41.52966666666667
 30
0.0
 40
0.14
  1
EL HORMIGÓN SERÁ VIBRADO POR MEDIOS MECÁNICOS Y CURADO POR CUALQUIER MÉTODO QUE GARANTICE ALCANZAR LA RESISTENCIA DE DISEÑO.
  7
KUBIEC
 41
0.85
 11
68.884
 21
41.483
 31
0.0
100
AcDbText
 73
1
  0
TEXT
  5
E7
330
17
100
AcDbEntity
  8
05-EST-TEXTO
100
AcDbText
 10
68.884
 20
41.28716666666667
 30
0.0
 40
0.14
  1
LOS ELEMENTOS ESTRUCTURALES BAJO NINGÚN CONCEPTO SERÁN ATRAVESADOS POR TUBOS DE INSTALACIONES. LAS PERFORACIONES PARA LAS
  7
KUBIEC
 41
0.85
 11
68.884
 21
41.2405
 31
0.0
100
AcDbText
 73
1
  0
TEXT
  5
E8
330
17
100
AcDbEntity
  8
05-EST-TEXTO
100
AcDbText
 10
68.884
 20
41.04466666666667
 30
0.0
 40
0.14
  1
VARILLAS DE ANCLAJE DE LAS PLACAS DEBERÁN SER REALIZADAS CON TALADRO, SE PROHÍBE HACER O AMPLIAR ESTAS PERFORACIONES CON
  7
KUBIEC
 41
0.85
 11
68.884
 21
40.998
 31
0.0
100
AcDbText
 73
1
  0
TEXT
  5
E9
330
17
100
AcDbEntity
  8
05-EST-TEXTO
100
AcDbText
 10
68.884
 20
40.80216666666667
 30
0.0
 40
0.14
  1
OXICORTE.
  7
KUBIEC
 41
0.85
 11
68.884
 21
40.7555
 31
0.0
100
AcDbText
 73
1
  0
TEXT
  5
EA
330
17
100
AcDbEntity
  8
E_TITULO
390
20
100
AcDbText
 10
3.0
 20
56.6
 30
0.0
 40
0.3
  1
CUADRO DE COLUMNAS
  7
KUBIEC
 11
3.0
 21
56.5
 31
0.0
100
AcDbText
 73
1
  0
TEXT
  5
EB
330
17
100
AcDbEntity
  8
E_TEXTO
390
20
100
AcDbText
 10
3.806666666666667
 20
54.88
 30
0.0
 40
0.14
  1
COLUMNA
  7
KUBIEC
 72
1
 11
4.3
 21
54.95
 31
0.0
100
AcDbText
 73
2
  0
TEXT
  5
EC
330
17
100
AcDbEntity
  8
E_TEXTO
390
20
100
AcDbText
 10
6.023333333333333
 20
54.88
 30
0.0
 40
0.14
  1
ZAPATA
  7
KUBIEC
 72
1
 11
6.4
 21
54.95
 31
0.0
100
AcDbText
 73
2
  0
TEXT
  5
ED
330
17
100
AcDbEntity
  8
E_TEXTO
390
20
100
AcDbText
 10
7.523333333333333
 20
54.88
 30
0.0
 40
0.14
  1
COTA FONDO
  7
KUBIEC
 72
1
 11
8.2
 21
54.95
 31
0.0
100
AcDbText
 73
2
  0
TEXT
  5
EE
330
17
100
AcDbEntity
  8
E_TEXTO
390
20
100
AcDbText
 10
9.966666666666667
 20
54.88
 30
0.0
 40
0.14
  1
PEDESTAL / BASE
  7
KUBIEC
 72
1
 11
10.95
 21
54.95
 31
0.0
100
AcDbText
 73
2
  0
TEXT
  5
EF
330
17
100
AcDbEntity
  8
E_TEXTO
390
20
100
AcDbText
 10
13.36
 20
54.88
 30
0.0
 40
0.14
  1
N-3.06 A N±0.00
  7
KUBIEC
 72
1
 11
14.35
 21
54.95
 31
0.0
100
AcDbText
 73
2
  0
TEXT
  5
F0
330
17
100
AcDbEntity
  8
E_TEXTO
390
20
100
AcDbText
 10
16.66
 20
54.88
 30
0.0
 40
0.14
  1
N±0.00 A N+3.06
  7
KUBIEC
 72
1
 11
17.65
 21
54.95
 31
0.0
100
AcDbText
 73
2
  0
TEXT
  5
F1
330
17
100
AcDbEntity
  8
E_TEXTO
390
20
100
AcDbText
 10
19.96
 20
54.88
 30
0.0
 40
0.14
  1
N+3.06 A N+6.12
  7
KUBIEC
 72
1
 11
20.95
 21
54.95
 31
0.0
100
AcDbText
 73
2
  0
TEXT
  5
F2
330
17
100
AcDbEntity
  8
E_TEXTO
390
20
100
AcDbText
 10
23.26
 20
54.88
 30
0.0
 40
0.14
  1
N+6.12 A N+7.77
  7
KUBIEC
 72
1
 11
24.25
 21
54.95
 31
0.0
100
AcDbText
 73
2
  0
TEXT
  5
F3
330
17
100
AcDbEntity
  8
E_TEXTO
390
20
100
AcDbText
 10
26.06666666666667
 20
54.88
 30
0.0
 40
0.14
  1
T ANCLAJE (Tonf)
  7
KUBIEC
 72
1
 11
27.0
 21
54.95
 31
0.0
100
AcDbText
 73
2
  0
LINE
  5
F4
330
17
100
AcDbEntity
  8
E_TABLA
390
20
100
AcDbLine
 10
3.0
 20
55.5
 30
0.0
 11
28.1
 21
55.5
 31
0.0
  0
TEXT
  5
F5
330
17
100
AcDbEntity
  8
E_TEXTO
390
20
100
AcDbText
 10
3.57
 20
54.02
 30
0.0
 40
0.14
  1
(3.50; 31.70)
  7
KUBIEC
 72
1
 11
4.3
 21
54.09
 31
0.0
100
AcDbText
 73
2
  0
TEXT
  5
F6
330
17
100
AcDbEntity
  8
E_TEXTO
390
20
100
AcDbText
 10
6.313333333333333
 20
54.02
 30
0.0
 40
0.14
  1
-
  7
KUBIEC
 72
1
 11
6.4
 21
54.09
 31
0.0
100
AcDbText
 73
2
  0
TEXT
  5
F7
330
17
100
AcDbEntity
  8
E_TEXTO
390
20
100
AcDbText
 10
8.113333333333333
 20
54.02
 30
0.0
 40
0.14
  1
-
  7
KUBIEC
 72
1
 11
8.2
 21
54.09
 31
0.0
100
AcDbText
 73
2
  0
TEXT
  5
F8
330
17
100
AcDbEntity
  8
E_TEXTO
390
20
100
AcDbText
 10
9.913333333333332
 20
54.02
 30
0.0
 40
0.14
  1
Sobre viga N±0.00
  7
KUBIEC
 72
1
 11
10.95
 21
54.09
 31
0.0
100
AcDbText
 73
2
  0
TEXT
  5
F9
330
17
100
AcDbEntity
  8
E_TEXTO
390
20
100
AcDbText
 10
14.26333333333333
 20
54.02
 30
0.0
 40
0.14
  1
-
  7
KUBIEC
 72
1
 11
14.35
 21
54.09
 31
0.0
100
AcDbText
 73
2
  0
TEXT
  5
FA
330
17
100
AcDbEntity
  8
E_TEXTO
390
20
100
AcDbText
 10
16.95666666666666
 20
54.02
 30
0.0
 40
0.14
  1
[]100X100X3
  7
KUBIEC
 72
1
 11
17.65
 21
54.09
 31
0.0
100
AcDbText
 73
2
  0
TEXT
  5
FB
330
17
100
AcDbEntity
  8
E_TEXTO
390
20
100
AcDbText
 10
20.86333333333333
 20
54.02
 30
0.0
 40
0.14
  1
-
  7
KUBIEC
 72
1
 11
20.95
 21
54.09
 31
0.0
100
AcDbText
 73
2
  0
TEXT
  5
FC
330
17
100
AcDbEntity
  8
E_TEXTO
390
20
100
AcDbText
 10
24.16333333333333
 20
54.02
 30
0.0
 40
0.14
  1
-
  7
KUBIEC
 72
1
 11
24.25
 21
54.09
 31
0.0
100
AcDbText
 73
2
  0
TEXT
  5
FD
330
17
100
AcDbEntity
  8
E_TEXTO
390
20
100
AcDbText
 10
26.91333333333334
 20
54.02
 30
0.0
 40
0.14
  1
-
  7
KUBIEC
 72
1
 11
27.0
 21
54.09
 31
0.0
100
AcDbText
 73
2
  0
LINE
  5
FE
330
17
100
AcDbEntity
  8
E_TABLA
390
20
100
AcDbLine
 10
3.0
 20
54.4
 30
0.0
 11
28.1
 21
54.4
 31
0.0
  0
TEXT
  5
FF
330
17
100
AcDbEntity
  8
E_TEXTO
390
20
100
AcDbText
 10
3.57
 20
53.4
 30
0.0
 40
0.14
  1
(8.50; 31.70)
  7
KUBIEC
 72
1
 11
4.3
 21
53.47
 31
0.0
100
AcDbText
 73
2
  0
TEXT
  5
100
330
17
100
AcDbEntity
  8
E_TEXTO
390
20
100
AcDbText
 10
6.130000000000001
 20
53.4
 30
0.0
 40
0.14
  1
ZC-1
  7
KUBIEC
 72
1
 11
6.4
 21
53.47
 31
0.0
100
AcDbText
 73
2
  0
TEXT
  5
101
330
17
100
AcDbEntity
  8
E_TEXTO
390
20
100
AcDbText
 10
7.803333333333333
 20
53.4
 30
0.0
 40
0.14
  1
N-4.46
  7
KUBIEC
 72
1
 11
8.2
 21
53.47
 31
0.0
100
AcDbText
 73
2
  0
TEXT
  5
102
330
17
100
AcDbEntity
  8
E_TEXTO
390
20
100
AcDbText
 10
10.16333333333333
 20
53.4
 30
0.0
 40
0.14
  1
Pilastra 45x40
  7
KUBIEC
 72
1
 11
10.95
 21
53.47
 31
0.0
100
AcDbText
 73
2
  0
TEXT
  5
103
330
17
100
AcDbEntity
  8
E_TEXTO
390
20
100
AcDbText
 10
14.26333333333333
 20
53.4
 30
0.0
 40
0.14
  1
-
  7
KUBIEC
 72
1
 11
14.35
 21
53.47
 31
0.0
100
AcDbText
 73
2
  0
TEXT
  5
104
330
17
100
AcDbEntity
  8
E_TEXTO
390
20
100
AcDbText
 10
16.95666666666666
 20
53.4
 30
0.0
 40
0.14
  1
[]100X100X3
  7
KUBIEC
 72
1
 11
17.65
 21
53.47
 31
0.0
100
AcDbText
 73
2
  0
TEXT
  5
105
330
17
100
AcDbEntity
  8
E_TEXTO
390
20
100
AcDbText
 10
20.86333333333333
 20
53.4
 30
0.0
 40
0.14
  1
-
  7
KUBIEC
 72
1
 11
20.95
 21
53.47
 31
0.0
100
AcDbText
 73
2
  0
TEXT
  5
106
330
17
100
AcDbEntity
  8
E_TEXTO
390
20
100
AcDbText
 10
24.16333333333333
 20
53.4
 30
0.0
 40
0.14
  1
-
  7
KUBIEC
 72
1
 11
24.25
 21
53.47
 31
0.0
100
AcDbText
 73
2
  0
TEXT
  5
107
330
17
100
AcDbEntity
  8
E_TEXTO
390
20
100
AcDbText
 10
26.91333333333334
 20
53.4
 30
0.0
 40
0.14
  1
-
  7
KUBIEC
 72
1
 11
27.0
 21
53.47
 31
0.0
100
AcDbText
 73
2
  0
LINE
  5
108
330
17
100
AcDbEntity
  8
E_TABLA
390
20
100
AcDbLine
 10
3.0
 20
53.78
 30
0.0
 11
28.1
 21
53.78
 31
0.0
  0
TEXT
  5
109
330
17
100
AcDbEntity
  8
E_TEXTO
390
20
100
AcDbText
 10
4.08
 20
52.78
 30
0.0
 40
0.14
  1
A'-1
  7
KUBIEC
 72
1
 11
4.3
 21
52.85
 31
0.0
100
AcDbText
 73
2
  0
TEXT
  5
10A
330
17
100
AcDbEntity
  8
E_TEXTO
390
20
100
AcDbText
 10
6.266666666666667
 20
52.78
 30
0.0
 40
0.14
  1
Z3
  7
KUBIEC
 72
1
 11
6.4
 21
52.85
 31
0.0
100
AcDbText
 73
2
  0
TEXT
  5
10B
330
17
100
AcDbEntity
  8
E_TEXTO
390
20
100
AcDbText
 10
7.803333333333333
 20
52.78
 30
0.0
 40
0.14
  1
N-4.46
  7
KUBIEC
 72
1
 11
8.2
 21
52.85
 31
0.0
100
AcDbText
 73
2
  0
TEXT
  5
10C
330
17
100
AcDbEntity
  8
E_TEXTO
390
20
100
AcDbText
 10
10.81
 20
52.78
 30
0.0
 40
0.14
  1
P3
  7
KUBIEC
 72
1
 11
10.95
 21
52.85
 31
0.0
100
AcDbText
 73
2
  0
TEXT
  5
10D
330
17
100
AcDbEntity
  8
E_TEXTO
390
20
100
AcDbText
 10
13.65666666666667
 20
52.78
 30
0.0
 40
0.14
  1
[]200X200X8
  7
KUBIEC
 72
1
 11
14.35
 21
52.85
 31
0.0
100
AcDbText
 73
2
  0
TEXT
  5
10E
330
17
100
AcDbEntity
  8
E_TEXTO
390
20
100
AcDbText
 10
17.56333333333333
 20
52.78
 30
0.0
 40
0.14
  1
-
  7
KUBIEC
 72
1
 11
17.65
 21
52.85
 31
0.0
100
AcDbText
 73
2
  0
TEXT
  5
10F
330
17
100
AcDbEntity
  8
E_TEXTO
390
20
100
AcDbText
 10
20.86333333333333
 20
52.78
 30
0.0
 40
0.14
  1
-
  7
KUBIEC
 72
1
 11
20.95
 21
52.85
 31
0.0
100
AcDbText
 73
2
  0
TEXT
  5
110
330
17
100
AcDbEntity
  8
E_TEXTO
390
20
100
AcDbText
 10
24.16333333333333
 20
52.78
 30
0.0
 40
0.14
  1
-
  7
KUBIEC
 72
1
 11
24.25
 21
52.85
 31
0.0
100
AcDbText
 73
2
  0
TEXT
  5
111
330
17
100
AcDbEntity
  8
E_TEXTO
390
20
100
AcDbText
 10
26.91333333333334
 20
52.78
 30
0.0
 40
0.14
  1
-
  7
KUBIEC
 72
1
 11
27.0
 21
52.85
 31
0.0
100
AcDbText
 73
2
  0
LINE
  5
112
330
17
100
AcDbEntity
  8
E_TABLA
390
20
100
AcDbLine
 10
3.0
 20
53.16
 30
0.0
 11
28.1
 21
53.16
 31
0.0
  0
TEXT
  5
113
330
17
100
AcDbEntity
  8
E_TEXTO
390
20
100
AcDbText
 10
4.093333333333333
 20
52.16
 30
0.0
 40
0.14
  1
B-1
  7
KUBIEC
 72
1
 11
4.3
 21
52.23
 31
0.0
100
AcDbText
 73
2
  0
TEXT
  5
114
330
17
100
AcDbEntity
  8
E_TEXTO
390
20
100
AcDbText
 10
6.266666666666667
 20
52.16
 30
0.0
 40
0.14
  1
Z2
  7
KUBIEC
 72
1
 11
6.4
 21
52.23
 31
0.0
100
AcDbText
 73
2
  0
TEXT
  5
115
330
17
100
AcDbEntity
  8
E_TEXTO
390
20
100
AcDbText
 10
7.803333333333333
 20
52.16
 30
0.0
 40
0.14
  1
N-4.46
  7
KUBIEC
 72
1
 11
8.2
 21
52.23
 31
0.0
100
AcDbText
 73
2
  0
TEXT
  5
116
330
17
100
AcDbEntity
  8
E_TEXTO
390
20
100
AcDbText
 10
10.81
 20
52.16
 30
0.0
 40
0.14
  1
P2
  7
KUBIEC
 72
1
 11
10.95
 21
52.23
 31
0.0
100
AcDbText
 73
2
  0
TEXT
  5
117
330
17
100
AcDbEntity
  8
E_TEXTO
390
20
100
AcDbText
 10
13.65666666666667
 20
52.16
 30
0.0
 40
0.14
  1
[]250X200X8
  7
KUBIEC
 72
1
 11
14.35
 21
52.23
 31
0.0
100
AcDbText
 73
2
  0
TEXT
  5
118
330
17
100
AcDbEntity
  8
E_TEXTO
390
20
100
AcDbText
 10
16.95666666666666
 20
52.16
 30
0.0
 40
0.14
  1
[]250X200X8
  7
KUBIEC
 72
1
 11
17.65
 21
52.23
 31
0.0
100
AcDbText
 73
2
  0
TEXT
  5
119
330
17
100
AcDbEntity
  8
E_TEXTO
390
20
100
AcDbText
 10
20.86333333333333
 20
52.16
 30
0.0
 40
0.14
  1
-
  7
KUBIEC
 72
1
 11
20.95
 21
52.23
 31
0.0
100
AcDbText
 73
2
  0
TEXT
  5
11A
330
17
100
AcDbEntity
  8
E_TEXTO
390
20
100
AcDbText
 10
24.16333333333333
 20
52.16
 30
0.0
 40
0.14
  1
-
  7
KUBIEC
 72
1
 11
24.25
 21
52.23
 31
0.0
100
AcDbText
 73
2
  0
TEXT
  5
11B
330
17
100
AcDbEntity
  8
E_TEXTO
390
20
100
AcDbText
 10
26.91333333333334
 20
52.16
 30
0.0
 40
0.14
  1
-
  7
KUBIEC
 72
1
 11
27.0
 21
52.23
 31
0.0
100
AcDbText
 73
2
  0
LINE
  5
11C
330
17
100
AcDbEntity
  8
E_TABLA
390
20
100
AcDbLine
 10
3.0
 20
52.54000000000001
 30
0.0
 11
28.1
 21
52.54000000000001
 31
0.0
  0
TEXT
  5
11D
330
17
100
AcDbEntity
  8
E_TEXTO
390
20
100
AcDbText
 10
4.096666666666667
 20
51.54000000000001
 30
0.0
 40
0.14
  1
C-1
  7
KUBIEC
 72
1
 11
4.3
 21
51.61000000000001
 31
0.0
100
AcDbText
 73
2
  0
TEXT
  5
11E
330
17
100
AcDbEntity
  8
E_TEXTO
390
20
100
AcDbText
 10
6.130000000000001
 20
51.54000000000001
 30
0.0
 40
0.14
  1
ZC-1
  7
KUBIEC
 72
1
 11
6.4
 21
51.61000000000001
 31
0.0
100
AcDbText
 73
2
  0
TEXT
  5
11F
330
17
100
AcDbEntity
  8
E_TEXTO
390
20
100
AcDbText
 10
7.803333333333333
 20
51.54000000000001
 30
0.0
 40
0.14
  1
N-4.46
  7
KUBIEC
 72
1
 11
8.2
 21
51.61000000000001
 31
0.0
100
AcDbText
 73
2
  0
TEXT
  5
120
330
17
100
AcDbEntity
  8
E_TEXTO
390
20
100
AcDbText
 10
10.16333333333333
 20
51.54000000000001
 30
0.0
 40
0.14
  1
Pilastra 45x40
  7
KUBIEC
 72
1
 11
10.95
 21
51.61000000000001
 31
0.0
100
AcDbText
 73
2
  0
TEXT
  5
121
330
17
100
AcDbEntity
  8
E_TEXTO
390
20
100
AcDbText
 10
14.26333333333333
 20
51.54000000000001
 30
0.0
 40
0.14
  1
-
  7
KUBIEC
 72
1
 11
14.35
 21
51.61000000000001
 31
0.0
100
AcDbText
 73
2
  0
TEXT
  5
122
330
17
100
AcDbEntity
  8
E_TEXTO
390
20
100
AcDbText
 10
16.95666666666666
 20
51.54000000000001
 30
0.0
 40
0.14
  1
[]250X200X8
  7
KUBIEC
 72
1
 11
17.65
 21
51.61000000000001
 31
0.0
100
AcDbText
 73
2
  0
TEXT
  5
123
330
17
100
AcDbEntity
  8
E_TEXTO
390
20
100
AcDbText
 10
20.86333333333333
 20
51.54000000000001
 30
0.0
 40
0.14
  1
-
  7
KUBIEC
 72
1
 11
20.95
 21
51.61000000000001
 31
0.0
100
AcDbText
 73
2
  0
TEXT
  5
124
330
17
100
AcDbEntity
  8
E_TEXTO
390
20
100
AcDbText
 10
24.16333333333333
 20
51.54000000000001
 30
0.0
 40
0.14
  1
-
  7
KUBIEC
 72
1
 11
24.25
 21
51.61000000000001
 31
0.0
100
AcDbText
 73
2
  0
TEXT
  5
125
330
17
100
AcDbEntity
  8
E_TEXTO
390
20
100
AcDbText
 10
26.91333333333334
 20
51.54000000000001
 30
0.0
 40
0.14
  1
-
  7
KUBIEC
 72
1
 11
27.0
 21
51.61000000000001
 31
0.0
100
AcDbText
 73
2
  0
LINE
  5
126
330
17
100
AcDbEntity
  8
E_TABLA
390
20
100
AcDbLine
 10
3.0
 20
51.92000000000001
 30
0.0
 11
28.1
 21
51.92000000000001
 31
0.0
  0
TEXT
  5
127
330
17
100
AcDbEntity
  8
E_TEXTO
390
20
100
AcDbText
 10
4.06
 20
50.92000000000001
 30
0.0
 40
0.14
  1
A'-2
  7
KUBIEC
 72
1
 11
4.3
 21
50.99000000000001
 31
0.0
100
AcDbText
 73
2
  0
TEXT
  5
128
330
17
100
AcDbEntity
  8
E_TEXTO
390
20
100
AcDbText
 10
6.266666666666667
 20
50.92000000000001
 30
0.0
 40
0.14
  1
Z3
  7
KUBIEC
 72
1
 11
6.4
 21
50.99000000000001
 31
0.0
100
AcDbText
 73
2
  0
TEXT
  5
129
330
17
100
AcDbEntity
  8
E_TEXTO
390
20
100
AcDbText
 10
7.803333333333333
 20
50.92000000000001
 30
0.0
 40
0.14
  1
N-4.46
  7
KUBIEC
 72
1
 11
8.2
 21
50.99000000000001
 31
0.0
100
AcDbText
 73
2
  0
TEXT
  5
12A
330
17
100
AcDbEntity
  8
E_TEXTO
390
20
100
AcDbText
 10
10.81
 20
50.92000000000001
 30
0.0
 40
0.14
  1
P3
  7
KUBIEC
 72
1
 11
10.95
 21
50.99000000000001
 31
0.0
100
AcDbText
 73
2
  0
TEXT
  5
12B
330
17
100
AcDbEntity
  8
E_TEXTO
390
20
100
AcDbText
 10
13.65666666666667
 20
50.92000000000001
 30
0.0
 40
0.14
  1
[]200X200X8
  7
KUBIEC
 72
1
 11
14.35
 21
50.99000000000001
 31
0.0
100
AcDbText
 73
2
  0
TEXT
  5
12C
330
17
100
AcDbEntity
  8
E_TEXTO
390
20
100
AcDbText
 10
17.56333333333333
 20
50.92000000000001
 30
0.0
 40
0.14
  1
-
  7
KUBIEC
 72
1
 11
17.65
 21
50.99000000000001
 31
0.0
100
AcDbText
 73
2
  0
TEXT
  5
12D
330
17
100
AcDbEntity
  8
E_TEXTO
390
20
100
AcDbText
 10
20.86333333333333
 20
50.92000000000001
 30
0.0
 40
0.14
  1
-
  7
KUBIEC
 72
1
 11
20.95
 21
50.99000000000001
 31
0.0
100
AcDbText
 73
2
  0
TEXT
  5
12E
330
17
100
AcDbEntity
  8
E_TEXTO
390
20
100
AcDbText
 10
24.16333333333333
 20
50.92000000000001
 30
0.0
 40
0.14
  1
-
  7
KUBIEC
 72
1
 11
24.25
 21
50.99000000000001
 31
0.0
100
AcDbText
 73
2
  0
TEXT
  5
12F
330
17
100
AcDbEntity
  8
E_TEXTO
390
20
100
AcDbText
 10
26.91333333333334
 20
50.92000000000001
 30
0.0
 40
0.14
  1
-
  7
KUBIEC
 72
1
 11
27.0
 21
50.99000000000001
 31
0.0
100
AcDbText
 73
2
  0
LINE
  5
130
330
17
100
AcDbEntity
  8
E_TABLA
390
20
100
AcDbLine
 10
3.0
 20
51.30000000000001
 30
0.0
 11
28.1
 21
51.30000000000001
 31
0.0
  0
TEXT
  5
131
330
17
100
AcDbEntity
  8
E_TEXTO
390
20
100
AcDbText
 10
4.073333333333333
 20
50.30000000000001
 30
0.0
 40
0.14
  1
B-2
  7
KUBIEC
 72
1
 11
4.3
 21
50.37000000000001
 31
0.0
100
AcDbText
 73
2
  0
TEXT
  5
132
330
17
100
AcDbEntity
  8
E_TEXTO
390
20
100
AcDbText
 10
6.266666666666667
 20
50.30000000000001
 30
0.0
 40
0.14
  1
Z2
  7
KUBIEC
 72
1
 11
6.4
 21
50.37000000000001
 31
0.0
100
AcDbText
 73
2
  0
TEXT
  5
133
330
17
100
AcDbEntity
  8
E_TEXTO
390
20
100
AcDbText
 10
7.803333333333333
 20
50.30000000000001
 30
0.0
 40
0.14
  1
N-4.46
  7
KUBIEC
 72
1
 11
8.2
 21
50.37000000000001
 31
0.0
100
AcDbText
 73
2
  0
TEXT
  5
134
330
17
100
AcDbEntity
  8
E_TEXTO
390
20
100
AcDbText
 10
10.81
 20
50.30000000000001
 30
0.0
 40
0.14
  1
P2
  7
KUBIEC
 72
1
 11
10.95
 21
50.37000000000001
 31
0.0
100
AcDbText
 73
2
  0
TEXT
  5
135
330
17
100
AcDbEntity
  8
E_TEXTO
390
20
100
AcDbText
 10
13.65666666666667
 20
50.30000000000001
 30
0.0
 40
0.14
  1
[]250X200X8
  7
KUBIEC
 72
1
 11
14.35
 21
50.37000000000001
 31
0.0
100
AcDbText
 73
2
  0
TEXT
  5
136
330
17
100
AcDbEntity
  8
E_TEXTO
390
20
100
AcDbText
 10
16.95666666666666
 20
50.30000000000001
 30
0.0
 40
0.14
  1
[]250X200X8
  7
KUBIEC
 72
1
 11
17.65
 21
50.37000000000001
 31
0.0
100
AcDbText
 73
2
  0
TEXT
  5
137
330
17
100
AcDbEntity
  8
E_TEXTO
390
20
100
AcDbText
 10
20.86333333333333
 20
50.30000000000001
 30
0.0
 40
0.14
  1
-
  7
KUBIEC
 72
1
 11
20.95
 21
50.37000000000001
 31
0.0
100
AcDbText
 73
2
  0
TEXT
  5
138
330
17
100
AcDbEntity
  8
E_TEXTO
390
20
100
AcDbText
 10
24.16333333333333
 20
50.30000000000001
 30
0.0
 40
0.14
  1
-
  7
KUBIEC
 72
1
 11
24.25
 21
50.37000000000001
 31
0.0
100
AcDbText
 73
2
  0
TEXT
  5
139
330
17
100
AcDbEntity
  8
E_TEXTO
390
20
100
AcDbText
 10
26.91333333333334
 20
50.30000000000001
 30
0.0
 40
0.14
  1
-
  7
KUBIEC
 72
1
 11
27.0
 21
50.37000000000001
 31
0.0
100
AcDbText
 73
2
  0
LINE
  5
13A
330
17
100
AcDbEntity
  8
E_TABLA
390
20
100
AcDbLine
 10
3.0
 20
50.68000000000002
 30
0.0
 11
28.1
 21
50.68000000000002
 31
0.0
  0
TEXT
  5
13B
330
17
100
AcDbEntity
  8
E_TEXTO
390
20
100
AcDbText
 10
4.076666666666666
 20
49.68000000000002
 30
0.0
 40
0.14
  1
C-2
  7
KUBIEC
 72
1
 11
4.3
 21
49.75000000000002
 31
0.0
100
AcDbText
 73
2
  0
TEXT
  5
13C
330
17
100
AcDbEntity
  8
E_TEXTO
390
20
100
AcDbText
 10
6.130000000000001
 20
49.68000000000002
 30
0.0
 40
0.14
  1
ZC-1
  7
KUBIEC
 72
1
 11
6.4
 21
49.75000000000002
 31
0.0
100
AcDbText
 73
2
  0
TEXT
  5
13D
330
17
100
AcDbEntity
  8
E_TEXTO
390
20
100
AcDbText
 10
7.803333333333333
 20
49.68000000000002
 30
0.0
 40
0.14
  1
N-4.46
  7
KUBIEC
 72
1
 11
8.2
 21
49.75000000000002
 31
0.0
100
AcDbText
 73
2
  0
TEXT
  5
13E
330
17
100
AcDbEntity
  8
E_TEXTO
390
20
100
AcDbText
 10
10.16333333333333
 20
49.68000000000002
 30
0.0
 40
0.14
  1
Pilastra 45x40
  7
KUBIEC
 72
1
 11
10.95
 21
49.75000000000002
 31
0.0
100
AcDbText
 73
2
  0
TEXT
  5
13F
330
17
100
AcDbEntity
  8
E_TEXTO
390
20
100
AcDbText
 10
14.26333333333333
 20
49.68000000000002
 30
0.0
 40
0.14
  1
-
  7
KUBIEC
 72
1
 11
14.35
 21
49.75000000000002
 31
0.0
100
AcDbText
 73
2
  0
TEXT
  5
140
330
17
100
AcDbEntity
  8
E_TEXTO
390
20
100
AcDbText
 10
16.95666666666666
 20
49.68000000000002
 30
0.0
 40
0.14
  1
[]250X200X8
  7
KUBIEC
 72
1
 11
17.65
 21
49.75000000000002
 31
0.0
100
AcDbText
 73
2
  0
TEXT
  5
141
330
17
100
AcDbEntity
  8
E_TEXTO
390
20
100
AcDbText
 10
20.86333333333333
 20
49.68000000000002
 30
0.0
 40
0.14
  1
-
  7
KUBIEC
 72
1
 11
20.95
 21
49.75000000000002
 31
0.0
100
AcDbText
 73
2
  0
TEXT
  5
142
330
17
100
AcDbEntity
  8
E_TEXTO
390
20
100
AcDbText
 10
24.16333333333333
 20
49.68000000000002
 30
0.0
 40
0.14
  1
-
  7
KUBIEC
 72
1
 11
24.25
 21
49.75000000000002
 31
0.0
100
AcDbText
 73
2
  0
TEXT
  5
143
330
17
100
AcDbEntity
  8
E_TEXTO
390
20
100
AcDbText
 10
26.91333333333334
 20
49.68000000000002
 30
0.0
 40
0.14
  1
-
  7
KUBIEC
 72
1
 11
27.0
 21
49.75000000000002
 31
0.0
100
AcDbText
 73
2
  0
LINE
  5
144
330
17
100
AcDbEntity
  8
E_TABLA
390
20
100
AcDbLine
 10
3.0
 20
50.06000000000002
 30
0.0
 11
28.1
 21
50.06000000000002
 31
0.0
  0
TEXT
  5
145
330
17
100
AcDbEntity
  8
E_TEXTO
390
20
100
AcDbText
 10
4.06
 20
49.06000000000002
 30
0.0
 40
0.14
  1
A'-3
  7
KUBIEC
 72
1
 11
4.3
 21
49.13000000000002
 31
0.0
100
AcDbText
 73
2
  0
TEXT
  5
146
330
17
100
AcDbEntity
  8
E_TEXTO
390
20
100
AcDbText
 10
6.266666666666667
 20
49.06000000000002
 30
0.0
 40
0.14
  1
Z3
  7
KUBIEC
 72
1
 11
6.4
 21
49.13000000000002
 31
0.0
100
AcDbText
 73
2
  0
TEXT
  5
147
330
17
100
AcDbEntity
  8
E_TEXTO
390
20
100
AcDbText
 10
7.803333333333333
 20
49.06000000000002
 30
0.0
 40
0.14
  1
N-4.46
  7
KUBIEC
 72
1
 11
8.2
 21
49.13000000000002
 31
0.0
100
AcDbText
 73
2
  0
TEXT
  5
148
330
17
100
AcDbEntity
  8
E_TEXTO
390
20
100
AcDbText
 10
10.81
 20
49.06000000000002
 30
0.0
 40
0.14
  1
P3
  7
KUBIEC
 72
1
 11
10.95
 21
49.13000000000002
 31
0.0
100
AcDbText
 73
2
  0
TEXT
  5
149
330
17
100
AcDbEntity
  8
E_TEXTO
390
20
100
AcDbText
 10
13.65666666666667
 20
49.06000000000002
 30
0.0
 40
0.14
  1
[]200X200X8
  7
KUBIEC
 72
1
 11
14.35
 21
49.13000000000002
 31
0.0
100
AcDbText
 73
2
  0
TEXT
  5
14A
330
17
100
AcDbEntity
  8
E_TEXTO
390
20
100
AcDbText
 10
17.56333333333333
 20
49.06000000000002
 30
0.0
 40
0.14
  1
-
  7
KUBIEC
 72
1
 11
17.65
 21
49.13000000000002
 31
0.0
100
AcDbText
 73
2
  0
TEXT
  5
14B
330
17
100
AcDbEntity
  8
E_TEXTO
390
20
100
AcDbText
 10
20.86333333333333
 20
49.06000000000002
 30
0.0
 40
0.14
  1
-
  7
KUBIEC
 72
1
 11
20.95
 21
49.13000000000002
 31
0.0
100
AcDbText
 73
2
  0
TEXT
  5
14C
330
17
100
AcDbEntity
  8
E_TEXTO
390
20
100
AcDbText
 10
24.16333333333333
 20
49.06000000000002
 30
0.0
 40
0.14
  1
-
  7
KUBIEC
 72
1
 11
24.25
 21
49.13000000000002
 31
0.0
100
AcDbText
 73
2
  0
TEXT
  5
14D
330
17
100
AcDbEntity
  8
E_TEXTO
390
20
100
AcDbText
 10
26.91333333333334
 20
49.06000000000002
 30
0.0
 40
0.14
  1
-
  7
KUBIEC
 72
1
 11
27.0
 21
49.13000000000002
 31
0.0
100
AcDbText
 73
2
  0
LINE
  5
14E
330
17
100
AcDbEntity
  8
E_TABLA
390
20
100
AcDbLine
 10
3.0
 20
49.44000000000002
 30
0.0
 11
28.1
 21
49.44000000000002
 31
0.0
  0
TEXT
  5
14F
330
17
100
AcDbEntity
  8
E_TEXTO
390
20
100
AcDbText
 10
4.093333333333333
 20
48.44000000000002
 30
0.0
 40
0.14
  1
A-3
  7
KUBIEC
 72
1
 11
4.3
 21
48.51000000000002
 31
0.0
100
AcDbText
 73
2
  0
TEXT
  5
150
330
17
100
AcDbEntity
  8
E_TEXTO
390
20
100
AcDbText
 10
6.266666666666667
 20
48.44000000000002
 30
0.0
 40
0.14
  1
Z3
  7
KUBIEC
 72
1
 11
6.4
 21
48.51000000000002
 31
0.0
100
AcDbText
 73
2
  0
TEXT
  5
151
330
17
100
AcDbEntity
  8
E_TEXTO
390
20
100
AcDbText
 10
7.803333333333333
 20
48.44000000000002
 30
0.0
 40
0.14
  1
N-4.46
  7
KUBIEC
 72
1
 11
8.2
 21
48.51000000000002
 31
0.0
100
AcDbText
 73
2
  0
TEXT
  5
152
330
17
100
AcDbEntity
  8
E_TEXTO
390
20
100
AcDbText
 10
10.81
 20
48.44000000000002
 30
0.0
 40
0.14
  1
P3
  7
KUBIEC
 72
1
 11
10.95
 21
48.51000000000002
 31
0.0
100
AcDbText
 73
2
  0
TEXT
  5
153
330
17
100
AcDbEntity
  8
E_TEXTO
390
20
100
AcDbText
 10
13.65666666666667
 20
48.44000000000002
 30
0.0
 40
0.14
  1
[]200X200X8
  7
KUBIEC
 72
1
 11
14.35
 21
48.51000000000002
 31
0.0
100
AcDbText
 73
2
  0
TEXT
  5
154
330
17
100
AcDbEntity
  8
E_TEXTO
390
20
100
AcDbText
 10
16.95666666666666
 20
48.44000000000002
 30
0.0
 40
0.14
  1
[]200X200X8
  7
KUBIEC
 72
1
 11
17.65
 21
48.51000000000002
 31
0.0
100
AcDbText
 73
2
  0
TEXT
  5
155
330
17
100
AcDbEntity
  8
E_TEXTO
390
20
100
AcDbText
 10
20.25666666666667
 20
48.44000000000002
 30
0.0
 40
0.14
  1
[]200X200X8
  7
KUBIEC
 72
1
 11
20.95
 21
48.51000000000002
 31
0.0
100
AcDbText
 73
2
  0
TEXT
  5
156
330
17
100
AcDbEntity
  8
E_TEXTO
390
20
100
AcDbText
 10
24.16333333333333
 20
48.44000000000002
 30
0.0
 40
0.14
  1
-
  7
KUBIEC
 72
1
 11
24.25
 21
48.51000000000002
 31
0.0
100
AcDbText
 73
2
  0
TEXT
  5
157
330
17
100
AcDbEntity
  8
E_TEXTO
390
20
100
AcDbText
 10
26.91333333333334
 20
48.44000000000002
 30
0.0
 40
0.14
  1
-
  7
KUBIEC
 72
1
 11
27.0
 21
48.51000000000002
 31
0.0
100
AcDbText
 73
2
  0
LINE
  5
158
330
17
100
AcDbEntity
  8
E_TABLA
390
20
100
AcDbLine
 10
3.0
 20
48.82000000000002
 30
0.0
 11
28.1
 21
48.82000000000002
 31
0.0
  0
TEXT
  5
159
330
17
100
AcDbEntity
  8
E_TEXTO
390
20
100
AcDbText
 10
4.073333333333333
 20
47.82000000000002
 30
0.0
 40
0.14
  1
B-3
  7
KUBIEC
 72
1
 11
4.3
 21
47.89000000000002
 31
0.0
100
AcDbText
 73
2
  0
TEXT
  5
15A
330
17
100
AcDbEntity
  8
E_TEXTO
390
20
100
AcDbText
 10
6.266666666666667
 20
47.82000000000002
 30
0.0
 40
0.14
  1
Z2
  7
KUBIEC
 72
1
 11
6.4
 21
47.89000000000002
 31
0.0
100
AcDbText
 73
2
  0
TEXT
  5
15B
330
17
100
AcDbEntity
  8
E_TEXTO
390
20
100
AcDbText
 10
7.803333333333333
 20
47.82000000000002
 30
0.0
 40
0.14
  1
N-4.46
  7
KUBIEC
 72
1
 11
8.2
 21
47.89000000000002
 31
0.0
100
AcDbText
 73
2
  0
TEXT
  5
15C
330
17
100
AcDbEntity
  8
E_TEXTO
390
20
100
AcDbText
 10
10.81
 20
47.82000000000002
 30
0.0
 40
0.14
  1
P3
  7
KUBIEC
 72
1
 11
10.95
 21
47.89000000000002
 31
0.0
100
AcDbText
 73
2
  0
TEXT
  5
15D
330
17
100
AcDbEntity
  8
E_TEXTO
390
20
100
AcDbText
 10
13.65666666666667
 20
47.82000000000002
 30
0.0
 40
0.14
  1
[]200X200X8
  7
KUBIEC
 72
1
 11
14.35
 21
47.89000000000002
 31
0.0
100
AcDbText
 73
2
  0
TEXT
  5
15E
330
17
100
AcDbEntity
  8
E_TEXTO
390
20
100
AcDbText
 10
16.95666666666666
 20
47.82000000000002
 30
0.0
 40
0.14
  1
[]200X200X8
  7
KUBIEC
 72
1
 11
17.65
 21
47.89000000000002
 31
0.0
100
AcDbText
 73
2
  0
TEXT
  5
15F
330
17
100
AcDbEntity
  8
E_TEXTO
390
20
100
AcDbText
 10
20.25666666666667
 20
47.82000000000002
 30
0.0
 40
0.14
  1
[]200X200X8
  7
KUBIEC
 72
1
 11
20.95
 21
47.89000000000002
 31
0.0
100
AcDbText
 73
2
  0
TEXT
  5
160
330
17
100
AcDbEntity
  8
E_TEXTO
390
20
100
AcDbText
 10
24.16333333333333
 20
47.82000000000002
 30
0.0
 40
0.14
  1
-
  7
KUBIEC
 72
1
 11
24.25
 21
47.89000000000002
 31
0.0
100
AcDbText
 73
2
  0
TEXT
  5
161
330
17
100
AcDbEntity
  8
E_TEXTO
390
20
100
AcDbText
 10
26.91333333333334
 20
47.82000000000002
 30
0.0
 40
0.14
  1
-
  7
KUBIEC
 72
1
 11
27.0
 21
47.89000000000002
 31
0.0
100
AcDbText
 73
2
  0
LINE
  5
162
330
17
100
AcDbEntity
  8
E_TABLA
390
20
100
AcDbLine
 10
3.0
 20
48.20000000000002
 30
0.0
 11
28.1
 21
48.20000000000002
 31
0.0
  0
TEXT
  5
163
330
17
100
AcDbEntity
  8
E_TEXTO
390
20
100
AcDbText
 10
4.076666666666666
 20
47.20000000000002
 30
0.0
 40
0.14
  1
C-3
  7
KUBIEC
 72
1
 11
4.3
 21
47.27000000000002
 31
0.0
100
AcDbText
 73
2
  0
TEXT
  5
164
330
17
100
AcDbEntity
  8
E_TEXTO
390
20
100
AcDbText
 10
6.130000000000001
 20
47.20000000000002
 30
0.0
 40
0.14
  1
ZC-1
  7
KUBIEC
 72
1
 11
6.4
 21
47.27000000000002
 31
0.0
100
AcDbText
 73
2
  0
TEXT
  5
165
330
17
100
AcDbEntity
  8
E_TEXTO
390
20
100
AcDbText
 10
7.803333333333333
 20
47.20000000000002
 30
0.0
 40
0.14
  1
N-4.46
  7
KUBIEC
 72
1
 11
8.2
 21
47.27000000000002
 31
0.0
100
AcDbText
 73
2
  0
TEXT
  5
166
330
17
100
AcDbEntity
  8
E_TEXTO
390
20
100
AcDbText
 10
10.16333333333333
 20
47.20000000000002
 30
0.0
 40
0.14
  1
Pilastra 45x40
  7
KUBIEC
 72
1
 11
10.95
 21
47.27000000000002
 31
0.0
100
AcDbText
 73
2
  0
TEXT
  5
167
330
17
100
AcDbEntity
  8
E_TEXTO
390
20
100
AcDbText
 10
14.26333333333333
 20
47.20000000000002
 30
0.0
 40
0.14
  1
-
  7
KUBIEC
 72
1
 11
14.35
 21
47.27000000000002
 31
0.0
100
AcDbText
 73
2
  0
TEXT
  5
168
330
17
100
AcDbEntity
  8
E_TEXTO
390
20
100
AcDbText
 10
16.95666666666666
 20
47.20000000000002
 30
0.0
 40
0.14
  1
[]200X200X8
  7
KUBIEC
 72
1
 11
17.65
 21
47.27000000000002
 31
0.0
100
AcDbText
 73
2
  0
TEXT
  5
169
330
17
100
AcDbEntity
  8
E_TEXTO
390
20
100
AcDbText
 10
20.25666666666667
 20
47.20000000000002
 30
0.0
 40
0.14
  1
[]200X200X8
  7
KUBIEC
 72
1
 11
20.95
 21
47.27000000000002
 31
0.0
100
AcDbText
 73
2
  0
TEXT
  5
16A
330
17
100
AcDbEntity
  8
E_TEXTO
390
20
100
AcDbText
 10
24.16333333333333
 20
47.20000000000002
 30
0.0
 40
0.14
  1
-
  7
KUBIEC
 72
1
 11
24.25
 21
47.27000000000002
 31
0.0
100
AcDbText
 73
2
  0
TEXT
  5
16B
330
17
100
AcDbEntity
  8
E_TEXTO
390
20
100
AcDbText
 10
26.91333333333334
 20
47.20000000000002
 30
0.0
 40
0.14
  1
-
  7
KUBIEC
 72
1
 11
27.0
 21
47.27000000000002
 31
0.0
100
AcDbText
 73
2
  0
LINE
  5
16C
330
17
100
AcDbEntity
  8
E_TABLA
390
20
100
AcDbLine
 10
3.0
 20
47.58000000000003
 30
0.0
 11
28.1
 21
47.58000000000003
 31
0.0
  0
TEXT
  5
16D
330
17
100
AcDbEntity
  8
E_TEXTO
390
20
100
AcDbText
 10
4.056666666666667
 20
46.58000000000003
 30
0.0
 40
0.14
  1
A'-4
  7
KUBIEC
 72
1
 11
4.3
 21
46.65000000000003
 31
0.0
100
AcDbText
 73
2
  0
TEXT
  5
16E
330
17
100
AcDbEntity
  8
E_TEXTO
390
20
100
AcDbText
 10
6.266666666666667
 20
46.58000000000003
 30
0.0
 40
0.14
  1
Z3
  7
KUBIEC
 72
1
 11
6.4
 21
46.65000000000003
 31
0.0
100
AcDbText
 73
2
  0
TEXT
  5
16F
330
17
100
AcDbEntity
  8
E_TEXTO
390
20
100
AcDbText
 10
7.803333333333333
 20
46.58000000000003
 30
0.0
 40
0.14
  1
N-4.46
  7
KUBIEC
 72
1
 11
8.2
 21
46.65000000000003
 31
0.0
100
AcDbText
 73
2
  0
TEXT
  5
170
330
17
100
AcDbEntity
  8
E_TEXTO
390
20
100
AcDbText
 10
10.81
 20
46.58000000000003
 30
0.0
 40
0.14
  1
P3
  7
KUBIEC
 72
1
 11
10.95
 21
46.65000000000003
 31
0.0
100
AcDbText
 73
2
  0
TEXT
  5
171
330
17
100
AcDbEntity
  8
E_TEXTO
390
20
100
AcDbText
 10
13.65666666666667
 20
46.58000000000003
 30
0.0
 40
0.14
  1
[]200X200X8
  7
KUBIEC
 72
1
 11
14.35
 21
46.65000000000003
 31
0.0
100
AcDbText
 73
2
  0
TEXT
  5
172
330
17
100
AcDbEntity
  8
E_TEXTO
390
20
100
AcDbText
 10
17.56333333333333
 20
46.58000000000003
 30
0.0
 40
0.14
  1
-
  7
KUBIEC
 72
1
 11
17.65
 21
46.65000000000003
 31
0.0
100
AcDbText
 73
2
  0
TEXT
  5
173
330
17
100
AcDbEntity
  8
E_TEXTO
390
20
100
AcDbText
 10
20.86333333333333
 20
46.58000000000003
 30
0.0
 40
0.14
  1
-
  7
KUBIEC
 72
1
 11
20.95
 21
46.65000000000003
 31
0.0
100
AcDbText
 73
2
  0
TEXT
  5
174
330
17
100
AcDbEntity
  8
E_TEXTO
390
20
100
AcDbText
 10
24.16333333333333
 20
46.58000000000003
 30
0.0
 40
0.14
  1
-
  7
KUBIEC
 72
1
 11
24.25
 21
46.65000000000003
 31
0.0
100
AcDbText
 73
2
  0
TEXT
  5
175
330
17
100
AcDbEntity
  8
E_TEXTO
390
20
100
AcDbText
 10
26.91333333333334
 20
46.58000000000003
 30
0.0
 40
0.14
  1
-
  7
KUBIEC
 72
1
 11
27.0
 21
46.65000000000003
 31
0.0
100
AcDbText
 73
2
  0
LINE
  5
176
330
17
100
AcDbEntity
  8
E_TABLA
390
20
100
AcDbLine
 10
3.0
 20
46.96000000000003
 30
0.0
 11
28.1
 21
46.96000000000003
 31
0.0
  0
TEXT
  5
177
330
17
100
AcDbEntity
  8
E_TEXTO
390
20
100
AcDbText
 10
4.09
 20
45.96000000000003
 30
0.0
 40
0.14
  1
A-4
  7
KUBIEC
 72
1
 11
4.3
 21
46.03000000000003
 31
0.0
100
AcDbText
 73
2
  0
TEXT
  5
178
330
17
100
AcDbEntity
  8
E_TEXTO
390
20
100
AcDbText
 10
6.266666666666667
 20
45.96000000000003
 30
0.0
 40
0.14
  1
Z3
  7
KUBIEC
 72
1
 11
6.4
 21
46.03000000000003
 31
0.0
100
AcDbText
 73
2
  0
TEXT
  5
179
330
17
100
AcDbEntity
  8
E_TEXTO
390
20
100
AcDbText
 10
7.803333333333333
 20
45.96000000000003
 30
0.0
 40
0.14
  1
N-4.46
  7
KUBIEC
 72
1
 11
8.2
 21
46.03000000000003
 31
0.0
100
AcDbText
 73
2
  0
TEXT
  5
17A
330
17
100
AcDbEntity
  8
E_TEXTO
390
20
100
AcDbText
 10
10.81
 20
45.96000000000003
 30
0.0
 40
0.14
  1
P3
  7
KUBIEC
 72
1
 11
10.95
 21
46.03000000000003
 31
0.0
100
AcDbText
 73
2
  0
TEXT
  5
17B
330
17
100
AcDbEntity
  8
E_TEXTO
390
20
100
AcDbText
 10
13.65666666666667
 20
45.96000000000003
 30
0.0
 40
0.14
  1
[]200X200X8
  7
KUBIEC
 72
1
 11
14.35
 21
46.03000000000003
 31
0.0
100
AcDbText
 73
2
  0
TEXT
  5
17C
330
17
100
AcDbEntity
  8
E_TEXTO
390
20
100
AcDbText
 10
16.95666666666666
 20
45.96000000000003
 30
0.0
 40
0.14
  1
[]200X200X8
  7
KUBIEC
 72
1
 11
17.65
 21
46.03000000000003
 31
0.0
100
AcDbText
 73
2
  0
TEXT
  5
17D
330
17
100
AcDbEntity
  8
E_TEXTO
390
20
100
AcDbText
 10
20.25666666666667
 20
45.96000000000003
 30
0.0
 40
0.14
  1
[]200X200X8
  7
KUBIEC
 72
1
 11
20.95
 21
46.03000000000003
 31
0.0
100
AcDbText
 73
2
  0
TEXT
  5
17E
330
17
100
AcDbEntity
  8
E_TEXTO
390
20
100
AcDbText
 10
24.16333333333333
 20
45.96000000000003
 30
0.0
 40
0.14
  1
-
  7
KUBIEC
 72
1
 11
24.25
 21
46.03000000000003
 31
0.0
100
AcDbText
 73
2
  0
TEXT
  5
17F
330
17
100
AcDbEntity
  8
E_TEXTO
390
20
100
AcDbText
 10
26.91333333333334
 20
45.96000000000003
 30
0.0
 40
0.14
  1
-
  7
KUBIEC
 72
1
 11
27.0
 21
46.03000000000003
 31
0.0
100
AcDbText
 73
2
  0
LINE
  5
180
330
17
100
AcDbEntity
  8
E_TABLA
390
20
100
AcDbLine
 10
3.0
 20
46.34000000000003
 30
0.0
 11
28.1
 21
46.34000000000003
 31
0.0
  0
TEXT
  5
181
330
17
100
AcDbEntity
  8
E_TEXTO
390
20
100
AcDbText
 10
4.069999999999999
 20
45.34000000000003
 30
0.0
 40
0.14
  1
B-4
  7
KUBIEC
 72
1
 11
4.3
 21
45.41000000000003
 31
0.0
100
AcDbText
 73
2
  0
TEXT
  5
182
330
17
100
AcDbEntity
  8
E_TEXTO
390
20
100
AcDbText
 10
6.11
 20
45.34000000000003
 30
0.0
 40
0.14
  1
ZC-2
  7
KUBIEC
 72
1
 11
6.4
 21
45.41000000000003
 31
0.0
100
AcDbText
 73
2
  0
TEXT
  5
183
330
17
100
AcDbEntity
  8
E_TEXTO
390
20
100
AcDbText
 10
7.803333333333333
 20
45.34000000000003
 30
0.0
 40
0.14
  1
N-4.46
  7
KUBIEC
 72
1
 11
8.2
 21
45.41000000000003
 31
0.0
100
AcDbText
 73
2
  0
TEXT
  5
184
330
17
100
AcDbEntity
  8
E_TEXTO
390
20
100
AcDbText
 10
10.81
 20
45.34000000000003
 30
0.0
 40
0.14
  1
P3
  7
KUBIEC
 72
1
 11
10.95
 21
45.41000000000003
 31
0.0
100
AcDbText
 73
2
  0
TEXT
  5
185
330
17
100
AcDbEntity
  8
E_TEXTO
390
20
100
AcDbText
 10
13.65666666666667
 20
45.34000000000003
 30
0.0
 40
0.14
  1
[]200X200X8
  7
KUBIEC
 72
1
 11
14.35
 21
45.41000000000003
 31
0.0
100
AcDbText
 73
2
  0
TEXT
  5
186
330
17
100
AcDbEntity
  8
E_TEXTO
390
20
100
AcDbText
 10
16.95666666666666
 20
45.34000000000003
 30
0.0
 40
0.14
  1
[]200X200X8
  7
KUBIEC
 72
1
 11
17.65
 21
45.41000000000003
 31
0.0
100
AcDbText
 73
2
  0
TEXT
  5
187
330
17
100
AcDbEntity
  8
E_TEXTO
390
20
100
AcDbText
 10
20.25666666666667
 20
45.34000000000003
 30
0.0
 40
0.14
  1
[]200X200X8
  7
KUBIEC
 72
1
 11
20.95
 21
45.41000000000003
 31
0.0
100
AcDbText
 73
2
  0
TEXT
  5
188
330
17
100
AcDbEntity
  8
E_TEXTO
390
20
100
AcDbText
 10
24.16333333333333
 20
45.34000000000003
 30
0.0
 40
0.14
  1
-
  7
KUBIEC
 72
1
 11
24.25
 21
45.41000000000003
 31
0.0
100
AcDbText
 73
2
  0
TEXT
  5
189
330
17
100
AcDbEntity
  8
E_TEXTO
390
20
100
AcDbText
 10
26.91333333333334
 20
45.34000000000003
 30
0.0
 40
0.14
  1
-
  7
KUBIEC
 72
1
 11
27.0
 21
45.41000000000003
 31
0.0
100
AcDbText
 73
2
  0
LINE
  5
18A
330
17
100
AcDbEntity
  8
E_TABLA
390
20
100
AcDbLine
 10
3.0
 20
45.72000000000003
 30
0.0
 11
28.1
 21
45.72000000000003
 31
0.0
  0
TEXT
  5
18B
330
17
100
AcDbEntity
  8
E_TEXTO
390
20
100
AcDbText
 10
4.073333333333333
 20
44.72000000000003
 30
0.0
 40
0.14
  1
C-4
  7
KUBIEC
 72
1
 11
4.3
 21
44.79000000000003
 31
0.0
100
AcDbText
 73
2
  0
TEXT
  5
18C
330
17
100
AcDbEntity
  8
E_TEXTO
390
20
100
AcDbText
 10
6.130000000000001
 20
44.72000000000003
 30
0.0
 40
0.14
  1
ZC-1
  7
KUBIEC
 72
1
 11
6.4
 21
44.79000000000003
 31
0.0
100
AcDbText
 73
2
  0
TEXT
  5
18D
330
17
100
AcDbEntity
  8
E_TEXTO
390
20
100
AcDbText
 10
7.803333333333333
 20
44.72000000000003
 30
0.0
 40
0.14
  1
N-4.46
  7
KUBIEC
 72
1
 11
8.2
 21
44.79000000000003
 31
0.0
100
AcDbText
 73
2
  0
TEXT
  5
18E
330
17
100
AcDbEntity
  8
E_TEXTO
390
20
100
AcDbText
 10
9.87
 20
44.72000000000003
 30
0.0
 40
0.14
  1
Pilastra C-4 45x90
  7
KUBIEC
 72
1
 11
10.95
 21
44.79000000000003
 31
0.0
100
AcDbText
 73
2
  0
TEXT
  5
18F
330
17
100
AcDbEntity
  8
E_TEXTO
390
20
100
AcDbText
 10
14.26333333333333
 20
44.72000000000003
 30
0.0
 40
0.14
  1
-
  7
KUBIEC
 72
1
 11
14.35
 21
44.79000000000003
 31
0.0
100
AcDbText
 73
2
  0
TEXT
  5
190
330
17
100
AcDbEntity
  8
E_TEXTO
390
20
100
AcDbText
 10
16.95666666666666
 20
44.72000000000003
 30
0.0
 40
0.14
  1
[]200X200X8
  7
KUBIEC
 72
1
 11
17.65
 21
44.79000000000003
 31
0.0
100
AcDbText
 73
2
  0
TEXT
  5
191
330
17
100
AcDbEntity
  8
E_TEXTO
390
20
100
AcDbText
 10
20.25666666666667
 20
44.72000000000003
 30
0.0
 40
0.14
  1
[]200X200X8
  7
KUBIEC
 72
1
 11
20.95
 21
44.79000000000003
 31
0.0
100
AcDbText
 73
2
  0
TEXT
  5
192
330
17
100
AcDbEntity
  8
E_TEXTO
390
20
100
AcDbText
 10
24.16333333333333
 20
44.72000000000003
 30
0.0
 40
0.14
  1
-
  7
KUBIEC
 72
1
 11
24.25
 21
44.79000000000003
 31
0.0
100
AcDbText
 73
2
  0
TEXT
  5
193
330
17
100
AcDbEntity
  8
E_TEXTO
390
20
100
AcDbText
 10
26.91333333333334
 20
44.72000000000003
 30
0.0
 40
0.14
  1
-
  7
KUBIEC
 72
1
 11
27.0
 21
44.79000000000003
 31
0.0
100
AcDbText
 73
2
  0
LINE
  5
194
330
17
100
AcDbEntity
  8
E_TABLA
390
20
100
AcDbLine
 10
3.0
 20
45.10000000000004
 30
0.0
 11
28.1
 21
45.10000000000004
 31
0.0
  0
TEXT
  5
195
330
17
100
AcDbEntity
  8
E_TEXTO
390
20
100
AcDbText
 10
4.069999999999999
 20
44.10000000000004
 30
0.0
 40
0.14
  1
D-4
  7
KUBIEC
 72
1
 11
4.3
 21
44.17000000000004
 31
0.0
100
AcDbText
 73
2
  0
TEXT
  5
196
330
17
100
AcDbEntity
  8
E_TEXTO
390
20
100
AcDbText
 10
6.266666666666667
 20
44.10000000000004
 30
0.0
 40
0.14
  1
Z2
  7
KUBIEC
 72
1
 11
6.4
 21
44.17000000000004
 31
0.0
100
AcDbText
 73
2
  0
TEXT
  5
197
330
17
100
AcDbEntity
  8
E_TEXTO
390
20
100
AcDbText
 10
7.803333333333333
 20
44.10000000000004
 30
0.0
 40
0.14
  1
N-1.40
  7
KUBIEC
 72
1
 11
8.2
 21
44.17000000000004
 31
0.0
100
AcDbText
 73
2
  0
TEXT
  5
198
330
17
100
AcDbEntity
  8
E_TEXTO
390
20
100
AcDbText
 10
10.83
 20
44.10000000000004
 30
0.0
 40
0.14
  1
P1
  7
KUBIEC
 72
1
 11
10.95
 21
44.17000000000004
 31
0.0
100
AcDbText
 73
2
  0
TEXT
  5
199
330
17
100
AcDbEntity
  8
E_TEXTO
390
20
100
AcDbText
 10
14.26333333333333
 20
44.10000000000004
 30
0.0
 40
0.14
  1
-
  7
KUBIEC
 72
1
 11
14.35
 21
44.17000000000004
 31
0.0
100
AcDbText
 73
2
  0
TEXT
  5
19A
330
17
100
AcDbEntity
  8
E_TEXTO
390
20
100
AcDbText
 10
16.95666666666666
 20
44.10000000000004
 30
0.0
 40
0.14
  1
[]200X200X8
  7
KUBIEC
 72
1
 11
17.65
 21
44.17000000000004
 31
0.0
100
AcDbText
 73
2
  0
TEXT
  5
19B
330
17
100
AcDbEntity
  8
E_TEXTO
390
20
100
AcDbText
 10
20.25666666666667
 20
44.10000000000004
 30
0.0
 40
0.14
  1
[]200X200X8
  7
KUBIEC
 72
1
 11
20.95
 21
44.17000000000004
 31
0.0
100
AcDbText
 73
2
  0
TEXT
  5
19C
330
17
100
AcDbEntity
  8
E_TEXTO
390
20
100
AcDbText
 10
24.16333333333333
 20
44.10000000000004
 30
0.0
 40
0.14
  1
-
  7
KUBIEC
 72
1
 11
24.25
 21
44.17000000000004
 31
0.0
100
AcDbText
 73
2
  0
TEXT
  5
19D
330
17
100
AcDbEntity
  8
E_TEXTO
390
20
100
AcDbText
 10
26.91333333333334
 20
44.10000000000004
 30
0.0
 40
0.14
  1
-
  7
KUBIEC
 72
1
 11
27.0
 21
44.17000000000004
 31
0.0
100
AcDbText
 73
2
  0
LINE
  5
19E
330
17
100
AcDbEntity
  8
E_TABLA
390
20
100
AcDbLine
 10
3.0
 20
44.48000000000004
 30
0.0
 11
28.1
 21
44.48000000000004
 31
0.0
  0
TEXT
  5
19F
330
17
100
AcDbEntity
  8
E_TEXTO
390
20
100
AcDbText
 10
4.076666666666666
 20
43.48000000000004
 30
0.0
 40
0.14
  1
E-4
  7
KUBIEC
 72
1
 11
4.3
 21
43.55000000000004
 31
0.0
100
AcDbText
 73
2
  0
TEXT
  5
1A0
330
17
100
AcDbEntity
  8
E_TEXTO
390
20
100
AcDbText
 10
6.266666666666667
 20
43.48000000000004
 30
0.0
 40
0.14
  1
Z2
  7
KUBIEC
 72
1
 11
6.4
 21
43.55000000000004
 31
0.0
100
AcDbText
 73
2
  0
TEXT
  5
1A1
330
17
100
AcDbEntity
  8
E_TEXTO
390
20
100
AcDbText
 10
7.803333333333333
 20
43.48000000000004
 30
0.0
 40
0.14
  1
N-1.40
  7
KUBIEC
 72
1
 11
8.2
 21
43.55000000000004
 31
0.0
100
AcDbText
 73
2
  0
TEXT
  5
1A2
330
17
100
AcDbEntity
  8
E_TEXTO
390
20
100
AcDbText
 10
10.83
 20
43.48000000000004
 30
0.0
 40
0.14
  1
P1
  7
KUBIEC
 72
1
 11
10.95
 21
43.55000000000004
 31
0.0
100
AcDbText
 73
2
  0
TEXT
  5
1A3
330
17
100
AcDbEntity
  8
E_TEXTO
390
20
100
AcDbText
 10
14.26333333333333
 20
43.48000000000004
 30
0.0
 40
0.14
  1
-
  7
KUBIEC
 72
1
 11
14.35
 21
43.55000000000004
 31
0.0
100
AcDbText
 73
2
  0
TEXT
  5
1A4
330
17
100
AcDbEntity
  8
E_TEXTO
390
20
100
AcDbText
 10
16.95666666666666
 20
43.48000000000004
 30
0.0
 40
0.14
  1
[]200X200X8
  7
KUBIEC
 72
1
 11
17.65
 21
43.55000000000004
 31
0.0
100
AcDbText
 73
2
  0
TEXT
  5
1A5
330
17
100
AcDbEntity
  8
E_TEXTO
390
20
100
AcDbText
 10
20.25666666666667
 20
43.48000000000004
 30
0.0
 40
0.14
  1
[]200X200X8
  7
KUBIEC
 72
1
 11
20.95
 21
43.55000000000004
 31
0.0
100
AcDbText
 73
2
  0
TEXT
  5
1A6
330
17
100
AcDbEntity
  8
E_TEXTO
390
20
100
AcDbText
 10
24.16333333333333
 20
43.48000000000004
 30
0.0
 40
0.14
  1
-
  7
KUBIEC
 72
1
 11
24.25
 21
43.55000000000004
 31
0.0
100
AcDbText
 73
2
  0
TEXT
  5
1A7
330
17
100
AcDbEntity
  8
E_TEXTO
390
20
100
AcDbText
 10
26.91333333333334
 20
43.48000000000004
 30
0.0
 40
0.14
  1
-
  7
KUBIEC
 72
1
 11
27.0
 21
43.55000000000004
 31
0.0
100
AcDbText
 73
2
  0
LINE
  5
1A8
330
17
100
AcDbEntity
  8
E_TABLA
390
20
100
AcDbLine
 10
3.0
 20
43.86000000000003
 30
0.0
 11
28.1
 21
43.86000000000003
 31
0.0
  0
LINE
  5
1A9
330
17
100
AcDbEntity
  8
E_TABLA
390
20
100
AcDbLine
 10
3.0
 20
43.24000000000004
 30
0.0
 11
28.1
 21
43.24000000000004
 31
0.0
  0
LINE
  5
1AA
330
17
100
AcDbEntity
  8
E_TABLA
390
20
100
AcDbLine
 10
3.0
 20
55.5
 30
0.0
 11
3.0
 21
43.24000000000004
 31
0.0
  0
LINE
  5
1AB
330
17
100
AcDbEntity
  8
E_TABLA
390
20
100
AcDbLine
 10
5.6
 20
55.5
 30
0.0
 11
5.6
 21
43.24000000000004
 31
0.0
  0
LINE
  5
1AC
330
17
100
AcDbEntity
  8
E_TABLA
390
20
100
AcDbLine
 10
7.199999999999998
 20
55.5
 30
0.0
 11
7.199999999999998
 21
43.24000000000004
 31
0.0
  0
LINE
  5
1AD
330
17
100
AcDbEntity
  8
E_TABLA
390
20
100
AcDbLine
 10
9.2
 20
55.5
 30
0.0
 11
9.2
 21
43.24000000000004
 31
0.0
  0
LINE
  5
1AE
330
17
100
AcDbEntity
  8
E_TABLA
390
20
100
AcDbLine
 10
12.7
 20
55.5
 30
0.0
 11
12.7
 21
43.24000000000004
 31
0.0
  0
LINE
  5
1AF
330
17
100
AcDbEntity
  8
E_TABLA
390
20
100
AcDbLine
 10
16.0
 20
55.5
 30
0.0
 11
16.0
 21
43.24000000000004
 31
0.0
  0
LINE
  5
1B0
330
17
100
AcDbEntity
  8
E_TABLA
390
20
100
AcDbLine
 10
19.3
 20
55.5
 30
0.0
 11
19.3
 21
43.24000000000004
 31
0.0
  0
LINE
  5
1B1
330
17
100
AcDbEntity
  8
E_TABLA
390
20
100
AcDbLine
 10
22.6
 20
55.5
 30
0.0
 11
22.6
 21
43.24000000000004
 31
0.0
  0
LINE
  5
1B2
330
17
100
AcDbEntity
  8
E_TABLA
390
20
100
AcDbLine
 10
25.9
 20
55.5
 30
0.0
 11
25.9
 21
43.24000000000004
 31
0.0
  0
LINE
  5
1B3
330
17
100
AcDbEntity
  8
E_TABLA
390
20
100
AcDbLine
 10
28.1
 20
55.5
 30
0.0
 11
28.1
 21
43.24000000000004
 31
0.0
  0
TEXT
  5
1B4
330
17
100
AcDbEntity
  8
E_TEXTO
390
20
100
AcDbText
 10
30.40666666666667
 20
54.88
 30
0.0
 40
0.14
  1
COLUMNA
  7
KUBIEC
 72
1
 11
30.9
 21
54.95
 31
0.0
100
AcDbText
 73
2
  0
TEXT
  5
1B5
330
17
100
AcDbEntity
  8
E_TEXTO
390
20
100
AcDbText
 10
32.62333333333333
 20
54.88
 30
0.0
 40
0.14
  1
ZAPATA
  7
KUBIEC
 72
1
 11
33.0
 21
54.95
 31
0.0
100
AcDbText
 73
2
  0
TEXT
  5
1B6
330
17
100
AcDbEntity
  8
E_TEXTO
390
20
100
AcDbText
 10
34.12333333333333
 20
54.88
 30
0.0
 40
0.14
  1
COTA FONDO
  7
KUBIEC
 72
1
 11
34.8
 21
54.95
 31
0.0
100
AcDbText
 73
2
  0
TEXT
  5
1B7
330
17
100
AcDbEntity
  8
E_TEXTO
390
20
100
AcDbText
 10
36.56666666666666
 20
54.88
 30
0.0
 40
0.14
  1
PEDESTAL / BASE
  7
KUBIEC
 72
1
 11
37.55
 21
54.95
 31
0.0
100
AcDbText
 73
2
  0
TEXT
  5
1B8
330
17
100
AcDbEntity
  8
E_TEXTO
390
20
100
AcDbText
 10
39.96
 20
54.88
 30
0.0
 40
0.14
  1
N-3.06 A N±0.00
  7
KUBIEC
 72
1
 11
40.95
 21
54.95
 31
0.0
100
AcDbText
 73
2
  0
TEXT
  5
1B9
330
17
100
AcDbEntity
  8
E_TEXTO
390
20
100
AcDbText
 10
43.26
 20
54.88
 30
0.0
 40
0.14
  1
N±0.00 A N+3.06
  7
KUBIEC
 72
1
 11
44.25
 21
54.95
 31
0.0
100
AcDbText
 73
2
  0
TEXT
  5
1BA
330
17
100
AcDbEntity
  8
E_TEXTO
390
20
100
AcDbText
 10
46.56
 20
54.88
 30
0.0
 40
0.14
  1
N+3.06 A N+6.12
  7
KUBIEC
 72
1
 11
47.55
 21
54.95
 31
0.0
100
AcDbText
 73
2
  0
TEXT
  5
1BB
330
17
100
AcDbEntity
  8
E_TEXTO
390
20
100
AcDbText
 10
49.86
 20
54.88
 30
0.0
 40
0.14
  1
N+6.12 A N+7.77
  7
KUBIEC
 72
1
 11
50.85
 21
54.95
 31
0.0
100
AcDbText
 73
2
  0
TEXT
  5
1BC
330
17
100
AcDbEntity
  8
E_TEXTO
390
20
100
AcDbText
 10
52.66666666666667
 20
54.88
 30
0.0
 40
0.14
  1
T ANCLAJE (Tonf)
  7
KUBIEC
 72
1
 11
53.6
 21
54.95
 31
0.0
100
AcDbText
 73
2
  0
LINE
  5
1BD
330
17
100
AcDbEntity
  8
E_TABLA
390
20
100
AcDbLine
 10
29.6
 20
55.5
 30
0.0
 11
54.7
 21
55.5
 31
0.0
  0
TEXT
  5
1BE
330
17
100
AcDbEntity
  8
E_TEXTO
390
20
100
AcDbText
 10
30.68
 20
54.02
 30
0.0
 40
0.14
  1
F-4
  7
KUBIEC
 72
1
 11
30.9
 21
54.09
 31
0.0
100
AcDbText
 73
2
  0
TEXT
  5
1BF
330
17
100
AcDbEntity
  8
E_TEXTO
390
20
100
AcDbText
 10
32.86666666666667
 20
54.02
 30
0.0
 40
0.14
  1
Z2
  7
KUBIEC
 72
1
 11
33.0
 21
54.09
 31
0.0
100
AcDbText
 73
2
  0
TEXT
  5
1C0
330
17
100
AcDbEntity
  8
E_TEXTO
390
20
100
AcDbText
 10
34.40333333333334
 20
54.02
 30
0.0
 40
0.14
  1
N-1.40
  7
KUBIEC
 72
1
 11
34.8
 21
54.09
 31
0.0
100
AcDbText
 73
2
  0
TEXT
  5
1C1
330
17
100
AcDbEntity
  8
E_TEXTO
390
20
100
AcDbText
 10
37.41
 20
54.02
 30
0.0
 40
0.14
  1
P2
  7
KUBIEC
 72
1
 11
37.55
 21
54.09
 31
0.0
100
AcDbText
 73
2
  0
TEXT
  5
1C2
330
17
100
AcDbEntity
  8
E_TEXTO
390
20
100
AcDbText
 10
40.86333333333334
 20
54.02
 30
0.0
 40
0.14
  1
-
  7
KUBIEC
 72
1
 11
40.95
 21
54.09
 31
0.0
100
AcDbText
 73
2
  0
TEXT
  5
1C3
330
17
100
AcDbEntity
  8
E_TEXTO
390
20
100
AcDbText
 10
43.55666666666666
 20
54.02
 30
0.0
 40
0.14
  1
[]200X200X8
  7
KUBIEC
 72
1
 11
44.25
 21
54.09
 31
0.0
100
AcDbText
 73
2
  0
TEXT
  5
1C4
330
17
100
AcDbEntity
  8
E_TEXTO
390
20
100
AcDbText
 10
46.85666666666666
 20
54.02
 30
0.0
 40
0.14
  1
[]200X200X8
  7
KUBIEC
 72
1
 11
47.55
 21
54.09
 31
0.0
100
AcDbText
 73
2
  0
TEXT
  5
1C5
330
17
100
AcDbEntity
  8
E_TEXTO
390
20
100
AcDbText
 10
50.76333333333334
 20
54.02
 30
0.0
 40
0.14
  1
-
  7
KUBIEC
 72
1
 11
50.85
 21
54.09
 31
0.0
100
AcDbText
 73
2
  0
TEXT
  5
1C6
330
17
100
AcDbEntity
  8
E_TEXTO
390
20
100
AcDbText
 10
53.51333333333334
 20
54.02
 30
0.0
 40
0.14
  1
-
  7
KUBIEC
 72
1
 11
53.6
 21
54.09
 31
0.0
100
AcDbText
 73
2
  0
LINE
  5
1C7
330
17
100
AcDbEntity
  8
E_TABLA
390
20
100
AcDbLine
 10
29.6
 20
54.4
 30
0.0
 11
54.7
 21
54.4
 31
0.0
  0
TEXT
  5
1C8
330
17
100
AcDbEntity
  8
E_TEXTO
390
20
100
AcDbText
 10
30.67333333333333
 20
53.4
 30
0.0
 40
0.14
  1
G-4
  7
KUBIEC
 72
1
 11
30.9
 21
53.47
 31
0.0
100
AcDbText
 73
2
  0
TEXT
  5
1C9
330
17
100
AcDbEntity
  8
E_TEXTO
390
20
100
AcDbText
 10
32.88666666666666
 20
53.4
 30
0.0
 40
0.14
  1
Z1
  7
KUBIEC
 72
1
 11
33.0
 21
53.47
 31
0.0
100
AcDbText
 73
2
  0
TEXT
  5
1CA
330
17
100
AcDbEntity
  8
E_TEXTO
390
20
100
AcDbText
 10
34.40333333333334
 20
53.4
 30
0.0
 40
0.14
  1
N-1.40
  7
KUBIEC
 72
1
 11
34.8
 21
53.47
 31
0.0
100
AcDbText
 73
2
  0
TEXT
  5
1CB
330
17
100
AcDbEntity
  8
E_TEXTO
390
20
100
AcDbText
 10
37.41
 20
53.4
 30
0.0
 40
0.14
  1
P2
  7
KUBIEC
 72
1
 11
37.55
 21
53.47
 31
0.0
100
AcDbText
 73
2
  0
TEXT
  5
1CC
330
17
100
AcDbEntity
  8
E_TEXTO
390
20
100
AcDbText
 10
40.86333333333334
 20
53.4
 30
0.0
 40
0.14
  1
-
  7
KUBIEC
 72
1
 11
40.95
 21
53.47
 31
0.0
100
AcDbText
 73
2
  0
TEXT
  5
1CD
330
17
100
AcDbEntity
  8
E_TEXTO
390
20
100
AcDbText
 10
43.55666666666666
 20
53.4
 30
0.0
 40
0.14
  1
[]200X200X8
  7
KUBIEC
 72
1
 11
44.25
 21
53.47
 31
0.0
100
AcDbText
 73
2
  0
TEXT
  5
1CE
330
17
100
AcDbEntity
  8
E_TEXTO
390
20
100
AcDbText
 10
46.85666666666666
 20
53.4
 30
0.0
 40
0.14
  1
[]200X200X8
  7
KUBIEC
 72
1
 11
47.55
 21
53.47
 31
0.0
100
AcDbText
 73
2
  0
TEXT
  5
1CF
330
17
100
AcDbEntity
  8
E_TEXTO
390
20
100
AcDbText
 10
50.76333333333334
 20
53.4
 30
0.0
 40
0.14
  1
-
  7
KUBIEC
 72
1
 11
50.85
 21
53.47
 31
0.0
100
AcDbText
 73
2
  0
TEXT
  5
1D0
330
17
100
AcDbEntity
  8
E_TEXTO
390
20
100
AcDbText
 10
53.35666666666667
 20
53.4
 30
0.0
 40
0.14
  1
16.8
  7
KUBIEC
 72
1
 11
53.6
 21
53.47
 31
0.0
100
AcDbText
 73
2
  0
LINE
  5
1D1
330
17
100
AcDbEntity
  8
E_TABLA
390
20
100
AcDbLine
 10
29.6
 20
53.78
 30
0.0
 11
54.7
 21
53.78
 31
0.0
  0
TEXT
  5
1D2
330
17
100
AcDbEntity
  8
E_TEXTO
390
20
100
AcDbText
 10
30.66
 20
52.78
 30
0.0
 40
0.14
  1
A'-5
  7
KUBIEC
 72
1
 11
30.9
 21
52.85
 31
0.0
100
AcDbText
 73
2
  0
TEXT
  5
1D3
330
17
100
AcDbEntity
  8
E_TEXTO
390
20
100
AcDbText
 10
32.86666666666667
 20
52.78
 30
0.0
 40
0.14
  1
Z3
  7
KUBIEC
 72
1
 11
33.0
 21
52.85
 31
0.0
100
AcDbText
 73
2
  0
TEXT
  5
1D4
330
17
100
AcDbEntity
  8
E_TEXTO
390
20
100
AcDbText
 10
34.40333333333334
 20
52.78
 30
0.0
 40
0.14
  1
N-4.46
  7
KUBIEC
 72
1
 11
34.8
 21
52.85
 31
0.0
100
AcDbText
 73
2
  0
TEXT
  5
1D5
330
17
100
AcDbEntity
  8
E_TEXTO
390
20
100
AcDbText
 10
37.41
 20
52.78
 30
0.0
 40
0.14
  1
P3
  7
KUBIEC
 72
1
 11
37.55
 21
52.85
 31
0.0
100
AcDbText
 73
2
  0
TEXT
  5
1D6
330
17
100
AcDbEntity
  8
E_TEXTO
390
20
100
AcDbText
 10
40.25666666666667
 20
52.78
 30
0.0
 40
0.14
  1
[]200X200X8
  7
KUBIEC
 72
1
 11
40.95
 21
52.85
 31
0.0
100
AcDbText
 73
2
  0
TEXT
  5
1D7
330
17
100
AcDbEntity
  8
E_TEXTO
390
20
100
AcDbText
 10
44.16333333333333
 20
52.78
 30
0.0
 40
0.14
  1
-
  7
KUBIEC
 72
1
 11
44.25
 21
52.85
 31
0.0
100
AcDbText
 73
2
  0
TEXT
  5
1D8
330
17
100
AcDbEntity
  8
E_TEXTO
390
20
100
AcDbText
 10
47.46333333333333
 20
52.78
 30
0.0
 40
0.14
  1
-
  7
KUBIEC
 72
1
 11
47.55
 21
52.85
 31
0.0
100
AcDbText
 73
2
  0
TEXT
  5
1D9
330
17
100
AcDbEntity
  8
E_TEXTO
390
20
100
AcDbText
 10
50.76333333333334
 20
52.78
 30
0.0
 40
0.14
  1
-
  7
KUBIEC
 72
1
 11
50.85
 21
52.85
 31
0.0
100
AcDbText
 73
2
  0
TEXT
  5
1DA
330
17
100
AcDbEntity
  8
E_TEXTO
390
20
100
AcDbText
 10
53.51333333333334
 20
52.78
 30
0.0
 40
0.14
  1
-
  7
KUBIEC
 72
1
 11
53.6
 21
52.85
 31
0.0
100
AcDbText
 73
2
  0
LINE
  5
1DB
330
17
100
AcDbEntity
  8
E_TABLA
390
20
100
AcDbLine
 10
29.6
 20
53.16
 30
0.0
 11
54.7
 21
53.16
 31
0.0
  0
TEXT
  5
1DC
330
17
100
AcDbEntity
  8
E_TEXTO
390
20
100
AcDbText
 10
30.69333333333333
 20
52.16
 30
0.0
 40
0.14
  1
A-5
  7
KUBIEC
 72
1
 11
30.9
 21
52.23
 31
0.0
100
AcDbText
 73
2
  0
TEXT
  5
1DD
330
17
100
AcDbEntity
  8
E_TEXTO
390
20
100
AcDbText
 10
32.86666666666667
 20
52.16
 30
0.0
 40
0.14
  1
Z3
  7
KUBIEC
 72
1
 11
33.0
 21
52.23
 31
0.0
100
AcDbText
 73
2
  0
TEXT
  5
1DE
330
17
100
AcDbEntity
  8
E_TEXTO
390
20
100
AcDbText
 10
34.40333333333334
 20
52.16
 30
0.0
 40
0.14
  1
N-4.46
  7
KUBIEC
 72
1
 11
34.8
 21
52.23
 31
0.0
100
AcDbText
 73
2
  0
TEXT
  5
1DF
330
17
100
AcDbEntity
  8
E_TEXTO
390
20
100
AcDbText
 10
37.41
 20
52.16
 30
0.0
 40
0.14
  1
P3
  7
KUBIEC
 72
1
 11
37.55
 21
52.23
 31
0.0
100
AcDbText
 73
2
  0
TEXT
  5
1E0
330
17
100
AcDbEntity
  8
E_TEXTO
390
20
100
AcDbText
 10
40.25666666666667
 20
52.16
 30
0.0
 40
0.14
  1
[]200X200X8
  7
KUBIEC
 72
1
 11
40.95
 21
52.23
 31
0.0
100
AcDbText
 73
2
  0
TEXT
  5
1E1
330
17
100
AcDbEntity
  8
E_TEXTO
390
20
100
AcDbText
 10
43.55666666666666
 20
52.16
 30
0.0
 40
0.14
  1
[]200X200X8
  7
KUBIEC
 72
1
 11
44.25
 21
52.23
 31
0.0
100
AcDbText
 73
2
  0
TEXT
  5
1E2
330
17
100
AcDbEntity
  8
E_TEXTO
390
20
100
AcDbText
 10
46.85666666666666
 20
52.16
 30
0.0
 40
0.14
  1
[]200X200X8
  7
KUBIEC
 72
1
 11
47.55
 21
52.23
 31
0.0
100
AcDbText
 73
2
  0
TEXT
  5
1E3
330
17
100
AcDbEntity
  8
E_TEXTO
390
20
100
AcDbText
 10
50.15666666666667
 20
52.16
 30
0.0
 40
0.14
  1
[]200X200X8
  7
KUBIEC
 72
1
 11
50.85
 21
52.23
 31
0.0
100
AcDbText
 73
2
  0
TEXT
  5
1E4
330
17
100
AcDbEntity
  8
E_TEXTO
390
20
100
AcDbText
 10
53.51333333333334
 20
52.16
 30
0.0
 40
0.14
  1
-
  7
KUBIEC
 72
1
 11
53.6
 21
52.23
 31
0.0
100
AcDbText
 73
2
  0
LINE
  5
1E5
330
17
100
AcDbEntity
  8
E_TABLA
390
20
100
AcDbLine
 10
29.6
 20
52.54000000000001
 30
0.0
 11
54.7
 21
52.54000000000001
 31
0.0
  0
TEXT
  5
1E6
330
17
100
AcDbEntity
  8
E_TEXTO
390
20
100
AcDbText
 10
30.67333333333333
 20
51.54000000000001
 30
0.0
 40
0.14
  1
B-5
  7
KUBIEC
 72
1
 11
30.9
 21
51.61000000000001
 31
0.0
100
AcDbText
 73
2
  0
TEXT
  5
1E7
330
17
100
AcDbEntity
  8
E_TEXTO
390
20
100
AcDbText
 10
32.71
 20
51.54000000000001
 30
0.0
 40
0.14
  1
ZC-2
  7
KUBIEC
 72
1
 11
33.0
 21
51.61000000000001
 31
0.0
100
AcDbText
 73
2
  0
TEXT
  5
1E8
330
17
100
AcDbEntity
  8
E_TEXTO
390
20
100
AcDbText
 10
34.40333333333334
 20
51.54000000000001
 30
0.0
 40
0.14
  1
N-4.46
  7
KUBIEC
 72
1
 11
34.8
 21
51.61000000000001
 31
0.0
100
AcDbText
 73
2
  0
TEXT
  5
1E9
330
17
100
AcDbEntity
  8
E_TEXTO
390
20
100
AcDbText
 10
37.41
 20
51.54000000000001
 30
0.0
 40
0.14
  1
P3
  7
KUBIEC
 72
1
 11
37.55
 21
51.61000000000001
 31
0.0
100
AcDbText
 73
2
  0
TEXT
  5
1EA
330
17
100
AcDbEntity
  8
E_TEXTO
390
20
100
AcDbText
 10
40.25666666666667
 20
51.54000000000001
 30
0.0
 40
0.14
  1
[]200X200X8
  7
KUBIEC
 72
1
 11
40.95
 21
51.61000000000001
 31
0.0
100
AcDbText
 73
2
  0
TEXT
  5
1EB
330
17
100
AcDbEntity
  8
E_TEXTO
390
20
100
AcDbText
 10
43.55666666666666
 20
51.54000000000001
 30
0.0
 40
0.14
  1
[]200X200X8
  7
KUBIEC
 72
1
 11
44.25
 21
51.61000000000001
 31
0.0
100
AcDbText
 73
2
  0
TEXT
  5
1EC
330
17
100
AcDbEntity
  8
E_TEXTO
390
20
100
AcDbText
 10
46.85666666666666
 20
51.54000000000001
 30
0.0
 40
0.14
  1
[]200X200X8
  7
KUBIEC
 72
1
 11
47.55
 21
51.61000000000001
 31
0.0
100
AcDbText
 73
2
  0
TEXT
  5
1ED
330
17
100
AcDbEntity
  8
E_TEXTO
390
20
100
AcDbText
 10
50.15666666666667
 20
51.54000000000001
 30
0.0
 40
0.14
  1
[]200X200X8
  7
KUBIEC
 72
1
 11
50.85
 21
51.61000000000001
 31
0.0
100
AcDbText
 73
2
  0
TEXT
  5
1EE
330
17
100
AcDbEntity
  8
E_TEXTO
390
20
100
AcDbText
 10
53.51333333333334
 20
51.54000000000001
 30
0.0
 40
0.14
  1
-
  7
KUBIEC
 72
1
 11
53.6
 21
51.61000000000001
 31
0.0
100
AcDbText
 73
2
  0
LINE
  5
1EF
330
17
100
AcDbEntity
  8
E_TABLA
390
20
100
AcDbLine
 10
29.6
 20
51.92000000000001
 30
0.0
 11
54.7
 21
51.92000000000001
 31
0.0
  0
TEXT
  5
1F0
330
17
100
AcDbEntity
  8
E_TEXTO
390
20
100
AcDbText
 10
30.67666666666667
 20
50.92000000000001
 30
0.0
 40
0.14
  1
C-5
  7
KUBIEC
 72
1
 11
30.9
 21
50.99000000000001
 31
0.0
100
AcDbText
 73
2
  0
TEXT
  5
1F1
330
17
100
AcDbEntity
  8
E_TEXTO
390
20
100
AcDbText
 10
32.86666666666667
 20
50.92000000000001
 30
0.0
 40
0.14
  1
Z2
  7
KUBIEC
 72
1
 11
33.0
 21
50.99000000000001
 31
0.0
100
AcDbText
 73
2
  0
TEXT
  5
1F2
330
17
100
AcDbEntity
  8
E_TEXTO
390
20
100
AcDbText
 10
34.40333333333334
 20
50.92000000000001
 30
0.0
 40
0.14
  1
N-1.40
  7
KUBIEC
 72
1
 11
34.8
 21
50.99000000000001
 31
0.0
100
AcDbText
 73
2
  0
TEXT
  5
1F3
330
17
100
AcDbEntity
  8
E_TEXTO
390
20
100
AcDbText
 10
37.41
 20
50.92000000000001
 30
0.0
 40
0.14
  1
P2
  7
KUBIEC
 72
1
 11
37.55
 21
50.99000000000001
 31
0.0
100
AcDbText
 73
2
  0
TEXT
  5
1F4
330
17
100
AcDbEntity
  8
E_TEXTO
390
20
100
AcDbText
 10
40.86333333333334
 20
50.92000000000001
 30
0.0
 40
0.14
  1
-
  7
KUBIEC
 72
1
 11
40.95
 21
50.99000000000001
 31
0.0
100
AcDbText
 73
2
  0
TEXT
  5
1F5
330
17
100
AcDbEntity
  8
E_TEXTO
390
20
100
AcDbText
 10
43.55666666666666
 20
50.92000000000001
 30
0.0
 40
0.14
  1
[]200X200X8
  7
KUBIEC
 72
1
 11
44.25
 21
50.99000000000001
 31
0.0
100
AcDbText
 73
2
  0
TEXT
  5
1F6
330
17
100
AcDbEntity
  8
E_TEXTO
390
20
100
AcDbText
 10
46.85666666666666
 20
50.92000000000001
 30
0.0
 40
0.14
  1
[]200X200X8
  7
KUBIEC
 72
1
 11
47.55
 21
50.99000000000001
 31
0.0
100
AcDbText
 73
2
  0
TEXT
  5
1F7
330
17
100
AcDbEntity
  8
E_TEXTO
390
20
100
AcDbText
 10
50.76333333333334
 20
50.92000000000001
 30
0.0
 40
0.14
  1
-
  7
KUBIEC
 72
1
 11
50.85
 21
50.99000000000001
 31
0.0
100
AcDbText
 73
2
  0
TEXT
  5
1F8
330
17
100
AcDbEntity
  8
E_TEXTO
390
20
100
AcDbText
 10
53.51333333333334
 20
50.92000000000001
 30
0.0
 40
0.14
  1
-
  7
KUBIEC
 72
1
 11
53.6
 21
50.99000000000001
 31
0.0
100
AcDbText
 73
2
  0
LINE
  5
1F9
330
17
100
AcDbEntity
  8
E_TABLA
390
20
100
AcDbLine
 10
29.6
 20
51.30000000000001
 30
0.0
 11
54.7
 21
51.30000000000001
 31
0.0
  0
TEXT
  5
1FA
330
17
100
AcDbEntity
  8
E_TEXTO
390
20
100
AcDbText
 10
30.67333333333333
 20
50.30000000000001
 30
0.0
 40
0.14
  1
D-5
  7
KUBIEC
 72
1
 11
30.9
 21
50.37000000000001
 31
0.0
100
AcDbText
 73
2
  0
TEXT
  5
1FB
330
17
100
AcDbEntity
  8
E_TEXTO
390
20
100
AcDbText
 10
32.86666666666667
 20
50.30000000000001
 30
0.0
 40
0.14
  1
Z3
  7
KUBIEC
 72
1
 11
33.0
 21
50.37000000000001
 31
0.0
100
AcDbText
 73
2
  0
TEXT
  5
1FC
330
17
100
AcDbEntity
  8
E_TEXTO
390
20
100
AcDbText
 10
34.40333333333334
 20
50.30000000000001
 30
0.0
 40
0.14
  1
N-1.40
  7
KUBIEC
 72
1
 11
34.8
 21
50.37000000000001
 31
0.0
100
AcDbText
 73
2
  0
TEXT
  5
1FD
330
17
100
AcDbEntity
  8
E_TEXTO
390
20
100
AcDbText
 10
37.41
 20
50.30000000000001
 30
0.0
 40
0.14
  1
P3
  7
KUBIEC
 72
1
 11
37.55
 21
50.37000000000001
 31
0.0
100
AcDbText
 73
2
  0
TEXT
  5
1FE
330
17
100
AcDbEntity
  8
E_TEXTO
390
20
100
AcDbText
 10
40.86333333333334
 20
50.30000000000001
 30
0.0
 40
0.14
  1
-
  7
KUBIEC
 72
1
 11
40.95
 21
50.37000000000001
 31
0.0
100
AcDbText
 73
2
  0
TEXT
  5
1FF
330
17
100
AcDbEntity
  8
E_TEXTO
390
20
100
AcDbText
 10
43.55666666666666
 20
50.30000000000001
 30
0.0
 40
0.14
  1
[]200X200X8
  7
KUBIEC
 72
1
 11
44.25
 21
50.37000000000001
 31
0.0
100
AcDbText
 73
2
  0
TEXT
  5
200
330
17
100
AcDbEntity
  8
E_TEXTO
390
20
100
AcDbText
 10
46.85666666666666
 20
50.30000000000001
 30
0.0
 40
0.14
  1
[]200X200X8
  7
KUBIEC
 72
1
 11
47.55
 21
50.37000000000001
 31
0.0
100
AcDbText
 73
2
  0
TEXT
  5
201
330
17
100
AcDbEntity
  8
E_TEXTO
390
20
100
AcDbText
 10
50.76333333333334
 20
50.30000000000001
 30
0.0
 40
0.14
  1
-
  7
KUBIEC
 72
1
 11
50.85
 21
50.37000000000001
 31
0.0
100
AcDbText
 73
2
  0
TEXT
  5
202
330
17
100
AcDbEntity
  8
E_TEXTO
390
20
100
AcDbText
 10
53.43
 20
50.30000000000001
 30
0.0
 40
0.14
  1
7.4
  7
KUBIEC
 72
1
 11
53.6
 21
50.37000000000001
 31
0.0
100
AcDbText
 73
2
  0
LINE
  5
203
330
17
100
AcDbEntity
  8
E_TABLA
390
20
100
AcDbLine
 10
29.6
 20
50.68000000000002
 30
0.0
 11
54.7
 21
50.68000000000002
 31
0.0
  0
TEXT
  5
204
330
17
100
AcDbEntity
  8
E_TEXTO
390
20
100
AcDbText
 10
30.68
 20
49.68000000000002
 30
0.0
 40
0.14
  1
E-5
  7
KUBIEC
 72
1
 11
30.9
 21
49.75000000000002
 31
0.0
100
AcDbText
 73
2
  0
TEXT
  5
205
330
17
100
AcDbEntity
  8
E_TEXTO
390
20
100
AcDbText
 10
32.86666666666667
 20
49.68000000000002
 30
0.0
 40
0.14
  1
Z2
  7
KUBIEC
 72
1
 11
33.0
 21
49.75000000000002
 31
0.0
100
AcDbText
 73
2
  0
TEXT
  5
206
330
17
100
AcDbEntity
  8
E_TEXTO
390
20
100
AcDbText
 10
34.40333333333334
 20
49.68000000000002
 30
0.0
 40
0.14
  1
N-1.40
  7
KUBIEC
 72
1
 11
34.8
 21
49.75000000000002
 31
0.0
100
AcDbText
 73
2
  0
TEXT
  5
207
330
17
100
AcDbEntity
  8
E_TEXTO
390
20
100
AcDbText
 10
37.41
 20
49.68000000000002
 30
0.0
 40
0.14
  1
P3
  7
KUBIEC
 72
1
 11
37.55
 21
49.75000000000002
 31
0.0
100
AcDbText
 73
2
  0
TEXT
  5
208
330
17
100
AcDbEntity
  8
E_TEXTO
390
20
100
AcDbText
 10
40.86333333333334
 20
49.68000000000002
 30
0.0
 40
0.14
  1
-
  7
KUBIEC
 72
1
 11
40.95
 21
49.75000000000002
 31
0.0
100
AcDbText
 73
2
  0
TEXT
  5
209
330
17
100
AcDbEntity
  8
E_TEXTO
390
20
100
AcDbText
 10
43.55666666666666
 20
49.68000000000002
 30
0.0
 40
0.14
  1
[]200X200X8
  7
KUBIEC
 72
1
 11
44.25
 21
49.75000000000002
 31
0.0
100
AcDbText
 73
2
  0
TEXT
  5
20A
330
17
100
AcDbEntity
  8
E_TEXTO
390
20
100
AcDbText
 10
46.85666666666666
 20
49.68000000000002
 30
0.0
 40
0.14
  1
[]200X200X8
  7
KUBIEC
 72
1
 11
47.55
 21
49.75000000000002
 31
0.0
100
AcDbText
 73
2
  0
TEXT
  5
20B
330
17
100
AcDbEntity
  8
E_TEXTO
390
20
100
AcDbText
 10
50.76333333333334
 20
49.68000000000002
 30
0.0
 40
0.14
  1
-
  7
KUBIEC
 72
1
 11
50.85
 21
49.75000000000002
 31
0.0
100
AcDbText
 73
2
  0
TEXT
  5
20C
330
17
100
AcDbEntity
  8
E_TEXTO
390
20
100
AcDbText
 10
53.36
 20
49.68000000000002
 30
0.0
 40
0.14
  1
10.9
  7
KUBIEC
 72
1
 11
53.6
 21
49.75000000000002
 31
0.0
100
AcDbText
 73
2
  0
LINE
  5
20D
330
17
100
AcDbEntity
  8
E_TABLA
390
20
100
AcDbLine
 10
29.6
 20
50.06000000000002
 30
0.0
 11
54.7
 21
50.06000000000002
 31
0.0
  0
TEXT
  5
20E
330
17
100
AcDbEntity
  8
E_TEXTO
390
20
100
AcDbText
 10
30.68333333333333
 20
49.06000000000002
 30
0.0
 40
0.14
  1
F-5
  7
KUBIEC
 72
1
 11
30.9
 21
49.13000000000002
 31
0.0
100
AcDbText
 73
2
  0
TEXT
  5
20F
330
17
100
AcDbEntity
  8
E_TEXTO
390
20
100
AcDbText
 10
32.86666666666667
 20
49.06000000000002
 30
0.0
 40
0.14
  1
Z2
  7
KUBIEC
 72
1
 11
33.0
 21
49.13000000000002
 31
0.0
100
AcDbText
 73
2
  0
TEXT
  5
210
330
17
100
AcDbEntity
  8
E_TEXTO
390
20
100
AcDbText
 10
34.40333333333334
 20
49.06000000000002
 30
0.0
 40
0.14
  1
N-1.40
  7
KUBIEC
 72
1
 11
34.8
 21
49.13000000000002
 31
0.0
100
AcDbText
 73
2
  0
TEXT
  5
211
330
17
100
AcDbEntity
  8
E_TEXTO
390
20
100
AcDbText
 10
37.41
 20
49.06000000000002
 30
0.0
 40
0.14
  1
P3
  7
KUBIEC
 72
1
 11
37.55
 21
49.13000000000002
 31
0.0
100
AcDbText
 73
2
  0
TEXT
  5
212
330
17
100
AcDbEntity
  8
E_TEXTO
390
20
100
AcDbText
 10
40.86333333333334
 20
49.06000000000002
 30
0.0
 40
0.14
  1
-
  7
KUBIEC
 72
1
 11
40.95
 21
49.13000000000002
 31
0.0
100
AcDbText
 73
2
  0
TEXT
  5
213
330
17
100
AcDbEntity
  8
E_TEXTO
390
20
100
AcDbText
 10
43.55666666666666
 20
49.06000000000002
 30
0.0
 40
0.14
  1
[]200X200X8
  7
KUBIEC
 72
1
 11
44.25
 21
49.13000000000002
 31
0.0
100
AcDbText
 73
2
  0
TEXT
  5
214
330
17
100
AcDbEntity
  8
E_TEXTO
390
20
100
AcDbText
 10
46.85666666666666
 20
49.06000000000002
 30
0.0
 40
0.14
  1
[]200X200X8
  7
KUBIEC
 72
1
 11
47.55
 21
49.13000000000002
 31
0.0
100
AcDbText
 73
2
  0
TEXT
  5
215
330
17
100
AcDbEntity
  8
E_TEXTO
390
20
100
AcDbText
 10
50.76333333333334
 20
49.06000000000002
 30
0.0
 40
0.14
  1
-
  7
KUBIEC
 72
1
 11
50.85
 21
49.13000000000002
 31
0.0
100
AcDbText
 73
2
  0
TEXT
  5
216
330
17
100
AcDbEntity
  8
E_TEXTO
390
20
100
AcDbText
 10
53.35666666666667
 20
49.06000000000002
 30
0.0
 40
0.14
  1
12.0
  7
KUBIEC
 72
1
 11
53.6
 21
49.13000000000002
 31
0.0
100
AcDbText
 73
2
  0
LINE
  5
217
330
17
100
AcDbEntity
  8
E_TABLA
390
20
100
AcDbLine
 10
29.6
 20
49.44000000000002
 30
0.0
 11
54.7
 21
49.44000000000002
 31
0.0
  0
TEXT
  5
218
330
17
100
AcDbEntity
  8
E_TEXTO
390
20
100
AcDbText
 10
30.67666666666667
 20
48.44000000000002
 30
0.0
 40
0.14
  1
G-5
  7
KUBIEC
 72
1
 11
30.9
 21
48.51000000000002
 31
0.0
100
AcDbText
 73
2
  0
TEXT
  5
219
330
17
100
AcDbEntity
  8
E_TEXTO
390
20
100
AcDbText
 10
32.88666666666666
 20
48.44000000000002
 30
0.0
 40
0.14
  1
Z1
  7
KUBIEC
 72
1
 11
33.0
 21
48.51000000000002
 31
0.0
100
AcDbText
 73
2
  0
TEXT
  5
21A
330
17
100
AcDbEntity
  8
E_TEXTO
390
20
100
AcDbText
 10
34.40333333333334
 20
48.44000000000002
 30
0.0
 40
0.14
  1
N-1.40
  7
KUBIEC
 72
1
 11
34.8
 21
48.51000000000002
 31
0.0
100
AcDbText
 73
2
  0
TEXT
  5
21B
330
17
100
AcDbEntity
  8
E_TEXTO
390
20
100
AcDbText
 10
37.41
 20
48.44000000000002
 30
0.0
 40
0.14
  1
P3
  7
KUBIEC
 72
1
 11
37.55
 21
48.51000000000002
 31
0.0
100
AcDbText
 73
2
  0
TEXT
  5
21C
330
17
100
AcDbEntity
  8
E_TEXTO
390
20
100
AcDbText
 10
40.86333333333334
 20
48.44000000000002
 30
0.0
 40
0.14
  1
-
  7
KUBIEC
 72
1
 11
40.95
 21
48.51000000000002
 31
0.0
100
AcDbText
 73
2
  0
TEXT
  5
21D
330
17
100
AcDbEntity
  8
E_TEXTO
390
20
100
AcDbText
 10
43.55666666666666
 20
48.44000000000002
 30
0.0
 40
0.14
  1
[]200X200X8
  7
KUBIEC
 72
1
 11
44.25
 21
48.51000000000002
 31
0.0
100
AcDbText
 73
2
  0
TEXT
  5
21E
330
17
100
AcDbEntity
  8
E_TEXTO
390
20
100
AcDbText
 10
46.85666666666666
 20
48.44000000000002
 30
0.0
 40
0.14
  1
[]200X200X8
  7
KUBIEC
 72
1
 11
47.55
 21
48.51000000000002
 31
0.0
100
AcDbText
 73
2
  0
TEXT
  5
21F
330
17
100
AcDbEntity
  8
E_TEXTO
390
20
100
AcDbText
 10
50.76333333333334
 20
48.44000000000002
 30
0.0
 40
0.14
  1
-
  7
KUBIEC
 72
1
 11
50.85
 21
48.51000000000002
 31
0.0
100
AcDbText
 73
2
  0
TEXT
  5
220
330
17
100
AcDbEntity
  8
E_TEXTO
390
20
100
AcDbText
 10
53.36333333333334
 20
48.44000000000002
 30
0.0
 40
0.14
  1
22.4
  7
KUBIEC
 72
1
 11
53.6
 21
48.51000000000002
 31
0.0
100
AcDbText
 73
2
  0
LINE
  5
221
330
17
100
AcDbEntity
  8
E_TABLA
390
20
100
AcDbLine
 10
29.6
 20
48.82000000000002
 30
0.0
 11
54.7
 21
48.82000000000002
 31
0.0
  0
TEXT
  5
222
330
17
100
AcDbEntity
  8
E_TEXTO
390
20
100
AcDbText
 10
30.23666666666666
 20
47.82000000000002
 30
0.0
 40
0.14
  1
(1.20; 9.45)
  7
KUBIEC
 72
1
 11
30.9
 21
47.89000000000002
 31
0.0
100
AcDbText
 73
2
  0
TEXT
  5
223
330
17
100
AcDbEntity
  8
E_TEXTO
390
20
100
AcDbText
 10
32.70666666666666
 20
47.82000000000002
 30
0.0
 40
0.14
  1
ZC-4
  7
KUBIEC
 72
1
 11
33.0
 21
47.89000000000002
 31
0.0
100
AcDbText
 73
2
  0
TEXT
  5
224
330
17
100
AcDbEntity
  8
E_TEXTO
390
20
100
AcDbText
 10
34.40333333333334
 20
47.82000000000002
 30
0.0
 40
0.14
  1
N-4.46
  7
KUBIEC
 72
1
 11
34.8
 21
47.89000000000002
 31
0.0
100
AcDbText
 73
2
  0
TEXT
  5
225
330
17
100
AcDbEntity
  8
E_TEXTO
390
20
100
AcDbText
 10
36.76333333333333
 20
47.82000000000002
 30
0.0
 40
0.14
  1
Pilastra 30x30
  7
KUBIEC
 72
1
 11
37.55
 21
47.89000000000002
 31
0.0
100
AcDbText
 73
2
  0
TEXT
  5
226
330
17
100
AcDbEntity
  8
E_TEXTO
390
20
100
AcDbText
 10
40.86333333333334
 20
47.82000000000002
 30
0.0
 40
0.14
  1
-
  7
KUBIEC
 72
1
 11
40.95
 21
47.89000000000002
 31
0.0
100
AcDbText
 73
2
  0
TEXT
  5
227
330
17
100
AcDbEntity
  8
E_TEXTO
390
20
100
AcDbText
 10
43.55666666666666
 20
47.82000000000002
 30
0.0
 40
0.14
  1
[]200X200X8
  7
KUBIEC
 72
1
 11
44.25
 21
47.89000000000002
 31
0.0
100
AcDbText
 73
2
  0
TEXT
  5
228
330
17
100
AcDbEntity
  8
E_TEXTO
390
20
100
AcDbText
 10
46.85666666666666
 20
47.82000000000002
 30
0.0
 40
0.14
  1
[]200X200X8
  7
KUBIEC
 72
1
 11
47.55
 21
47.89000000000002
 31
0.0
100
AcDbText
 73
2
  0
TEXT
  5
229
330
17
100
AcDbEntity
  8
E_TEXTO
390
20
100
AcDbText
 10
50.15666666666667
 20
47.82000000000002
 30
0.0
 40
0.14
  1
[]200X200X8
  7
KUBIEC
 72
1
 11
50.85
 21
47.89000000000002
 31
0.0
100
AcDbText
 73
2
  0
TEXT
  5
22A
330
17
100
AcDbEntity
  8
E_TEXTO
390
20
100
AcDbText
 10
53.51333333333334
 20
47.82000000000002
 30
0.0
 40
0.14
  1
-
  7
KUBIEC
 72
1
 11
53.6
 21
47.89000000000002
 31
0.0
100
AcDbText
 73
2
  0
LINE
  5
22B
330
17
100
AcDbEntity
  8
E_TABLA
390
20
100
AcDbLine
 10
29.6
 20
48.20000000000002
 30
0.0
 11
54.7
 21
48.20000000000002
 31
0.0
  0
TEXT
  5
22C
330
17
100
AcDbEntity
  8
E_TEXTO
390
20
100
AcDbText
 10
30.23666666666666
 20
47.20000000000002
 30
0.0
 40
0.14
  1
(3.50; 9.45)
  7
KUBIEC
 72
1
 11
30.9
 21
47.27000000000002
 31
0.0
100
AcDbText
 73
2
  0
TEXT
  5
22D
330
17
100
AcDbEntity
  8
E_TEXTO
390
20
100
AcDbText
 10
32.71
 20
47.20000000000002
 30
0.0
 40
0.14
  1
ZC-2
  7
KUBIEC
 72
1
 11
33.0
 21
47.27000000000002
 31
0.0
100
AcDbText
 73
2
  0
TEXT
  5
22E
330
17
100
AcDbEntity
  8
E_TEXTO
390
20
100
AcDbText
 10
34.40333333333334
 20
47.20000000000002
 30
0.0
 40
0.14
  1
N-4.46
  7
KUBIEC
 72
1
 11
34.8
 21
47.27000000000002
 31
0.0
100
AcDbText
 73
2
  0
TEXT
  5
22F
330
17
100
AcDbEntity
  8
E_TEXTO
390
20
100
AcDbText
 10
36.76333333333333
 20
47.20000000000002
 30
0.0
 40
0.14
  1
Pilastra 30x30
  7
KUBIEC
 72
1
 11
37.55
 21
47.27000000000002
 31
0.0
100
AcDbText
 73
2
  0
TEXT
  5
230
330
17
100
AcDbEntity
  8
E_TEXTO
390
20
100
AcDbText
 10
40.86333333333334
 20
47.20000000000002
 30
0.0
 40
0.14
  1
-
  7
KUBIEC
 72
1
 11
40.95
 21
47.27000000000002
 31
0.0
100
AcDbText
 73
2
  0
TEXT
  5
231
330
17
100
AcDbEntity
  8
E_TEXTO
390
20
100
AcDbText
 10
43.55666666666666
 20
47.20000000000002
 30
0.0
 40
0.14
  1
[]200X200X8
  7
KUBIEC
 72
1
 11
44.25
 21
47.27000000000002
 31
0.0
100
AcDbText
 73
2
  0
TEXT
  5
232
330
17
100
AcDbEntity
  8
E_TEXTO
390
20
100
AcDbText
 10
46.85666666666666
 20
47.20000000000002
 30
0.0
 40
0.14
  1
[]200X200X8
  7
KUBIEC
 72
1
 11
47.55
 21
47.27000000000002
 31
0.0
100
AcDbText
 73
2
  0
TEXT
  5
233
330
17
100
AcDbEntity
  8
E_TEXTO
390
20
100
AcDbText
 10
50.15666666666667
 20
47.20000000000002
 30
0.0
 40
0.14
  1
[]200X200X8
  7
KUBIEC
 72
1
 11
50.85
 21
47.27000000000002
 31
0.0
100
AcDbText
 73
2
  0
TEXT
  5
234
330
17
100
AcDbEntity
  8
E_TEXTO
390
20
100
AcDbText
 10
53.51333333333334
 20
47.20000000000002
 30
0.0
 40
0.14
  1
-
  7
KUBIEC
 72
1
 11
53.6
 21
47.27000000000002
 31
0.0
100
AcDbText
 73
2
  0
LINE
  5
235
330
17
100
AcDbEntity
  8
E_TABLA
390
20
100
AcDbLine
 10
29.6
 20
47.58000000000003
 30
0.0
 11
54.7
 21
47.58000000000003
 31
0.0
  0
TEXT
  5
236
330
17
100
AcDbEntity
  8
E_TEXTO
390
20
100
AcDbText
 10
30.67333333333333
 20
46.58000000000003
 30
0.0
 40
0.14
  1
B-6
  7
KUBIEC
 72
1
 11
30.9
 21
46.65000000000003
 31
0.0
100
AcDbText
 73
2
  0
TEXT
  5
237
330
17
100
AcDbEntity
  8
E_TEXTO
390
20
100
AcDbText
 10
32.86666666666667
 20
46.58000000000003
 30
0.0
 40
0.14
  1
Z3
  7
KUBIEC
 72
1
 11
33.0
 21
46.65000000000003
 31
0.0
100
AcDbText
 73
2
  0
TEXT
  5
238
330
17
100
AcDbEntity
  8
E_TEXTO
390
20
100
AcDbText
 10
34.40333333333334
 20
46.58000000000003
 30
0.0
 40
0.14
  1
N-1.40
  7
KUBIEC
 72
1
 11
34.8
 21
46.65000000000003
 31
0.0
100
AcDbText
 73
2
  0
TEXT
  5
239
330
17
100
AcDbEntity
  8
E_TEXTO
390
20
100
AcDbText
 10
37.41
 20
46.58000000000003
 30
0.0
 40
0.14
  1
P3
  7
KUBIEC
 72
1
 11
37.55
 21
46.65000000000003
 31
0.0
100
AcDbText
 73
2
  0
TEXT
  5
23A
330
17
100
AcDbEntity
  8
E_TEXTO
390
20
100
AcDbText
 10
40.86333333333334
 20
46.58000000000003
 30
0.0
 40
0.14
  1
-
  7
KUBIEC
 72
1
 11
40.95
 21
46.65000000000003
 31
0.0
100
AcDbText
 73
2
  0
TEXT
  5
23B
330
17
100
AcDbEntity
  8
E_TEXTO
390
20
100
AcDbText
 10
43.55666666666666
 20
46.58000000000003
 30
0.0
 40
0.14
  1
[]200X200X8
  7
KUBIEC
 72
1
 11
44.25
 21
46.65000000000003
 31
0.0
100
AcDbText
 73
2
  0
TEXT
  5
23C
330
17
100
AcDbEntity
  8
E_TEXTO
390
20
100
AcDbText
 10
47.46333333333333
 20
46.58000000000003
 30
0.0
 40
0.14
  1
-
  7
KUBIEC
 72
1
 11
47.55
 21
46.65000000000003
 31
0.0
100
AcDbText
 73
2
  0
TEXT
  5
23D
330
17
100
AcDbEntity
  8
E_TEXTO
390
20
100
AcDbText
 10
50.76333333333334
 20
46.58000000000003
 30
0.0
 40
0.14
  1
-
  7
KUBIEC
 72
1
 11
50.85
 21
46.65000000000003
 31
0.0
100
AcDbText
 73
2
  0
TEXT
  5
23E
330
17
100
AcDbEntity
  8
E_TEXTO
390
20
100
AcDbText
 10
53.51333333333334
 20
46.58000000000003
 30
0.0
 40
0.14
  1
-
  7
KUBIEC
 72
1
 11
53.6
 21
46.65000000000003
 31
0.0
100
AcDbText
 73
2
  0
LINE
  5
23F
330
17
100
AcDbEntity
  8
E_TABLA
390
20
100
AcDbLine
 10
29.6
 20
46.96000000000003
 30
0.0
 11
54.7
 21
46.96000000000003
 31
0.0
  0
TEXT
  5
240
330
17
100
AcDbEntity
  8
E_TEXTO
390
20
100
AcDbText
 10
30.67666666666667
 20
45.96000000000003
 30
0.0
 40
0.14
  1
C-6
  7
KUBIEC
 72
1
 11
30.9
 21
46.03000000000003
 31
0.0
100
AcDbText
 73
2
  0
TEXT
  5
241
330
17
100
AcDbEntity
  8
E_TEXTO
390
20
100
AcDbText
 10
32.86666666666667
 20
45.96000000000003
 30
0.0
 40
0.14
  1
Z3
  7
KUBIEC
 72
1
 11
33.0
 21
46.03000000000003
 31
0.0
100
AcDbText
 73
2
  0
TEXT
  5
242
330
17
100
AcDbEntity
  8
E_TEXTO
390
20
100
AcDbText
 10
34.40333333333334
 20
45.96000000000003
 30
0.0
 40
0.14
  1
N-1.40
  7
KUBIEC
 72
1
 11
34.8
 21
46.03000000000003
 31
0.0
100
AcDbText
 73
2
  0
TEXT
  5
243
330
17
100
AcDbEntity
  8
E_TEXTO
390
20
100
AcDbText
 10
37.41
 20
45.96000000000003
 30
0.0
 40
0.14
  1
P3
  7
KUBIEC
 72
1
 11
37.55
 21
46.03000000000003
 31
0.0
100
AcDbText
 73
2
  0
TEXT
  5
244
330
17
100
AcDbEntity
  8
E_TEXTO
390
20
100
AcDbText
 10
40.86333333333334
 20
45.96000000000003
 30
0.0
 40
0.14
  1
-
  7
KUBIEC
 72
1
 11
40.95
 21
46.03000000000003
 31
0.0
100
AcDbText
 73
2
  0
TEXT
  5
245
330
17
100
AcDbEntity
  8
E_TEXTO
390
20
100
AcDbText
 10
43.55666666666666
 20
45.96000000000003
 30
0.0
 40
0.14
  1
[]200X200X8
  7
KUBIEC
 72
1
 11
44.25
 21
46.03000000000003
 31
0.0
100
AcDbText
 73
2
  0
TEXT
  5
246
330
17
100
AcDbEntity
  8
E_TEXTO
390
20
100
AcDbText
 10
47.46333333333333
 20
45.96000000000003
 30
0.0
 40
0.14
  1
-
  7
KUBIEC
 72
1
 11
47.55
 21
46.03000000000003
 31
0.0
100
AcDbText
 73
2
  0
TEXT
  5
247
330
17
100
AcDbEntity
  8
E_TEXTO
390
20
100
AcDbText
 10
50.76333333333334
 20
45.96000000000003
 30
0.0
 40
0.14
  1
-
  7
KUBIEC
 72
1
 11
50.85
 21
46.03000000000003
 31
0.0
100
AcDbText
 73
2
  0
TEXT
  5
248
330
17
100
AcDbEntity
  8
E_TEXTO
390
20
100
AcDbText
 10
53.51333333333334
 20
45.96000000000003
 30
0.0
 40
0.14
  1
-
  7
KUBIEC
 72
1
 11
53.6
 21
46.03000000000003
 31
0.0
100
AcDbText
 73
2
  0
LINE
  5
249
330
17
100
AcDbEntity
  8
E_TABLA
390
20
100
AcDbLine
 10
29.6
 20
46.34000000000003
 30
0.0
 11
54.7
 21
46.34000000000003
 31
0.0
  0
TEXT
  5
24A
330
17
100
AcDbEntity
  8
E_TEXTO
390
20
100
AcDbText
 10
30.67333333333333
 20
45.34000000000003
 30
0.0
 40
0.14
  1
B-7
  7
KUBIEC
 72
1
 11
30.9
 21
45.41000000000003
 31
0.0
100
AcDbText
 73
2
  0
TEXT
  5
24B
330
17
100
AcDbEntity
  8
E_TEXTO
390
20
100
AcDbText
 10
32.86666666666667
 20
45.34000000000003
 30
0.0
 40
0.14
  1
Z3
  7
KUBIEC
 72
1
 11
33.0
 21
45.41000000000003
 31
0.0
100
AcDbText
 73
2
  0
TEXT
  5
24C
330
17
100
AcDbEntity
  8
E_TEXTO
390
20
100
AcDbText
 10
34.40333333333334
 20
45.34000000000003
 30
0.0
 40
0.14
  1
N-1.40
  7
KUBIEC
 72
1
 11
34.8
 21
45.41000000000003
 31
0.0
100
AcDbText
 73
2
  0
TEXT
  5
24D
330
17
100
AcDbEntity
  8
E_TEXTO
390
20
100
AcDbText
 10
37.41
 20
45.34000000000003
 30
0.0
 40
0.14
  1
P3
  7
KUBIEC
 72
1
 11
37.55
 21
45.41000000000003
 31
0.0
100
AcDbText
 73
2
  0
TEXT
  5
24E
330
17
100
AcDbEntity
  8
E_TEXTO
390
20
100
AcDbText
 10
40.86333333333334
 20
45.34000000000003
 30
0.0
 40
0.14
  1
-
  7
KUBIEC
 72
1
 11
40.95
 21
45.41000000000003
 31
0.0
100
AcDbText
 73
2
  0
TEXT
  5
24F
330
17
100
AcDbEntity
  8
E_TEXTO
390
20
100
AcDbText
 10
43.55666666666666
 20
45.34000000000003
 30
0.0
 40
0.14
  1
[]200X200X8
  7
KUBIEC
 72
1
 11
44.25
 21
45.41000000000003
 31
0.0
100
AcDbText
 73
2
  0
TEXT
  5
250
330
17
100
AcDbEntity
  8
E_TEXTO
390
20
100
AcDbText
 10
47.46333333333333
 20
45.34000000000003
 30
0.0
 40
0.14
  1
-
  7
KUBIEC
 72
1
 11
47.55
 21
45.41000000000003
 31
0.0
100
AcDbText
 73
2
  0
TEXT
  5
251
330
17
100
AcDbEntity
  8
E_TEXTO
390
20
100
AcDbText
 10
50.76333333333334
 20
45.34000000000003
 30
0.0
 40
0.14
  1
-
  7
KUBIEC
 72
1
 11
50.85
 21
45.41000000000003
 31
0.0
100
AcDbText
 73
2
  0
TEXT
  5
252
330
17
100
AcDbEntity
  8
E_TEXTO
390
20
100
AcDbText
 10
53.51333333333334
 20
45.34000000000003
 30
0.0
 40
0.14
  1
-
  7
KUBIEC
 72
1
 11
53.6
 21
45.41000000000003
 31
0.0
100
AcDbText
 73
2
  0
LINE
  5
253
330
17
100
AcDbEntity
  8
E_TABLA
390
20
100
AcDbLine
 10
29.6
 20
45.72000000000003
 30
0.0
 11
54.7
 21
45.72000000000003
 31
0.0
  0
TEXT
  5
254
330
17
100
AcDbEntity
  8
E_TEXTO
390
20
100
AcDbText
 10
30.67666666666667
 20
44.72000000000003
 30
0.0
 40
0.14
  1
C-7
  7
KUBIEC
 72
1
 11
30.9
 21
44.79000000000003
 31
0.0
100
AcDbText
 73
2
  0
TEXT
  5
255
330
17
100
AcDbEntity
  8
E_TEXTO
390
20
100
AcDbText
 10
32.86666666666667
 20
44.72000000000003
 30
0.0
 40
0.14
  1
Z3
  7
KUBIEC
 72
1
 11
33.0
 21
44.79000000000003
 31
0.0
100
AcDbText
 73
2
  0
TEXT
  5
256
330
17
100
AcDbEntity
  8
E_TEXTO
390
20
100
AcDbText
 10
34.40333333333334
 20
44.72000000000003
 30
0.0
 40
0.14
  1
N-1.40
  7
KUBIEC
 72
1
 11
34.8
 21
44.79000000000003
 31
0.0
100
AcDbText
 73
2
  0
TEXT
  5
257
330
17
100
AcDbEntity
  8
E_TEXTO
390
20
100
AcDbText
 10
37.41
 20
44.72000000000003
 30
0.0
 40
0.14
  1
P3
  7
KUBIEC
 72
1
 11
37.55
 21
44.79000000000003
 31
0.0
100
AcDbText
 73
2
  0
TEXT
  5
258
330
17
100
AcDbEntity
  8
E_TEXTO
390
20
100
AcDbText
 10
40.86333333333334
 20
44.72000000000003
 30
0.0
 40
0.14
  1
-
  7
KUBIEC
 72
1
 11
40.95
 21
44.79000000000003
 31
0.0
100
AcDbText
 73
2
  0
TEXT
  5
259
330
17
100
AcDbEntity
  8
E_TEXTO
390
20
100
AcDbText
 10
43.55666666666666
 20
44.72000000000003
 30
0.0
 40
0.14
  1
[]200X200X8
  7
KUBIEC
 72
1
 11
44.25
 21
44.79000000000003
 31
0.0
100
AcDbText
 73
2
  0
TEXT
  5
25A
330
17
100
AcDbEntity
  8
E_TEXTO
390
20
100
AcDbText
 10
47.46333333333333
 20
44.72000000000003
 30
0.0
 40
0.14
  1
-
  7
KUBIEC
 72
1
 11
47.55
 21
44.79000000000003
 31
0.0
100
AcDbText
 73
2
  0
TEXT
  5
25B
330
17
100
AcDbEntity
  8
E_TEXTO
390
20
100
AcDbText
 10
50.76333333333334
 20
44.72000000000003
 30
0.0
 40
0.14
  1
-
  7
KUBIEC
 72
1
 11
50.85
 21
44.79000000000003
 31
0.0
100
AcDbText
 73
2
  0
TEXT
  5
25C
330
17
100
AcDbEntity
  8
E_TEXTO
390
20
100
AcDbText
 10
53.51333333333334
 20
44.72000000000003
 30
0.0
 40
0.14
  1
-
  7
KUBIEC
 72
1
 11
53.6
 21
44.79000000000003
 31
0.0
100
AcDbText
 73
2
  0
LINE
  5
25D
330
17
100
AcDbEntity
  8
E_TABLA
390
20
100
AcDbLine
 10
29.6
 20
45.10000000000004
 30
0.0
 11
54.7
 21
45.10000000000004
 31
0.0
  0
TEXT
  5
25E
330
17
100
AcDbEntity
  8
E_TEXTO
390
20
100
AcDbText
 10
30.67333333333333
 20
44.10000000000004
 30
0.0
 40
0.14
  1
B-8
  7
KUBIEC
 72
1
 11
30.9
 21
44.17000000000004
 31
0.0
100
AcDbText
 73
2
  0
TEXT
  5
25F
330
17
100
AcDbEntity
  8
E_TEXTO
390
20
100
AcDbText
 10
32.86666666666667
 20
44.10000000000004
 30
0.0
 40
0.14
  1
Z2
  7
KUBIEC
 72
1
 11
33.0
 21
44.17000000000004
 31
0.0
100
AcDbText
 73
2
  0
TEXT
  5
260
330
17
100
AcDbEntity
  8
E_TEXTO
390
20
100
AcDbText
 10
34.40333333333334
 20
44.10000000000004
 30
0.0
 40
0.14
  1
N-1.40
  7
KUBIEC
 72
1
 11
34.8
 21
44.17000000000004
 31
0.0
100
AcDbText
 73
2
  0
TEXT
  5
261
330
17
100
AcDbEntity
  8
E_TEXTO
390
20
100
AcDbText
 10
37.41
 20
44.10000000000004
 30
0.0
 40
0.14
  1
P3
  7
KUBIEC
 72
1
 11
37.55
 21
44.17000000000004
 31
0.0
100
AcDbText
 73
2
  0
TEXT
  5
262
330
17
100
AcDbEntity
  8
E_TEXTO
390
20
100
AcDbText
 10
40.86333333333334
 20
44.10000000000004
 30
0.0
 40
0.14
  1
-
  7
KUBIEC
 72
1
 11
40.95
 21
44.17000000000004
 31
0.0
100
AcDbText
 73
2
  0
TEXT
  5
263
330
17
100
AcDbEntity
  8
E_TEXTO
390
20
100
AcDbText
 10
43.55666666666666
 20
44.10000000000004
 30
0.0
 40
0.14
  1
[]200X200X8
  7
KUBIEC
 72
1
 11
44.25
 21
44.17000000000004
 31
0.0
100
AcDbText
 73
2
  0
TEXT
  5
264
330
17
100
AcDbEntity
  8
E_TEXTO
390
20
100
AcDbText
 10
47.46333333333333
 20
44.10000000000004
 30
0.0
 40
0.14
  1
-
  7
KUBIEC
 72
1
 11
47.55
 21
44.17000000000004
 31
0.0
100
AcDbText
 73
2
  0
TEXT
  5
265
330
17
100
AcDbEntity
  8
E_TEXTO
390
20
100
AcDbText
 10
50.76333333333334
 20
44.10000000000004
 30
0.0
 40
0.14
  1
-
  7
KUBIEC
 72
1
 11
50.85
 21
44.17000000000004
 31
0.0
100
AcDbText
 73
2
  0
TEXT
  5
266
330
17
100
AcDbEntity
  8
E_TEXTO
390
20
100
AcDbText
 10
53.51333333333334
 20
44.10000000000004
 30
0.0
 40
0.14
  1
-
  7
KUBIEC
 72
1
 11
53.6
 21
44.17000000000004
 31
0.0
100
AcDbText
 73
2
  0
LINE
  5
267
330
17
100
AcDbEntity
  8
E_TABLA
390
20
100
AcDbLine
 10
29.6
 20
44.48000000000004
 30
0.0
 11
54.7
 21
44.48000000000004
 31
0.0
  0
TEXT
  5
268
330
17
100
AcDbEntity
  8
E_TEXTO
390
20
100
AcDbText
 10
30.67666666666667
 20
43.48000000000004
 30
0.0
 40
0.14
  1
C-8
  7
KUBIEC
 72
1
 11
30.9
 21
43.55000000000004
 31
0.0
100
AcDbText
 73
2
  0
TEXT
  5
269
330
17
100
AcDbEntity
  8
E_TEXTO
390
20
100
AcDbText
 10
32.88666666666666
 20
43.48000000000004
 30
0.0
 40
0.14
  1
Z1
  7
KUBIEC
 72
1
 11
33.0
 21
43.55000000000004
 31
0.0
100
AcDbText
 73
2
  0
TEXT
  5
26A
330
17
100
AcDbEntity
  8
E_TEXTO
390
20
100
AcDbText
 10
34.40333333333334
 20
43.48000000000004
 30
0.0
 40
0.14
  1
N-1.40
  7
KUBIEC
 72
1
 11
34.8
 21
43.55000000000004
 31
0.0
100
AcDbText
 73
2
  0
TEXT
  5
26B
330
17
100
AcDbEntity
  8
E_TEXTO
390
20
100
AcDbText
 10
37.41
 20
43.48000000000004
 30
0.0
 40
0.14
  1
P3
  7
KUBIEC
 72
1
 11
37.55
 21
43.55000000000004
 31
0.0
100
AcDbText
 73
2
  0
TEXT
  5
26C
330
17
100
AcDbEntity
  8
E_TEXTO
390
20
100
AcDbText
 10
40.86333333333334
 20
43.48000000000004
 30
0.0
 40
0.14
  1
-
  7
KUBIEC
 72
1
 11
40.95
 21
43.55000000000004
 31
0.0
100
AcDbText
 73
2
  0
TEXT
  5
26D
330
17
100
AcDbEntity
  8
E_TEXTO
390
20
100
AcDbText
 10
43.55666666666666
 20
43.48000000000004
 30
0.0
 40
0.14
  1
[]200X200X8
  7
KUBIEC
 72
1
 11
44.25
 21
43.55000000000004
 31
0.0
100
AcDbText
 73
2
  0
TEXT
  5
26E
330
17
100
AcDbEntity
  8
E_TEXTO
390
20
100
AcDbText
 10
47.46333333333333
 20
43.48000000000004
 30
0.0
 40
0.14
  1
-
  7
KUBIEC
 72
1
 11
47.55
 21
43.55000000000004
 31
0.0
100
AcDbText
 73
2
  0
TEXT
  5
26F
330
17
100
AcDbEntity
  8
E_TEXTO
390
20
100
AcDbText
 10
50.76333333333334
 20
43.48000000000004
 30
0.0
 40
0.14
  1
-
  7
KUBIEC
 72
1
 11
50.85
 21
43.55000000000004
 31
0.0
100
AcDbText
 73
2
  0
TEXT
  5
270
330
17
100
AcDbEntity
  8
E_TEXTO
390
20
100
AcDbText
 10
53.51333333333334
 20
43.48000000000004
 30
0.0
 40
0.14
  1
-
  7
KUBIEC
 72
1
 11
53.6
 21
43.55000000000004
 31
0.0
100
AcDbText
 73
2
  0
LINE
  5
271
330
17
100
AcDbEntity
  8
E_TABLA
390
20
100
AcDbLine
 10
29.6
 20
43.86000000000003
 30
0.0
 11
54.7
 21
43.86000000000003
 31
0.0
  0
LINE
  5
272
330
17
100
AcDbEntity
  8
E_TABLA
390
20
100
AcDbLine
 10
29.6
 20
43.24000000000004
 30
0.0
 11
54.7
 21
43.24000000000004
 31
0.0
  0
LINE
  5
273
330
17
100
AcDbEntity
  8
E_TABLA
390
20
100
AcDbLine
 10
29.6
 20
55.5
 30
0.0
 11
29.6
 21
43.24000000000004
 31
0.0
  0
LINE
  5
274
330
17
100
AcDbEntity
  8
E_TABLA
390
20
100
AcDbLine
 10
32.2
 20
55.5
 30
0.0
 11
32.2
 21
43.24000000000004
 31
0.0
  0
LINE
  5
275
330
17
100
AcDbEntity
  8
E_TABLA
390
20
100
AcDbLine
 10
33.8
 20
55.5
 30
0.0
 11
33.8
 21
43.24000000000004
 31
0.0
  0
LINE
  5
276
330
17
100
AcDbEntity
  8
E_TABLA
390
20
100
AcDbLine
 10
35.80000000000001
 20
55.5
 30
0.0
 11
35.80000000000001
 21
43.24000000000004
 31
0.0
  0
LINE
  5
277
330
17
100
AcDbEntity
  8
E_TABLA
390
20
100
AcDbLine
 10
39.3
 20
55.5
 30
0.0
 11
39.3
 21
43.24000000000004
 31
0.0
  0
LINE
  5
278
330
17
100
AcDbEntity
  8
E_TABLA
390
20
100
AcDbLine
 10
42.6
 20
55.5
 30
0.0
 11
42.6
 21
43.24000000000004
 31
0.0
  0
LINE
  5
279
330
17
100
AcDbEntity
  8
E_TABLA
390
20
100
AcDbLine
 10
45.9
 20
55.5
 30
0.0
 11
45.9
 21
43.24000000000004
 31
0.0
  0
LINE
  5
27A
330
17
100
AcDbEntity
  8
E_TABLA
390
20
100
AcDbLine
 10
49.2
 20
55.5
 30
0.0
 11
49.2
 21
43.24000000000004
 31
0.0
  0
LINE
  5
27B
330
17
100
AcDbEntity
  8
E_TABLA
390
20
100
AcDbLine
 10
52.49999999999999
 20
55.5
 30
0.0
 11
52.49999999999999
 21
43.24000000000004
 31
0.0
  0
LINE
  5
27C
330
17
100
AcDbEntity
  8
E_TABLA
390
20
100
AcDbLine
 10
54.7
 20
55.5
 30
0.0
 11
54.7
 21
43.24000000000004
 31
0.0
  0
TEXT
  5
27D
330
17
100
AcDbEntity
  8
E_TEXTO
390
20
100
AcDbText
 10
3.0
 20
42.66500000000004
 30
0.0
 40
0.15
  1
Columnas cajón armado (CJP) A572 Gr50 rellenas de hormigón f'c >= 210 kg/cm2. Anclajes a tracción (T) con combinaciones con Omega0 (Anexo B de la memoria).
  7
KUBIEC
 11
3.0
 21
42.74000000000004
 31
0.0
100
AcDbText
 73
2
  0
TEXT
  5
27E
330
17
100
AcDbEntity
  8
E_TEXTO
390
20
100
AcDbText
 10
3.0
 20
42.06500000000003
 30
0.0
 40
0.15
  1
Placas base y anclajes: E-14. Conexiones viga-columna y viga secundaria-principal: E-15. La marca P1 a P3 y Z1 a Z3 corresponde a E-02 y E-03.
  7
KUBIEC
 11
3.0
 21
42.14000000000004
 31
0.0
100
AcDbText
 73
2
  0
TEXT
  5
27F
330
17
100
AcDbEntity
  8
E_TITULO
390
20
100
AcDbText
 10
3.0
 20
40.7266666666667
 30
0.0
 40
0.26
  1
SECCIONES DE COLUMNAS
  7
KUBIEC
 11
3.0
 21
40.64000000000004
 31
0.0
100
AcDbText
 73
1
  0
TEXT
  5
280
330
17
100
AcDbEntity
  8
E_TEXTO
390
20
100
AcDbText
 10
4.317857142857143
 20
39.51500000000004
 30
0.0
 40
0.15
  1
PERFIL
  7
KUBIEC
 72
1
 11
4.7
 21
39.59000000000004
 31
0.0
100
AcDbText
 73
2
  0
TEXT
  5
281
330
17
100
AcDbEntity
  8
E_TEXTO
390
20
100
AcDbText
 10
6.964285714285715
 20
39.51500000000004
 30
0.0
 40
0.15
  1
b x h (mm)
  7
KUBIEC
 72
1
 11
7.7
 21
39.59000000000004
 31
0.0
100
AcDbText
 73
2
  0
TEXT
  5
282
330
17
100
AcDbEntity
  8
E_TEXTO
390
20
100
AcDbText
 10
9.375
 20
39.51500000000004
 30
0.0
 40
0.15
  1
t (mm)
  7
KUBIEC
 72
1
 11
9.8
 21
39.59000000000004
 31
0.0
100
AcDbText
 73
2
  0
TEXT
  5
283
330
17
100
AcDbEntity
  8
E_TEXTO
390
20
100
AcDbText
 10
11.22857142857143
 20
39.51500000000004
 30
0.0
 40
0.15
  1
A (cm2)
  7
KUBIEC
 72
1
 11
11.7
 21
39.59000000000004
 31
0.0
100
AcDbText
 73
2
  0
TEXT
  5
284
330
17
100
AcDbEntity
  8
E_TEXTO
390
20
100
AcDbText
 10
13.31785714285714
 20
39.51500000000004
 30
0.0
 40
0.15
  1
PESO (kg/m)
  7
KUBIEC
 72
1
 11
14.1
 21
39.59000000000004
 31
0.0
100
AcDbText
 73
2
  0
TEXT
  5
285
330
17
100
AcDbEntity
  8
E_TEXTO
390
20
100
AcDbText
 10
16.09285714285715
 20
39.51500000000004
 30
0.0
 40
0.15
  1
Ix (cm4)
  7
KUBIEC
 72
1
 11
16.6
 21
39.59000000000004
 31
0.0
100
AcDbText
 73
2
  0
TEXT
  5
286
330
17
100
AcDbEntity
  8
E_TEXTO
390
20
100
AcDbText
 10
18.49642857142857
 20
39.51500000000004
 30
0.0
 40
0.15
  1
Iy (cm4)
  7
KUBIEC
 72
1
 11
19.0
 21
39.59000000000004
 31
0.0
100
AcDbText
 73
2
  0
TEXT
  5
287
330
17
100
AcDbEntity
  8
E_TEXTO
390
20
100
AcDbText
 10
21.08571428571429
 20
39.51500000000004
 30
0.0
 40
0.15
  1
MATERIAL
  7
KUBIEC
 72
1
 11
21.6
 21
39.59000000000004
 31
0.0
100
AcDbText
 73
2
  0
TEXT
  5
288
330
17
100
AcDbEntity
  8
E_TEXTO
390
20
100
AcDbText
 10
23.80714285714286
 20
39.51500000000004
 30
0.0
 40
0.15
  1
RELLENO
  7
KUBIEC
 72
1
 11
24.3
 21
39.59000000000004
 31
0.0
100
AcDbText
 73
2
  0
LINE
  5
289
330
17
100
AcDbEntity
  8
E_TABLA
390
20
100
AcDbLine
 10
3.0
 20
40.04000000000003
 30
0.0
 11
25.6
 21
40.04000000000003
 31
0.0
  0
TEXT
  5
28A
330
17
100
AcDbEntity
  8
E_TEXTO
390
20
100
AcDbText
 10
3.957142857142858
 20
38.74000000000004
 30
0.0
 40
0.15
  1
[]200X200X8
  7
KUBIEC
 72
1
 11
4.7
 21
38.81500000000004
 31
0.0
100
AcDbText
 73
2
  0
TEXT
  5
28B
330
17
100
AcDbEntity
  8
E_TEXTO
390
20
100
AcDbText
 10
7.060714285714286
 20
38.74000000000004
 30
0.0
 40
0.15
  1
200 x 200
  7
KUBIEC
 72
1
 11
7.7
 21
38.81500000000004
 31
0.0
100
AcDbText
 73
2
  0
TEXT
  5
28C
330
17
100
AcDbEntity
  8
E_TEXTO
390
20
100
AcDbText
 10
9.72857142857143
 20
38.74000000000004
 30
0.0
 40
0.15
  1
8
  7
KUBIEC
 72
1
 11
9.8
 21
38.81500000000004
 31
0.0
100
AcDbText
 73
2
  0
TEXT
  5
28D
330
17
100
AcDbEntity
  8
E_TEXTO
390
20
100
AcDbText
 10
11.37142857142857
 20
38.74000000000004
 30
0.0
 40
0.15
  1
61.44
  7
KUBIEC
 72
1
 11
11.7
 21
38.81500000000004
 31
0.0
100
AcDbText
 73
2
  0
TEXT
  5
28E
330
17
100
AcDbEntity
  8
E_TEXTO
390
20
100
AcDbText
 10
13.85
 20
38.74000000000004
 30
0.0
 40
0.15
  1
48.2
  7
KUBIEC
 72
1
 11
14.1
 21
38.81500000000004
 31
0.0
100
AcDbText
 73
2
  0
TEXT
  5
28F
330
17
100
AcDbEntity
  8
E_TEXTO
390
20
100
AcDbText
 10
16.3
 20
38.74000000000004
 30
0.0
 40
0.15
  1
3,781
  7
KUBIEC
 72
1
 11
16.6
 21
38.81500000000004
 31
0.0
100
AcDbText
 73
2
  0
TEXT
  5
290
330
17
100
AcDbEntity
  8
E_TEXTO
390
20
100
AcDbText
 10
18.7
 20
38.74000000000004
 30
0.0
 40
0.15
  1
3,781
  7
KUBIEC
 72
1
 11
19.0
 21
38.81500000000004
 31
0.0
100
AcDbText
 73
2
  0
TEXT
  5
291
330
17
100
AcDbEntity
  8
E_TEXTO
390
20
100
AcDbText
 10
20.98928571428572
 20
38.74000000000004
 30
0.0
 40
0.15
  1
A572 Gr50
  7
KUBIEC
 72
1
 11
21.6
 21
38.81500000000004
 31
0.0
100
AcDbText
 73
2
  0
TEXT
  5
292
330
17
100
AcDbEntity
  8
E_TEXTO
390
20
100
AcDbText
 10
23.61785714285714
 20
38.74000000000004
 30
0.0
 40
0.15
  1
f'c >= 210
  7
KUBIEC
 72
1
 11
24.3
 21
38.81500000000004
 31
0.0
100
AcDbText
 73
2
  0
LINE
  5
293
330
17
100
AcDbEntity
  8
E_TABLA
390
20
100
AcDbLine
 10
3.0
 20
39.14000000000004
 30
0.0
 11
25.6
 21
39.14000000000004
 31
0.0
  0
TEXT
  5
294
330
17
100
AcDbEntity
  8
E_TEXTO
390
20
100
AcDbText
 10
3.957142857142857
 20
38.09000000000003
 30
0.0
 40
0.15
  1
[]250X200X8
  7
KUBIEC
 72
1
 11
4.7
 21
38.16500000000003
 31
0.0
100
AcDbText
 73
2
  0
TEXT
  5
295
330
17
100
AcDbEntity
  8
E_TEXTO
390
20
100
AcDbText
 10
7.060714285714286
 20
38.09000000000003
 30
0.0
 40
0.15
  1
250 x 200
  7
KUBIEC
 72
1
 11
7.7
 21
38.16500000000003
 31
0.0
100
AcDbText
 73
2
  0
TEXT
  5
296
330
17
100
AcDbEntity
  8
E_TEXTO
390
20
100
AcDbText
 10
9.72857142857143
 20
38.09000000000003
 30
0.0
 40
0.15
  1
8
  7
KUBIEC
 72
1
 11
9.8
 21
38.16500000000003
 31
0.0
100
AcDbText
 73
2
  0
TEXT
  5
297
330
17
100
AcDbEntity
  8
E_TEXTO
390
20
100
AcDbText
 10
11.37142857142857
 20
38.09000000000003
 30
0.0
 40
0.15
  1
69.44
  7
KUBIEC
 72
1
 11
11.7
 21
38.16500000000003
 31
0.0
100
AcDbText
 73
2
  0
TEXT
  5
298
330
17
100
AcDbEntity
  8
E_TEXTO
390
20
100
AcDbText
 10
13.85
 20
38.09000000000003
 30
0.0
 40
0.15
  1
54.5
  7
KUBIEC
 72
1
 11
14.1
 21
38.16500000000003
 31
0.0
100
AcDbText
 73
2
  0
TEXT
  5
299
330
17
100
AcDbEntity
  8
E_TEXTO
390
20
100
AcDbText
 10
16.275
 20
38.09000000000003
 30
0.0
 40
0.15
  1
6,395
  7
KUBIEC
 72
1
 11
16.6
 21
38.16500000000003
 31
0.0
100
AcDbText
 73
2
  0
TEXT
  5
29A
330
17
100
AcDbEntity
  8
E_TEXTO
390
20
100
AcDbText
 10
18.68214285714286
 20
38.09000000000003
 30
0.0
 40
0.15
  1
4,519
  7
KUBIEC
 72
1
 11
19.0
 21
38.16500000000003
 31
0.0
100
AcDbText
 73
2
  0
TEXT
  5
29B
330
17
100
AcDbEntity
  8
E_TEXTO
390
20
100
AcDbText
 10
20.98928571428572
 20
38.09000000000003
 30
0.0
 40
0.15
  1
A572 Gr50
  7
KUBIEC
 72
1
 11
21.6
 21
38.16500000000003
 31
0.0
100
AcDbText
 73
2
  0
TEXT
  5
29C
330
17
100
AcDbEntity
  8
E_TEXTO
390
20
100
AcDbText
 10
23.61785714285714
 20
38.09000000000003
 30
0.0
 40
0.15
  1
f'c >= 210
  7
KUBIEC
 72
1
 11
24.3
 21
38.16500000000003
 31
0.0
100
AcDbText
 73
2
  0
LINE
  5
29D
330
17
100
AcDbEntity
  8
E_TABLA
390
20
100
AcDbLine
 10
3.0
 20
38.49000000000004
 30
0.0
 11
25.6
 21
38.49000000000004
 31
0.0
  0
TEXT
  5
29E
330
17
100
AcDbEntity
  8
E_TEXTO
390
20
100
AcDbText
 10
3.957142857142858
 20
37.44000000000003
 30
0.0
 40
0.15
  1
[]100X100X3
  7
KUBIEC
 72
1
 11
4.7
 21
37.51500000000004
 31
0.0
100
AcDbText
 73
2
  0
TEXT
  5
29F
330
17
100
AcDbEntity
  8
E_TEXTO
390
20
100
AcDbText
 10
7.050000000000001
 20
37.44000000000003
 30
0.0
 40
0.15
  1
100 x 100
  7
KUBIEC
 72
1
 11
7.7
 21
37.51500000000004
 31
0.0
100
AcDbText
 73
2
  0
TEXT
  5
2A0
330
17
100
AcDbEntity
  8
E_TEXTO
390
20
100
AcDbText
 10
9.72857142857143
 20
37.44000000000003
 30
0.0
 40
0.15
  1
3
  7
KUBIEC
 72
1
 11
9.8
 21
37.51500000000004
 31
0.0
100
AcDbText
 73
2
  0
TEXT
  5
2A1
330
17
100
AcDbEntity
  8
E_TEXTO
390
20
100
AcDbText
 10
11.36428571428571
 20
37.44000000000003
 30
0.0
 40
0.15
  1
11.64
  7
KUBIEC
 72
1
 11
11.7
 21
37.51500000000004
 31
0.0
100
AcDbText
 73
2
  0
TEXT
  5
2A2
330
17
100
AcDbEntity
  8
E_TEXTO
390
20
100
AcDbText
 10
13.94285714285714
 20
37.44000000000003
 30
0.0
 40
0.15
  1
9.1
  7
KUBIEC
 72
1
 11
14.1
 21
37.51500000000004
 31
0.0
100
AcDbText
 73
2
  0
TEXT
  5
2A3
330
17
100
AcDbEntity
  8
E_TEXTO
390
20
100
AcDbText
 10
16.375
 20
37.44000000000003
 30
0.0
 40
0.15
  1
183
  7
KUBIEC
 72
1
 11
16.6
 21
37.51500000000004
 31
0.0
100
AcDbText
 73
2
  0
TEXT
  5
2A4
330
17
100
AcDbEntity
  8
E_TEXTO
390
20
100
AcDbText
 10
18.775
 20
37.44000000000003
 30
0.0
 40
0.15
  1
183
  7
KUBIEC
 72
1
 11
19.0
 21
37.51500000000004
 31
0.0
100
AcDbText
 73
2
  0
TEXT
  5
2A5
330
17
100
AcDbEntity
  8
E_TEXTO
390
20
100
AcDbText
 10
21.4
 20
37.44000000000003
 30
0.0
 40
0.15
  1
A36
  7
KUBIEC
 72
1
 11
21.6
 21
37.51500000000004
 31
0.0
100
AcDbText
 73
2
  0
TEXT
  5
2A6
330
17
100
AcDbEntity
  8
E_TEXTO
390
20
100
AcDbText
 10
24.15
 20
37.44000000000003
 30
0.0
 40
0.15
  1
No
  7
KUBIEC
 72
1
 11
24.3
 21
37.51500000000004
 31
0.0
100
AcDbText
 73
2
  0
LINE
  5
2A7
330
17
100
AcDbEntity
  8
E_TABLA
390
20
100
AcDbLine
 10
3.0
 20
37.84000000000005
 30
0.0
 11
25.6
 21
37.84000000000005
 31
0.0
  0
LINE
  5
2A8
330
17
100
AcDbEntity
  8
E_TABLA
390
20
100
AcDbLine
 10
3.0
 20
37.19000000000005
 30
0.0
 11
25.6
 21
37.19000000000005
 31
0.0
  0
LINE
  5
2A9
330
17
100
AcDbEntity
  8
E_TABLA
390
20
100
AcDbLine
 10
3.0
 20
40.04000000000003
 30
0.0
 11
3.0
 21
37.19000000000005
 31
0.0
  0
LINE
  5
2AA
330
17
100
AcDbEntity
  8
E_TABLA
390
20
100
AcDbLine
 10
6.4
 20
40.04000000000003
 30
0.0
 11
6.4
 21
37.19000000000005
 31
0.0
  0
LINE
  5
2AB
330
17
100
AcDbEntity
  8
E_TABLA
390
20
100
AcDbLine
 10
9.0
 20
40.04000000000003
 30
0.0
 11
9.0
 21
37.19000000000005
 31
0.0
  0
LINE
  5
2AC
330
17
100
AcDbEntity
  8
E_TABLA
390
20
100
AcDbLine
 10
10.6
 20
40.04000000000003
 30
0.0
 11
10.6
 21
37.19000000000005
 31
0.0
  0
LINE
  5
2AD
330
17
100
AcDbEntity
  8
E_TABLA
390
20
100
AcDbLine
 10
12.8
 20
40.04000000000003
 30
0.0
 11
12.8
 21
37.19000000000005
 31
0.0
  0
LINE
  5
2AE
330
17
100
AcDbEntity
  8
E_TABLA
390
20
100
AcDbLine
 10
15.4
 20
40.04000000000003
 30
0.0
 11
15.4
 21
37.19000000000005
 31
0.0
  0
LINE
  5
2AF
330
17
100
AcDbEntity
  8
E_TABLA
390
20
100
AcDbLine
 10
17.8
 20
40.04000000000003
 30
0.0
 11
17.8
 21
37.19000000000005
 31
0.0
  0
LINE
  5
2B0
330
17
100
AcDbEntity
  8
E_TABLA
390
20
100
AcDbLine
 10
20.2
 20
40.04000000000003
 30
0.0
 11
20.2
 21
37.19000000000005
 31
0.0
  0
LINE
  5
2B1
330
17
100
AcDbEntity
  8
E_TABLA
390
20
100
AcDbLine
 10
23.0
 20
40.04000000000003
 30
0.0
 11
23.0
 21
37.19000000000005
 31
0.0
  0
LINE
  5
2B2
330
17
100
AcDbEntity
  8
E_TABLA
390
20
100
AcDbLine
 10
25.6
 20
40.04000000000003
 30
0.0
 11
25.6
 21
37.19000000000005
 31
0.0
  0
TEXT
  5
2B3
330
17
100
AcDbEntity
  8
E_TITULO
390
20
100
AcDbText
 10
3.0
 20
35.27666666666671
 30
0.0
 40
0.26
  1
SECCIONES DE VIGAS DE ACERO (PERFILES ARMADOS VK)
  7
KUBIEC
 11
3.0
 21
35.19000000000005
 31
0.0
100
AcDbText
 73
1
  0
TEXT
  5
2B4
330
17
100
AcDbEntity
  8
E_TEXTO
390
20
100
AcDbText
 10
4.317857142857143
 20
34.06500000000003
 30
0.0
 40
0.15
  1
PERFIL
  7
KUBIEC
 72
1
 11
4.7
 21
34.14000000000004
 31
0.0
100
AcDbText
 73
2
  0
TEXT
  5
2B5
330
17
100
AcDbEntity
  8
E_TEXTO
390
20
100
AcDbText
 10
7.046428571428572
 20
34.06500000000003
 30
0.0
 40
0.15
  1
d (mm)
  7
KUBIEC
 72
1
 11
7.5
 21
34.14000000000004
 31
0.0
100
AcDbText
 73
2
  0
TEXT
  5
2B6
330
17
100
AcDbEntity
  8
E_TEXTO
390
20
100
AcDbText
 10
9.2
 20
34.06500000000003
 30
0.0
 40
0.15
  1
bf (mm)
  7
KUBIEC
 72
1
 11
9.7
 21
34.14000000000004
 31
0.0
100
AcDbText
 73
2
  0
TEXT
  5
2B7
330
17
100
AcDbEntity
  8
E_TEXTO
390
20
100
AcDbText
 10
11.39642857142857
 20
34.06500000000003
 30
0.0
 40
0.15
  1
tw (mm)
  7
KUBIEC
 72
1
 11
11.9
 21
34.14000000000004
 31
0.0
100
AcDbText
 73
2
  0
TEXT
  5
2B8
330
17
100
AcDbEntity
  8
E_TEXTO
390
20
100
AcDbText
 10
13.63214285714286
 20
34.06500000000003
 30
0.0
 40
0.15
  1
tf (mm)
  7
KUBIEC
 72
1
 11
14.1
 21
34.14000000000004
 31
0.0
100
AcDbText
 73
2
  0
TEXT
  5
2B9
330
17
100
AcDbEntity
  8
E_TEXTO
390
20
100
AcDbText
 10
15.82857142857143
 20
34.06500000000003
 30
0.0
 40
0.15
  1
A (cm2)
  7
KUBIEC
 72
1
 11
16.3
 21
34.14000000000004
 31
0.0
100
AcDbText
 73
2
  0
TEXT
  5
2BA
330
17
100
AcDbEntity
  8
E_TEXTO
390
20
100
AcDbText
 10
17.91785714285714
 20
34.06500000000003
 30
0.0
 40
0.15
  1
PESO (kg/m)
  7
KUBIEC
 72
1
 11
18.7
 21
34.14000000000004
 31
0.0
100
AcDbText
 73
2
  0
TEXT
  5
2BB
330
17
100
AcDbEntity
  8
E_TEXTO
390
20
100
AcDbText
 10
20.79285714285714
 20
34.06500000000003
 30
0.0
 40
0.15
  1
Ix (cm4)
  7
KUBIEC
 72
1
 11
21.3
 21
34.14000000000004
 31
0.0
100
AcDbText
 73
2
  0
TEXT
  5
2BC
330
17
100
AcDbEntity
  8
E_TEXTO
390
20
100
AcDbText
 10
23.48571428571429
 20
34.06500000000003
 30
0.0
 40
0.15
  1
MATERIAL
  7
KUBIEC
 72
1
 11
24.0
 21
34.14000000000004
 31
0.0
100
AcDbText
 73
2
  0
LINE
  5
2BD
330
17
100
AcDbEntity
  8
E_TABLA
390
20
100
AcDbLine
 10
3.0
 20
34.59000000000005
 30
0.0
 11
25.4
 21
34.59000000000005
 31
0.0
  0
TEXT
  5
2BE
330
17
100
AcDbEntity
  8
E_TEXTO
390
20
100
AcDbText
 10
3.778571428571429
 20
33.29000000000004
 30
0.0
 40
0.15
  1
VK150X100X4X4
  7
KUBIEC
 72
1
 11
4.7
 21
33.36500000000004
 31
0.0
100
AcDbText
 73
2
  0
TEXT
  5
2BF
330
17
100
AcDbEntity
  8
E_TEXTO
390
20
100
AcDbText
 10
7.275
 20
33.29000000000004
 30
0.0
 40
0.15
  1
150
  7
KUBIEC
 72
1
 11
7.5
 21
33.36500000000004
 31
0.0
100
AcDbText
 73
2
  0
TEXT
  5
2C0
330
17
100
AcDbEntity
  8
E_TEXTO
390
20
100
AcDbText
 10
9.475
 20
33.29000000000004
 30
0.0
 40
0.15
  1
100
  7
KUBIEC
 72
1
 11
9.7
 21
33.36500000000004
 31
0.0
100
AcDbText
 73
2
  0
TEXT
  5
2C1
330
17
100
AcDbEntity
  8
E_TEXTO
390
20
100
AcDbText
 10
11.825
 20
33.29000000000004
 30
0.0
 40
0.15
  1
4
  7
KUBIEC
 72
1
 11
11.9
 21
33.36500000000004
 31
0.0
100
AcDbText
 73
2
  0
TEXT
  5
2C2
330
17
100
AcDbEntity
  8
E_TEXTO
390
20
100
AcDbText
 10
14.025
 20
33.29000000000004
 30
0.0
 40
0.15
  1
4
  7
KUBIEC
 72
1
 11
14.1
 21
33.36500000000004
 31
0.0
100
AcDbText
 73
2
  0
TEXT
  5
2C3
330
17
100
AcDbEntity
  8
E_TEXTO
390
20
100
AcDbText
 10
15.96785714285714
 20
33.29000000000004
 30
0.0
 40
0.15
  1
13.68
  7
KUBIEC
 72
1
 11
16.3
 21
33.36500000000004
 31
0.0
100
AcDbText
 73
2
  0
TEXT
  5
2C4
330
17
100
AcDbEntity
  8
E_TEXTO
390
20
100
AcDbText
 10
18.43928571428571
 20
33.29000000000004
 30
0.0
 40
0.15
  1
10.7
  7
KUBIEC
 72
1
 11
18.7
 21
33.36500000000004
 31
0.0
100
AcDbText
 73
2
  0
TEXT
  5
2C5
330
17
100
AcDbEntity
  8
E_TEXTO
390
20
100
AcDbText
 10
21.08571428571429
 20
33.29000000000004
 30
0.0
 40
0.15
  1
522
  7
KUBIEC
 72
1
 11
21.3
 21
33.36500000000004
 31
0.0
100
AcDbText
 73
2
  0
TEXT
  5
2C6
330
17
100
AcDbEntity
  8
E_TEXTO
390
20
100
AcDbText
 10
23.38928571428572
 20
33.29000000000004
 30
0.0
 40
0.15
  1
A572 Gr50
  7
KUBIEC
 72
1
 11
24.0
 21
33.36500000000004
 31
0.0
100
AcDbText
 73
2
  0
LINE
  5
2C7
330
17
100
AcDbEntity
  8
E_TABLA
390
20
100
AcDbLine
 10
3.0
 20
33.69000000000005
 30
0.0
 11
25.4
 21
33.69000000000005
 31
0.0
  0
TEXT
  5
2C8
330
17
100
AcDbEntity
  8
E_TEXTO
390
20
100
AcDbText
 10
3.782142857142857
 20
32.64000000000005
 30
0.0
 40
0.15
  1
VK180X100X4X6
  7
KUBIEC
 72
1
 11
4.7
 21
32.71500000000005
 31
0.0
100
AcDbText
 73
2
  0
TEXT
  5
2C9
330
17
100
AcDbEntity
  8
E_TEXTO
390
20
100
AcDbText
 10
7.275
 20
32.64000000000005
 30
0.0
 40
0.15
  1
180
  7
KUBIEC
 72
1
 11
7.5
 21
32.71500000000005
 31
0.0
100
AcDbText
 73
2
  0
TEXT
  5
2CA
330
17
100
AcDbEntity
  8
E_TEXTO
390
20
100
AcDbText
 10
9.475
 20
32.64000000000005
 30
0.0
 40
0.15
  1
100
  7
KUBIEC
 72
1
 11
9.7
 21
32.71500000000005
 31
0.0
100
AcDbText
 73
2
  0
TEXT
  5
2CB
330
17
100
AcDbEntity
  8
E_TEXTO
390
20
100
AcDbText
 10
11.825
 20
32.64000000000005
 30
0.0
 40
0.15
  1
4
  7
KUBIEC
 72
1
 11
11.9
 21
32.71500000000005
 31
0.0
100
AcDbText
 73
2
  0
TEXT
  5
2CC
330
17
100
AcDbEntity
  8
E_TEXTO
390
20
100
AcDbText
 10
14.025
 20
32.64000000000005
 30
0.0
 40
0.15
  1
6
  7
KUBIEC
 72
1
 11
14.1
 21
32.71500000000005
 31
0.0
100
AcDbText
 73
2
  0
TEXT
  5
2CD
330
17
100
AcDbEntity
  8
E_TEXTO
390
20
100
AcDbText
 10
15.96785714285714
 20
32.64000000000005
 30
0.0
 40
0.15
  1
18.72
  7
KUBIEC
 72
1
 11
16.3
 21
32.71500000000005
 31
0.0
100
AcDbText
 73
2
  0
TEXT
  5
2CE
330
17
100
AcDbEntity
  8
E_TEXTO
390
20
100
AcDbText
 10
18.43928571428571
 20
32.64000000000005
 30
0.0
 40
0.15
  1
14.7
  7
KUBIEC
 72
1
 11
18.7
 21
32.71500000000005
 31
0.0
100
AcDbText
 73
2
  0
TEXT
  5
2CF
330
17
100
AcDbEntity
  8
E_TEXTO
390
20
100
AcDbText
 10
20.96785714285715
 20
32.64000000000005
 30
0.0
 40
0.15
  1
1,067
  7
KUBIEC
 72
1
 11
21.3
 21
32.71500000000005
 31
0.0
100
AcDbText
 73
2
  0
TEXT
  5
2D0
330
17
100
AcDbEntity
  8
E_TEXTO
390
20
100
AcDbText
 10
23.38928571428572
 20
32.64000000000005
 30
0.0
 40
0.15
  1
A572 Gr50
  7
KUBIEC
 72
1
 11
24.0
 21
32.71500000000005
 31
0.0
100
AcDbText
 73
2
  0
LINE
  5
2D1
330
17
100
AcDbEntity
  8
E_TABLA
390
20
100
AcDbLine
 10
3.0
 20
33.04000000000006
 30
0.0
 11
25.4
 21
33.04000000000006
 31
0.0
  0
TEXT
  5
2D2
330
17
100
AcDbEntity
  8
E_TEXTO
390
20
100
AcDbText
 10
3.782142857142857
 20
31.99000000000006
 30
0.0
 40
0.15
  1
VK200X100X4X8
  7
KUBIEC
 72
1
 11
4.7
 21
32.06500000000005
 31
0.0
100
AcDbText
 73
2
  0
TEXT
  5
2D3
330
17
100
AcDbEntity
  8
E_TEXTO
390
20
100
AcDbText
 10
7.285714285714286
 20
31.99000000000006
 30
0.0
 40
0.15
  1
200
  7
KUBIEC
 72
1
 11
7.5
 21
32.06500000000005
 31
0.0
100
AcDbText
 73
2
  0
TEXT
  5
2D4
330
17
100
AcDbEntity
  8
E_TEXTO
390
20
100
AcDbText
 10
9.475
 20
31.99000000000006
 30
0.0
 40
0.15
  1
100
  7
KUBIEC
 72
1
 11
9.7
 21
32.06500000000005
 31
0.0
100
AcDbText
 73
2
  0
TEXT
  5
2D5
330
17
100
AcDbEntity
  8
E_TEXTO
390
20
100
AcDbText
 10
11.825
 20
31.99000000000006
 30
0.0
 40
0.15
  1
4
  7
KUBIEC
 72
1
 11
11.9
 21
32.06500000000005
 31
0.0
100
AcDbText
 73
2
  0
TEXT
  5
2D6
330
17
100
AcDbEntity
  8
E_TEXTO
390
20
100
AcDbText
 10
14.02857142857143
 20
31.99000000000006
 30
0.0
 40
0.15
  1
8
  7
KUBIEC
 72
1
 11
14.1
 21
32.06500000000005
 31
0.0
100
AcDbText
 73
2
  0
TEXT
  5
2D7
330
17
100
AcDbEntity
  8
E_TEXTO
390
20
100
AcDbText
 10
15.97857142857143
 20
31.99000000000006
 30
0.0
 40
0.15
  1
23.36
  7
KUBIEC
 72
1
 11
16.3
 21
32.06500000000005
 31
0.0
100
AcDbText
 73
2
  0
TEXT
  5
2D8
330
17
100
AcDbEntity
  8
E_TEXTO
390
20
100
AcDbText
 10
18.43928571428571
 20
31.99000000000006
 30
0.0
 40
0.15
  1
18.3
  7
KUBIEC
 72
1
 11
18.7
 21
32.06500000000005
 31
0.0
100
AcDbText
 73
2
  0
TEXT
  5
2D9
330
17
100
AcDbEntity
  8
E_TEXTO
390
20
100
AcDbText
 10
20.96785714285715
 20
31.99000000000006
 30
0.0
 40
0.15
  1
1,683
  7
KUBIEC
 72
1
 11
21.3
 21
32.06500000000005
 31
0.0
100
AcDbText
 73
2
  0
TEXT
  5
2DA
330
17
100
AcDbEntity
  8
E_TEXTO
390
20
100
AcDbText
 10
23.38928571428572
 20
31.99000000000006
 30
0.0
 40
0.15
  1
A572 Gr50
  7
KUBIEC
 72
1
 11
24.0
 21
32.06500000000005
 31
0.0
100
AcDbText
 73
2
  0
LINE
  5
2DB
330
17
100
AcDbEntity
  8
E_TABLA
390
20
100
AcDbLine
 10
3.0
 20
32.39000000000005
 30
0.0
 11
25.4
 21
32.39000000000005
 31
0.0
  0
TEXT
  5
2DC
330
17
100
AcDbEntity
  8
E_TEXTO
390
20
100
AcDbText
 10
3.782142857142857
 20
31.34000000000005
 30
0.0
 40
0.15
  1
VK220X110X4X8
  7
KUBIEC
 72
1
 11
4.7
 21
31.41500000000005
 31
0.0
100
AcDbText
 73
2
  0
TEXT
  5
2DD
330
17
100
AcDbEntity
  8
E_TEXTO
390
20
100
AcDbText
 10
7.285714285714286
 20
31.34000000000005
 30
0.0
 40
0.15
  1
220
  7
KUBIEC
 72
1
 11
7.5
 21
31.41500000000005
 31
0.0
100
AcDbText
 73
2
  0
TEXT
  5
2DE
330
17
100
AcDbEntity
  8
E_TEXTO
390
20
100
AcDbText
 10
9.475
 20
31.34000000000005
 30
0.0
 40
0.15
  1
110
  7
KUBIEC
 72
1
 11
9.7
 21
31.41500000000005
 31
0.0
100
AcDbText
 73
2
  0
TEXT
  5
2DF
330
17
100
AcDbEntity
  8
E_TEXTO
390
20
100
AcDbText
 10
11.825
 20
31.34000000000005
 30
0.0
 40
0.15
  1
4
  7
KUBIEC
 72
1
 11
11.9
 21
31.41500000000005
 31
0.0
100
AcDbText
 73
2
  0
TEXT
  5
2E0
330
17
100
AcDbEntity
  8
E_TEXTO
390
20
100
AcDbText
 10
14.02857142857143
 20
31.34000000000005
 30
0.0
 40
0.15
  1
8
  7
KUBIEC
 72
1
 11
14.1
 21
31.41500000000005
 31
0.0
100
AcDbText
 73
2
  0
TEXT
  5
2E1
330
17
100
AcDbEntity
  8
E_TEXTO
390
20
100
AcDbText
 10
15.97857142857143
 20
31.34000000000005
 30
0.0
 40
0.15
  1
25.76
  7
KUBIEC
 72
1
 11
16.3
 21
31.41500000000005
 31
0.0
100
AcDbText
 73
2
  0
TEXT
  5
2E2
330
17
100
AcDbEntity
  8
E_TEXTO
390
20
100
AcDbText
 10
18.45
 20
31.34000000000005
 30
0.0
 40
0.15
  1
20.2
  7
KUBIEC
 72
1
 11
18.7
 21
31.41500000000005
 31
0.0
100
AcDbText
 73
2
  0
TEXT
  5
2E3
330
17
100
AcDbEntity
  8
E_TEXTO
390
20
100
AcDbText
 10
21.0
 20
31.34000000000005
 30
0.0
 40
0.15
  1
2,261
  7
KUBIEC
 72
1
 11
21.3
 21
31.41500000000005
 31
0.0
100
AcDbText
 73
2
  0
TEXT
  5
2E4
330
17
100
AcDbEntity
  8
E_TEXTO
390
20
100
AcDbText
 10
23.38928571428572
 20
31.34000000000005
 30
0.0
 40
0.15
  1
A572 Gr50
  7
KUBIEC
 72
1
 11
24.0
 21
31.41500000000005
 31
0.0
100
AcDbText
 73
2
  0
LINE
  5
2E5
330
17
100
AcDbEntity
  8
E_TABLA
390
20
100
AcDbLine
 10
3.0
 20
31.74000000000005
 30
0.0
 11
25.4
 21
31.74000000000005
 31
0.0
  0
TEXT
  5
2E6
330
17
100
AcDbEntity
  8
E_TEXTO
390
20
100
AcDbText
 10
3.782142857142857
 20
30.69000000000005
 30
0.0
 40
0.15
  1
VK250X130X4X8
  7
KUBIEC
 72
1
 11
4.7
 21
30.76500000000005
 31
0.0
100
AcDbText
 73
2
  0
TEXT
  5
2E7
330
17
100
AcDbEntity
  8
E_TEXTO
390
20
100
AcDbText
 10
7.285714285714286
 20
30.69000000000005
 30
0.0
 40
0.15
  1
250
  7
KUBIEC
 72
1
 11
7.5
 21
30.76500000000005
 31
0.0
100
AcDbText
 73
2
  0
TEXT
  5
2E8
330
17
100
AcDbEntity
  8
E_TEXTO
390
20
100
AcDbText
 10
9.475
 20
30.69000000000005
 30
0.0
 40
0.15
  1
130
  7
KUBIEC
 72
1
 11
9.7
 21
30.76500000000005
 31
0.0
100
AcDbText
 73
2
  0
TEXT
  5
2E9
330
17
100
AcDbEntity
  8
E_TEXTO
390
20
100
AcDbText
 10
11.825
 20
30.69000000000005
 30
0.0
 40
0.15
  1
4
  7
KUBIEC
 72
1
 11
11.9
 21
30.76500000000005
 31
0.0
100
AcDbText
 73
2
  0
TEXT
  5
2EA
330
17
100
AcDbEntity
  8
E_TEXTO
390
20
100
AcDbText
 10
14.02857142857143
 20
30.69000000000005
 30
0.0
 40
0.15
  1
8
  7
KUBIEC
 72
1
 11
14.1
 21
30.76500000000005
 31
0.0
100
AcDbText
 73
2
  0
TEXT
  5
2EB
330
17
100
AcDbEntity
  8
E_TEXTO
390
20
100
AcDbText
 10
15.97857142857143
 20
30.69000000000005
 30
0.0
 40
0.15
  1
30.16
  7
KUBIEC
 72
1
 11
16.3
 21
30.76500000000005
 31
0.0
100
AcDbText
 73
2
  0
TEXT
  5
2EC
330
17
100
AcDbEntity
  8
E_TEXTO
390
20
100
AcDbText
 10
18.45
 20
30.69000000000005
 30
0.0
 40
0.15
  1
23.7
  7
KUBIEC
 72
1
 11
18.7
 21
30.76500000000005
 31
0.0
100
AcDbText
 73
2
  0
TEXT
  5
2ED
330
17
100
AcDbEntity
  8
E_TEXTO
390
20
100
AcDbText
 10
20.975
 20
30.69000000000005
 30
0.0
 40
0.15
  1
3,474
  7
KUBIEC
 72
1
 11
21.3
 21
30.76500000000005
 31
0.0
100
AcDbText
 73
2
  0
TEXT
  5
2EE
330
17
100
AcDbEntity
  8
E_TEXTO
390
20
100
AcDbText
 10
23.38928571428572
 20
30.69000000000005
 30
0.0
 40
0.15
  1
A572 Gr50
  7
KUBIEC
 72
1
 11
24.0
 21
30.76500000000005
 31
0.0
100
AcDbText
 73
2
  0
LINE
  5
2EF
330
17
100
AcDbEntity
  8
E_TABLA
390
20
100
AcDbLine
 10
3.0
 20
31.09000000000005
 30
0.0
 11
25.4
 21
31.09000000000005
 31
0.0
  0
TEXT
  5
2F0
330
17
100
AcDbEntity
  8
E_TEXTO
390
20
100
AcDbText
 10
3.782142857142857
 20
30.04000000000005
 30
0.0
 40
0.15
  1
VK270X140X4X8
  7
KUBIEC
 72
1
 11
4.7
 21
30.11500000000005
 31
0.0
100
AcDbText
 73
2
  0
TEXT
  5
2F1
330
17
100
AcDbEntity
  8
E_TEXTO
390
20
100
AcDbText
 10
7.285714285714286
 20
30.04000000000005
 30
0.0
 40
0.15
  1
270
  7
KUBIEC
 72
1
 11
7.5
 21
30.11500000000005
 31
0.0
100
AcDbText
 73
2
  0
TEXT
  5
2F2
330
17
100
AcDbEntity
  8
E_TEXTO
390
20
100
AcDbText
 10
9.475
 20
30.04000000000005
 30
0.0
 40
0.15
  1
140
  7
KUBIEC
 72
1
 11
9.7
 21
30.11500000000005
 31
0.0
100
AcDbText
 73
2
  0
TEXT
  5
2F3
330
17
100
AcDbEntity
  8
E_TEXTO
390
20
100
AcDbText
 10
11.825
 20
30.04000000000005
 30
0.0
 40
0.15
  1
4
  7
KUBIEC
 72
1
 11
11.9
 21
30.11500000000005
 31
0.0
100
AcDbText
 73
2
  0
TEXT
  5
2F4
330
17
100
AcDbEntity
  8
E_TEXTO
390
20
100
AcDbText
 10
14.02857142857143
 20
30.04000000000005
 30
0.0
 40
0.15
  1
8
  7
KUBIEC
 72
1
 11
14.1
 21
30.11500000000005
 31
0.0
100
AcDbText
 73
2
  0
TEXT
  5
2F5
330
17
100
AcDbEntity
  8
E_TEXTO
390
20
100
AcDbText
 10
15.97857142857143
 20
30.04000000000005
 30
0.0
 40
0.15
  1
32.56
  7
KUBIEC
 72
1
 11
16.3
 21
30.11500000000005
 31
0.0
100
AcDbText
 73
2
  0
TEXT
  5
2F6
330
17
100
AcDbEntity
  8
E_TEXTO
390
20
100
AcDbText
 10
18.45
 20
30.04000000000005
 30
0.0
 40
0.15
  1
25.6
  7
KUBIEC
 72
1
 11
18.7
 21
30.11500000000005
 31
0.0
100
AcDbText
 73
2
  0
TEXT
  5
2F7
330
17
100
AcDbEntity
  8
E_TEXTO
390
20
100
AcDbText
 10
21.0
 20
30.04000000000005
 30
0.0
 40
0.15
  1
4,391
  7
KUBIEC
 72
1
 11
21.3
 21
30.11500000000005
 31
0.0
100
AcDbText
 73
2
  0
TEXT
  5
2F8
330
17
100
AcDbEntity
  8
E_TEXTO
390
20
100
AcDbText
 10
23.38928571428572
 20
30.04000000000005
 30
0.0
 40
0.15
  1
A572 Gr50
  7
KUBIEC
 72
1
 11
24.0
 21
30.11500000000005
 31
0.0
100
AcDbText
 73
2
  0
LINE
  5
2F9
330
17
100
AcDbEntity
  8
E_TABLA
390
20
100
AcDbLine
 10
3.0
 20
30.44000000000005
 30
0.0
 11
25.4
 21
30.44000000000005
 31
0.0
  0
LINE
  5
2FA
330
17
100
AcDbEntity
  8
E_TABLA
390
20
100
AcDbLine
 10
3.0
 20
29.79000000000005
 30
0.0
 11
25.4
 21
29.79000000000005
 31
0.0
  0
LINE
  5
2FB
330
17
100
AcDbEntity
  8
E_TABLA
390
20
100
AcDbLine
 10
3.0
 20
34.59000000000005
 30
0.0
 11
3.0
 21
29.79000000000005
 31
0.0
  0
LINE
  5
2FC
330
17
100
AcDbEntity
  8
E_TABLA
390
20
100
AcDbLine
 10
6.4
 20
34.59000000000005
 30
0.0
 11
6.4
 21
29.79000000000005
 31
0.0
  0
LINE
  5
2FD
330
17
100
AcDbEntity
  8
E_TABLA
390
20
100
AcDbLine
 10
8.600000000000001
 20
34.59000000000005
 30
0.0
 11
8.600000000000001
 21
29.79000000000005
 31
0.0
  0
LINE
  5
2FE
330
17
100
AcDbEntity
  8
E_TABLA
390
20
100
AcDbLine
 10
10.8
 20
34.59000000000005
 30
0.0
 11
10.8
 21
29.79000000000005
 31
0.0
  0
LINE
  5
2FF
330
17
100
AcDbEntity
  8
E_TABLA
390
20
100
AcDbLine
 10
13.0
 20
34.59000000000005
 30
0.0
 11
13.0
 21
29.79000000000005
 31
0.0
  0
LINE
  5
300
330
17
100
AcDbEntity
  8
E_TABLA
390
20
100
AcDbLine
 10
15.2
 20
34.59000000000005
 30
0.0
 11
15.2
 21
29.79000000000005
 31
0.0
  0
LINE
  5
301
330
17
100
AcDbEntity
  8
E_TABLA
390
20
100
AcDbLine
 10
17.4
 20
34.59000000000005
 30
0.0
 11
17.4
 21
29.79000000000005
 31
0.0
  0
LINE
  5
302
330
17
100
AcDbEntity
  8
E_TABLA
390
20
100
AcDbLine
 10
20.0
 20
34.59000000000005
 30
0.0
 11
20.0
 21
29.79000000000005
 31
0.0
  0
LINE
  5
303
330
17
100
AcDbEntity
  8
E_TABLA
390
20
100
AcDbLine
 10
22.6
 20
34.59000000000005
 30
0.0
 11
22.6
 21
29.79000000000005
 31
0.0
  0
LINE
  5
304
330
17
100
AcDbEntity
  8
E_TABLA
390
20
100
AcDbLine
 10
25.4
 20
34.59000000000005
 30
0.0
 11
25.4
 21
29.79000000000005
 31
0.0
  0
TEXT
  5
305
330
17
100
AcDbEntity
  8
E_TITULO
390
20
100
AcDbText
 10
38.0
 20
38.47666666666672
 30
0.0
 40
0.26
  1
VIGAS DE HORMIGÓN (RESUMEN; DETALLE EN E-04 Y E-05)
  7
KUBIEC
 11
38.0
 21
38.39000000000005
 31
0.0
100
AcDbText
 73
1
  0
TEXT
  5
306
330
17
100
AcDbEntity
  8
E_TEXTO
390
20
100
AcDbText
 10
38.525
 20
37.26500000000004
 30
0.0
 40
0.15
  1
MARCA
  7
KUBIEC
 72
1
 11
38.9
 21
37.34000000000005
 31
0.0
100
AcDbText
 73
2
  0
TEXT
  5
307
330
17
100
AcDbEntity
  8
E_TEXTO
390
20
100
AcDbText
 10
40.28571428571428
 20
37.26500000000004
 30
0.0
 40
0.15
  1
SECCIÓN (cm)
  7
KUBIEC
 72
1
 11
41.1
 21
37.34000000000005
 31
0.0
100
AcDbText
 73
2
  0
TEXT
  5
308
330
17
100
AcDbEntity
  8
E_TEXTO
390
20
100
AcDbText
 10
43.61428571428571
 20
37.26500000000004
 30
0.0
 40
0.15
  1
ARM. SUP.
  7
KUBIEC
 72
1
 11
44.2
 21
37.34000000000005
 31
0.0
100
AcDbText
 73
2
  0
TEXT
  5
309
330
17
100
AcDbEntity
  8
E_TEXTO
390
20
100
AcDbText
 10
46.66785714285714
 20
37.26500000000004
 30
0.0
 40
0.15
  1
ARM. INF.
  7
KUBIEC
 72
1
 11
47.2
 21
37.34000000000005
 31
0.0
100
AcDbText
 73
2
  0
TEXT
  5
30A
330
17
100
AcDbEntity
  8
E_TEXTO
390
20
100
AcDbText
 10
49.17142857142858
 20
37.26500000000004
 30
0.0
 40
0.15
  1
ESTRIBOS
  7
KUBIEC
 72
1
 11
49.7
 21
37.34000000000005
 31
0.0
100
AcDbText
 73
2
  0
TEXT
  5
30B
330
17
100
AcDbEntity
  8
E_TEXTO
390
20
100
AcDbText
 10
51.68928571428572
 20
37.26500000000004
 30
0.0
 40
0.15
  1
NIVEL
  7
KUBIEC
 72
1
 11
52.0
 21
37.34000000000005
 31
0.0
100
AcDbText
 73
2
  0
LINE
  5
30C
330
17
100
AcDbEntity
  8
E_TABLA
390
20
100
AcDbLine
 10
38.0
 20
37.79000000000005
 30
0.0
 11
53.0
 21
37.79000000000005
 31
0.0
  0
TEXT
  5
30D
330
17
100
AcDbEntity
  8
E_TEXTO
390
20
100
AcDbText
 10
38.79285714285714
 20
36.50500000000005
 30
0.0
 40
0.15
  1
V1
  7
KUBIEC
 72
1
 11
38.9
 21
36.58000000000005
 31
0.0
100
AcDbText
 73
2
  0
TEXT
  5
30E
330
17
100
AcDbEntity
  8
E_TEXTO
390
20
100
AcDbText
 10
40.75357142857143
 20
36.50500000000005
 30
0.0
 40
0.15
  1
20x30
  7
KUBIEC
 72
1
 11
41.1
 21
36.58000000000005
 31
0.0
100
AcDbText
 73
2
  0
TEXT
  5
30F
330
17
100
AcDbEntity
  8
E_TEXTO
390
20
100
AcDbText
 10
43.91428571428572
 20
36.50500000000005
 30
0.0
 40
0.15
  1
3φ12
  7
KUBIEC
 72
1
 11
44.2
 21
36.58000000000005
 31
0.0
100
AcDbText
 73
2
  0
TEXT
  5
310
330
17
100
AcDbEntity
  8
E_TEXTO
390
20
100
AcDbText
 10
46.91428571428572
 20
36.50500000000005
 30
0.0
 40
0.15
  1
3φ12
  7
KUBIEC
 72
1
 11
47.2
 21
36.58000000000005
 31
0.0
100
AcDbText
 73
2
  0
TEXT
  5
311
330
17
100
AcDbEntity
  8
E_TEXTO
390
20
100
AcDbText
 10
49.24642857142857
 20
36.50500000000005
 30
0.0
 40
0.15
  1
φ10@10
  7
KUBIEC
 72
1
 11
49.7
 21
36.58000000000005
 31
0.0
100
AcDbText
 73
2
  0
TEXT
  5
312
330
17
100
AcDbEntity
  8
E_TEXTO
390
20
100
AcDbText
 10
51.575
 20
36.50500000000005
 30
0.0
 40
0.15
  1
N-3.06
  7
KUBIEC
 72
1
 11
52.0
 21
36.58000000000005
 31
0.0
100
AcDbText
 73
2
  0
LINE
  5
313
330
17
100
AcDbEntity
  8
E_TABLA
390
20
100
AcDbLine
 10
38.0
 20
36.89000000000005
 30
0.0
 11
53.0
 21
36.89000000000005
 31
0.0
  0
TEXT
  5
314
330
17
100
AcDbEntity
  8
E_TEXTO
390
20
100
AcDbText
 10
38.77142857142857
 20
35.88500000000005
 30
0.0
 40
0.15
  1
V2
  7
KUBIEC
 72
1
 11
38.9
 21
35.96000000000005
 31
0.0
100
AcDbText
 73
2
  0
TEXT
  5
315
330
17
100
AcDbEntity
  8
E_TEXTO
390
20
100
AcDbText
 10
40.75357142857143
 20
35.88500000000005
 30
0.0
 40
0.15
  1
25x40
  7
KUBIEC
 72
1
 11
41.1
 21
35.96000000000005
 31
0.0
100
AcDbText
 73
2
  0
TEXT
  5
316
330
17
100
AcDbEntity
  8
E_TEXTO
390
20
100
AcDbText
 10
43.91428571428572
 20
35.88500000000005
 30
0.0
 40
0.15
  1
3φ18
  7
KUBIEC
 72
1
 11
44.2
 21
35.96000000000005
 31
0.0
100
AcDbText
 73
2
  0
TEXT
  5
317
330
17
100
AcDbEntity
  8
E_TEXTO
390
20
100
AcDbText
 10
46.91428571428572
 20
35.88500000000005
 30
0.0
 40
0.15
  1
3φ18
  7
KUBIEC
 72
1
 11
47.2
 21
35.96000000000005
 31
0.0
100
AcDbText
 73
2
  0
TEXT
  5
318
330
17
100
AcDbEntity
  8
E_TEXTO
390
20
100
AcDbText
 10
49.32142857142858
 20
35.88500000000005
 30
0.0
 40
0.15
  1
φ10@9
  7
KUBIEC
 72
1
 11
49.7
 21
35.96000000000005
 31
0.0
100
AcDbText
 73
2
  0
TEXT
  5
319
330
17
100
AcDbEntity
  8
E_TEXTO
390
20
100
AcDbText
 10
51.575
 20
35.88500000000005
 30
0.0
 40
0.15
  1
N-3.06
  7
KUBIEC
 72
1
 11
52.0
 21
35.96000000000005
 31
0.0
100
AcDbText
 73
2
  0
LINE
  5
31A
330
17
100
AcDbEntity
  8
E_TABLA
390
20
100
AcDbLine
 10
38.0
 20
36.27000000000005
 30
0.0
 11
53.0
 21
36.27000000000005
 31
0.0
  0
TEXT
  5
31B
330
17
100
AcDbEntity
  8
E_TEXTO
390
20
100
AcDbText
 10
38.77142857142857
 20
35.26500000000004
 30
0.0
 40
0.15
  1
V3
  7
KUBIEC
 72
1
 11
38.9
 21
35.34000000000005
 31
0.0
100
AcDbText
 73
2
  0
TEXT
  5
31C
330
17
100
AcDbEntity
  8
E_TEXTO
390
20
100
AcDbText
 10
40.75357142857143
 20
35.26500000000004
 30
0.0
 40
0.15
  1
25x45
  7
KUBIEC
 72
1
 11
41.1
 21
35.34000000000005
 31
0.0
100
AcDbText
 73
2
  0
TEXT
  5
31D
330
17
100
AcDbEntity
  8
E_TEXTO
390
20
100
AcDbText
 10
43.91428571428572
 20
35.26500000000004
 30
0.0
 40
0.15
  1
4φ16
  7
KUBIEC
 72
1
 11
44.2
 21
35.34000000000005
 31
0.0
100
AcDbText
 73
2
  0
TEXT
  5
31E
330
17
100
AcDbEntity
  8
E_TEXTO
390
20
100
AcDbText
 10
46.91428571428572
 20
35.26500000000004
 30
0.0
 40
0.15
  1
4φ16
  7
KUBIEC
 72
1
 11
47.2
 21
35.34000000000005
 31
0.0
100
AcDbText
 73
2
  0
TEXT
  5
31F
330
17
100
AcDbEntity
  8
E_TEXTO
390
20
100
AcDbText
 10
49.13928571428572
 20
35.26500000000004
 30
0.0
 40
0.15
  1
φ10@12.5
  7
KUBIEC
 72
1
 11
49.7
 21
35.34000000000005
 31
0.0
100
AcDbText
 73
2
  0
TEXT
  5
320
330
17
100
AcDbEntity
  8
E_TEXTO
390
20
100
AcDbText
 10
51.575
 20
35.26500000000004
 30
0.0
 40
0.15
  1
N-3.06
  7
KUBIEC
 72
1
 11
52.0
 21
35.34000000000005
 31
0.0
100
AcDbText
 73
2
  0
LINE
  5
321
330
17
100
AcDbEntity
  8
E_TABLA
390
20
100
AcDbLine
 10
38.0
 20
35.65000000000005
 30
0.0
 11
53.0
 21
35.65000000000005
 31
0.0
  0
TEXT
  5
322
330
17
100
AcDbEntity
  8
E_TEXTO
390
20
100
AcDbText
 10
38.76785714285714
 20
34.64500000000005
 30
0.0
 40
0.15
  1
V4
  7
KUBIEC
 72
1
 11
38.9
 21
34.72000000000006
 31
0.0
100
AcDbText
 73
2
  0
TEXT
  5
323
330
17
100
AcDbEntity
  8
E_TEXTO
390
20
100
AcDbText
 10
40.75357142857143
 20
34.64500000000005
 30
0.0
 40
0.15
  1
25x50
  7
KUBIEC
 72
1
 11
41.1
 21
34.72000000000006
 31
0.0
100
AcDbText
 73
2
  0
TEXT
  5
324
330
17
100
AcDbEntity
  8
E_TEXTO
390
20
100
AcDbText
 10
43.91071428571429
 20
34.64500000000005
 30
0.0
 40
0.15
  1
3φ14
  7
KUBIEC
 72
1
 11
44.2
 21
34.72000000000006
 31
0.0
100
AcDbText
 73
2
  0
TEXT
  5
325
330
17
100
AcDbEntity
  8
E_TEXTO
390
20
100
AcDbText
 10
46.91428571428572
 20
34.64500000000005
 30
0.0
 40
0.15
  1
3φ22
  7
KUBIEC
 72
1
 11
47.2
 21
34.72000000000006
 31
0.0
100
AcDbText
 73
2
  0
TEXT
  5
326
330
17
100
AcDbEntity
  8
E_TEXTO
390
20
100
AcDbText
 10
49.13928571428572
 20
34.64500000000005
 30
0.0
 40
0.15
  1
φ10@12.5
  7
KUBIEC
 72
1
 11
49.7
 21
34.72000000000006
 31
0.0
100
AcDbText
 73
2
  0
TEXT
  5
327
330
17
100
AcDbEntity
  8
E_TEXTO
390
20
100
AcDbText
 10
51.575
 20
34.64500000000005
 30
0.0
 40
0.15
  1
N-3.06
  7
KUBIEC
 72
1
 11
52.0
 21
34.72000000000006
 31
0.0
100
AcDbText
 73
2
  0
LINE
  5
328
330
17
100
AcDbEntity
  8
E_TABLA
390
20
100
AcDbLine
 10
38.0
 20
35.03000000000006
 30
0.0
 11
53.0
 21
35.03000000000006
 31
0.0
  0
TEXT
  5
329
330
17
100
AcDbEntity
  8
E_TEXTO
390
20
100
AcDbText
 10
38.77142857142857
 20
34.02500000000006
 30
0.0
 40
0.15
  1
V5
  7
KUBIEC
 72
1
 11
38.9
 21
34.10000000000006
 31
0.0
100
AcDbText
 73
2
  0
TEXT
  5
32A
330
17
100
AcDbEntity
  8
E_TEXTO
390
20
100
AcDbText
 10
40.75357142857143
 20
34.02500000000006
 30
0.0
 40
0.15
  1
30x50
  7
KUBIEC
 72
1
 11
41.1
 21
34.10000000000006
 31
0.0
100
AcDbText
 73
2
  0
TEXT
  5
32B
330
17
100
AcDbEntity
  8
E_TEXTO
390
20
100
AcDbText
 10
43.91428571428572
 20
34.02500000000006
 30
0.0
 40
0.15
  1
3φ16
  7
KUBIEC
 72
1
 11
44.2
 21
34.10000000000006
 31
0.0
100
AcDbText
 73
2
  0
TEXT
  5
32C
330
17
100
AcDbEntity
  8
E_TEXTO
390
20
100
AcDbText
 10
46.91428571428572
 20
34.02500000000006
 30
0.0
 40
0.15
  1
4φ25
  7
KUBIEC
 72
1
 11
47.2
 21
34.10000000000006
 31
0.0
100
AcDbText
 73
2
  0
TEXT
  5
32D
330
17
100
AcDbEntity
  8
E_TEXTO
390
20
100
AcDbText
 10
49.13928571428572
 20
34.02500000000006
 30
0.0
 40
0.15
  1
φ10@12.5
  7
KUBIEC
 72
1
 11
49.7
 21
34.10000000000006
 31
0.0
100
AcDbText
 73
2
  0
TEXT
  5
32E
330
17
100
AcDbEntity
  8
E_TEXTO
390
20
100
AcDbText
 10
51.575
 20
34.02500000000006
 30
0.0
 40
0.15
  1
N-3.06
  7
KUBIEC
 72
1
 11
52.0
 21
34.10000000000006
 31
0.0
100
AcDbText
 73
2
  0
LINE
  5
32F
330
17
100
AcDbEntity
  8
E_TABLA
390
20
100
AcDbLine
 10
38.0
 20
34.41000000000006
 30
0.0
 11
53.0
 21
34.41000000000006
 31
0.0
  0
TEXT
  5
330
330
17
100
AcDbEntity
  8
E_TEXTO
390
20
100
AcDbText
 10
38.76785714285714
 20
33.40500000000005
 30
0.0
 40
0.15
  1
N1
  7
KUBIEC
 72
1
 11
38.9
 21
33.48000000000005
 31
0.0
100
AcDbText
 73
2
  0
TEXT
  5
331
330
17
100
AcDbEntity
  8
E_TEXTO
390
20
100
AcDbText
 10
40.75357142857143
 20
33.40500000000005
 30
0.0
 40
0.15
  1
40x60
  7
KUBIEC
 72
1
 11
41.1
 21
33.48000000000005
 31
0.0
100
AcDbText
 73
2
  0
TEXT
  5
332
330
17
100
AcDbEntity
  8
E_TEXTO
390
20
100
AcDbText
 10
43.21428571428572
 20
33.40500000000005
 30
0.0
 40
0.15
  1
4φ16 +2φ12 lat.
  7
KUBIEC
 72
1
 11
44.2
 21
33.48000000000005
 31
0.0
100
AcDbText
 73
2
  0
TEXT
  5
333
330
17
100
AcDbEntity
  8
E_TEXTO
390
20
100
AcDbText
 10
46.91428571428572
 20
33.40500000000005
 30
0.0
 40
0.15
  1
4φ16
  7
KUBIEC
 72
1
 11
47.2
 21
33.48000000000005
 31
0.0
100
AcDbText
 73
2
  0
TEXT
  5
334
330
17
100
AcDbEntity
  8
E_TEXTO
390
20
100
AcDbText
 10
49.24642857142857
 20
33.40500000000005
 30
0.0
 40
0.15
  1
φ10@15
  7
KUBIEC
 72
1
 11
49.7
 21
33.48000000000005
 31
0.0
100
AcDbText
 73
2
  0
TEXT
  5
335
330
17
100
AcDbEntity
  8
E_TEXTO
390
20
100
AcDbText
 10
51.575
 20
33.40500000000005
 30
0.0
 40
0.15
  1
N-3.06
  7
KUBIEC
 72
1
 11
52.0
 21
33.48000000000005
 31
0.0
100
AcDbText
 73
2
  0
LINE
  5
336
330
17
100
AcDbEntity
  8
E_TABLA
390
20
100
AcDbLine
 10
38.0
 20
33.79000000000006
 30
0.0
 11
53.0
 21
33.79000000000006
 31
0.0
  0
TEXT
  5
337
330
17
100
AcDbEntity
  8
E_TEXTO
390
20
100
AcDbText
 10
38.775
 20
32.78500000000005
 30
0.0
 40
0.15
  1
C1
  7
KUBIEC
 72
1
 11
38.9
 21
32.86000000000006
 31
0.0
100
AcDbText
 73
2
  0
TEXT
  5
338
330
17
100
AcDbEntity
  8
E_TEXTO
390
20
100
AcDbText
 10
40.75357142857143
 20
32.78500000000005
 30
0.0
 40
0.15
  1
30x50
  7
KUBIEC
 72
1
 11
41.1
 21
32.86000000000006
 31
0.0
100
AcDbText
 73
2
  0
TEXT
  5
339
330
17
100
AcDbEntity
  8
E_TEXTO
390
20
100
AcDbText
 10
43.91428571428572
 20
32.78500000000005
 30
0.0
 40
0.15
  1
4φ25
  7
KUBIEC
 72
1
 11
44.2
 21
32.86000000000006
 31
0.0
100
AcDbText
 73
2
  0
TEXT
  5
33A
330
17
100
AcDbEntity
  8
E_TEXTO
390
20
100
AcDbText
 10
46.91428571428572
 20
32.78500000000005
 30
0.0
 40
0.15
  1
4φ25
  7
KUBIEC
 72
1
 11
47.2
 21
32.86000000000006
 31
0.0
100
AcDbText
 73
2
  0
TEXT
  5
33B
330
17
100
AcDbEntity
  8
E_TEXTO
390
20
100
AcDbText
 10
49.13928571428572
 20
32.78500000000005
 30
0.0
 40
0.15
  1
φ10@12.5
  7
KUBIEC
 72
1
 11
49.7
 21
32.86000000000006
 31
0.0
100
AcDbText
 73
2
  0
TEXT
  5
33C
330
17
100
AcDbEntity
  8
E_TEXTO
390
20
100
AcDbText
 10
51.575
 20
32.78500000000005
 30
0.0
 40
0.15
  1
N±0.00
  7
KUBIEC
 72
1
 11
52.0
 21
32.86000000000006
 31
0.0
100
AcDbText
 73
2
  0
LINE
  5
33D
330
17
100
AcDbEntity
  8
E_TABLA
390
20
100
AcDbLine
 10
38.0
 20
33.17000000000007
 30
0.0
 11
53.0
 21
33.17000000000007
 31
0.0
  0
TEXT
  5
33E
330
17
100
AcDbEntity
  8
E_TEXTO
390
20
100
AcDbText
 10
38.75357142857143
 20
32.16500000000006
 30
0.0
 40
0.15
  1
C2
  7
KUBIEC
 72
1
 11
38.9
 21
32.24000000000007
 31
0.0
100
AcDbText
 73
2
  0
TEXT
  5
33F
330
17
100
AcDbEntity
  8
E_TEXTO
390
20
100
AcDbText
 10
40.75357142857143
 20
32.16500000000006
 30
0.0
 40
0.15
  1
25x40
  7
KUBIEC
 72
1
 11
41.1
 21
32.24000000000007
 31
0.0
100
AcDbText
 73
2
  0
TEXT
  5
340
330
17
100
AcDbEntity
  8
E_TEXTO
390
20
100
AcDbText
 10
43.91428571428572
 20
32.16500000000006
 30
0.0
 40
0.15
  1
3φ25
  7
KUBIEC
 72
1
 11
44.2
 21
32.24000000000007
 31
0.0
100
AcDbText
 73
2
  0
TEXT
  5
341
330
17
100
AcDbEntity
  8
E_TEXTO
390
20
100
AcDbText
 10
46.91428571428572
 20
32.16500000000006
 30
0.0
 40
0.15
  1
3φ25
  7
KUBIEC
 72
1
 11
47.2
 21
32.24000000000007
 31
0.0
100
AcDbText
 73
2
  0
TEXT
  5
342
330
17
100
AcDbEntity
  8
E_TEXTO
390
20
100
AcDbText
 10
49.24642857142857
 20
32.16500000000006
 30
0.0
 40
0.15
  1
φ10@10
  7
KUBIEC
 72
1
 11
49.7
 21
32.24000000000007
 31
0.0
100
AcDbText
 73
2
  0
TEXT
  5
343
330
17
100
AcDbEntity
  8
E_TEXTO
390
20
100
AcDbText
 10
51.575
 20
32.16500000000006
 30
0.0
 40
0.15
  1
N±0.00
  7
KUBIEC
 72
1
 11
52.0
 21
32.24000000000007
 31
0.0
100
AcDbText
 73
2
  0
LINE
  5
344
330
17
100
AcDbEntity
  8
E_TABLA
390
20
100
AcDbLine
 10
38.0
 20
32.55000000000007
 30
0.0
 11
53.0
 21
32.55000000000007
 31
0.0
  0
TEXT
  5
345
330
17
100
AcDbEntity
  8
E_TEXTO
390
20
100
AcDbText
 10
38.75357142857143
 20
31.54500000000007
 30
0.0
 40
0.15
  1
C3
  7
KUBIEC
 72
1
 11
38.9
 21
31.62000000000007
 31
0.0
100
AcDbText
 73
2
  0
TEXT
  5
346
330
17
100
AcDbEntity
  8
E_TEXTO
390
20
100
AcDbText
 10
40.75357142857143
 20
31.54500000000007
 30
0.0
 40
0.15
  1
25x40
  7
KUBIEC
 72
1
 11
41.1
 21
31.62000000000007
 31
0.0
100
AcDbText
 73
2
  0
TEXT
  5
347
330
17
100
AcDbEntity
  8
E_TEXTO
390
20
100
AcDbText
 10
43.91428571428572
 20
31.54500000000007
 30
0.0
 40
0.15
  1
3φ22
  7
KUBIEC
 72
1
 11
44.2
 21
31.62000000000007
 31
0.0
100
AcDbText
 73
2
  0
TEXT
  5
348
330
17
100
AcDbEntity
  8
E_TEXTO
390
20
100
AcDbText
 10
46.91428571428572
 20
31.54500000000007
 30
0.0
 40
0.15
  1
3φ22
  7
KUBIEC
 72
1
 11
47.2
 21
31.62000000000007
 31
0.0
100
AcDbText
 73
2
  0
TEXT
  5
349
330
17
100
AcDbEntity
  8
E_TEXTO
390
20
100
AcDbText
 10
49.24642857142857
 20
31.54500000000007
 30
0.0
 40
0.15
  1
φ10@10
  7
KUBIEC
 72
1
 11
49.7
 21
31.62000000000007
 31
0.0
100
AcDbText
 73
2
  0
TEXT
  5
34A
330
17
100
AcDbEntity
  8
E_TEXTO
390
20
100
AcDbText
 10
51.575
 20
31.54500000000007
 30
0.0
 40
0.15
  1
N±0.00
  7
KUBIEC
 72
1
 11
52.0
 21
31.62000000000007
 31
0.0
100
AcDbText
 73
2
  0
LINE
  5
34B
330
17
100
AcDbEntity
  8
E_TABLA
390
20
100
AcDbLine
 10
38.0
 20
31.93000000000007
 30
0.0
 11
53.0
 21
31.93000000000007
 31
0.0
  0
TEXT
  5
34C
330
17
100
AcDbEntity
  8
E_TEXTO
390
20
100
AcDbText
 10
38.75
 20
30.92500000000007
 30
0.0
 40
0.15
  1
C4
  7
KUBIEC
 72
1
 11
38.9
 21
31.00000000000007
 31
0.0
100
AcDbText
 73
2
  0
TEXT
  5
34D
330
17
100
AcDbEntity
  8
E_TEXTO
390
20
100
AcDbText
 10
40.75357142857143
 20
30.92500000000007
 30
0.0
 40
0.15
  1
25x40
  7
KUBIEC
 72
1
 11
41.1
 21
31.00000000000007
 31
0.0
100
AcDbText
 73
2
  0
TEXT
  5
34E
330
17
100
AcDbEntity
  8
E_TEXTO
390
20
100
AcDbText
 10
43.91428571428572
 20
30.92500000000007
 30
0.0
 40
0.15
  1
3φ18
  7
KUBIEC
 72
1
 11
44.2
 21
31.00000000000007
 31
0.0
100
AcDbText
 73
2
  0
TEXT
  5
34F
330
17
100
AcDbEntity
  8
E_TEXTO
390
20
100
AcDbText
 10
46.91428571428572
 20
30.92500000000007
 30
0.0
 40
0.15
  1
3φ18
  7
KUBIEC
 72
1
 11
47.2
 21
31.00000000000007
 31
0.0
100
AcDbText
 73
2
  0
TEXT
  5
350
330
17
100
AcDbEntity
  8
E_TEXTO
390
20
100
AcDbText
 10
49.24642857142857
 20
30.92500000000007
 30
0.0
 40
0.15
  1
φ10@10
  7
KUBIEC
 72
1
 11
49.7
 21
31.00000000000007
 31
0.0
100
AcDbText
 73
2
  0
TEXT
  5
351
330
17
100
AcDbEntity
  8
E_TEXTO
390
20
100
AcDbText
 10
51.575
 20
30.92500000000007
 30
0.0
 40
0.15
  1
N±0.00
  7
KUBIEC
 72
1
 11
52.0
 21
31.00000000000007
 31
0.0
100
AcDbText
 73
2
  0
LINE
  5
352
330
17
100
AcDbEntity
  8
E_TABLA
390
20
100
AcDbLine
 10
38.0
 20
31.31000000000007
 30
0.0
 11
53.0
 21
31.31000000000007
 31
0.0
  0
TEXT
  5
353
330
17
100
AcDbEntity
  8
E_TEXTO
390
20
100
AcDbText
 10
38.75357142857143
 20
30.30500000000007
 30
0.0
 40
0.15
  1
C5
  7
KUBIEC
 72
1
 11
38.9
 21
30.38000000000007
 31
0.0
100
AcDbText
 73
2
  0
TEXT
  5
354
330
17
100
AcDbEntity
  8
E_TEXTO
390
20
100
AcDbText
 10
40.75357142857143
 20
30.30500000000007
 30
0.0
 40
0.15
  1
25x40
  7
KUBIEC
 72
1
 11
41.1
 21
30.38000000000007
 31
0.0
100
AcDbText
 73
2
  0
TEXT
  5
355
330
17
100
AcDbEntity
  8
E_TEXTO
390
20
100
AcDbText
 10
43.91428571428572
 20
30.30500000000007
 30
0.0
 40
0.15
  1
3φ16
  7
KUBIEC
 72
1
 11
44.2
 21
30.38000000000007
 31
0.0
100
AcDbText
 73
2
  0
TEXT
  5
356
330
17
100
AcDbEntity
  8
E_TEXTO
390
20
100
AcDbText
 10
46.91428571428572
 20
30.30500000000007
 30
0.0
 40
0.15
  1
3φ16
  7
KUBIEC
 72
1
 11
47.2
 21
30.38000000000007
 31
0.0
100
AcDbText
 73
2
  0
TEXT
  5
357
330
17
100
AcDbEntity
  8
E_TEXTO
390
20
100
AcDbText
 10
49.13928571428572
 20
30.30500000000007
 30
0.0
 40
0.15
  1
φ10@12.5
  7
KUBIEC
 72
1
 11
49.7
 21
30.38000000000007
 31
0.0
100
AcDbText
 73
2
  0
TEXT
  5
358
330
17
100
AcDbEntity
  8
E_TEXTO
390
20
100
AcDbText
 10
51.575
 20
30.30500000000007
 30
0.0
 40
0.15
  1
N±0.00
  7
KUBIEC
 72
1
 11
52.0
 21
30.38000000000007
 31
0.0
100
AcDbText
 73
2
  0
LINE
  5
359
330
17
100
AcDbEntity
  8
E_TABLA
390
20
100
AcDbLine
 10
38.0
 20
30.69000000000007
 30
0.0
 11
53.0
 21
30.69000000000007
 31
0.0
  0
TEXT
  5
35A
330
17
100
AcDbEntity
  8
E_TEXTO
390
20
100
AcDbText
 10
38.61428571428571
 20
29.68500000000007
 30
0.0
 40
0.15
  1
VCOR
  7
KUBIEC
 72
1
 11
38.9
 21
29.76000000000007
 31
0.0
100
AcDbText
 73
2
  0
TEXT
  5
35B
330
17
100
AcDbEntity
  8
E_TEXTO
390
20
100
AcDbText
 10
40.75357142857143
 20
29.68500000000007
 30
0.0
 40
0.15
  1
20x30
  7
KUBIEC
 72
1
 11
41.1
 21
29.76000000000007
 31
0.0
100
AcDbText
 73
2
  0
TEXT
  5
35C
330
17
100
AcDbEntity
  8
E_TEXTO
390
20
100
AcDbText
 10
43.91428571428572
 20
29.68500000000007
 30
0.0
 40
0.15
  1
3φ12
  7
KUBIEC
 72
1
 11
44.2
 21
29.76000000000007
 31
0.0
100
AcDbText
 73
2
  0
TEXT
  5
35D
330
17
100
AcDbEntity
  8
E_TEXTO
390
20
100
AcDbText
 10
46.91428571428572
 20
29.68500000000007
 30
0.0
 40
0.15
  1
3φ12
  7
KUBIEC
 72
1
 11
47.2
 21
29.76000000000007
 31
0.0
100
AcDbText
 73
2
  0
TEXT
  5
35E
330
17
100
AcDbEntity
  8
E_TEXTO
390
20
100
AcDbText
 10
49.32142857142858
 20
29.68500000000007
 30
0.0
 40
0.15
  1
φ10@9
  7
KUBIEC
 72
1
 11
49.7
 21
29.76000000000007
 31
0.0
100
AcDbText
 73
2
  0
TEXT
  5
35F
330
17
100
AcDbEntity
  8
E_TEXTO
390
20
100
AcDbText
 10
51.575
 20
29.68500000000007
 30
0.0
 40
0.15
  1
N±0.00
  7
KUBIEC
 72
1
 11
52.0
 21
29.76000000000007
 31
0.0
100
AcDbText
 73
2
  0
LINE
  5
360
330
17
100
AcDbEntity
  8
E_TABLA
390
20
100
AcDbLine
 10
38.0
 20
30.07000000000007
 30
0.0
 11
53.0
 21
30.07000000000007
 31
0.0
  0
LINE
  5
361
330
17
100
AcDbEntity
  8
E_TABLA
390
20
100
AcDbLine
 10
38.0
 20
29.45000000000007
 30
0.0
 11
53.0
 21
29.45000000000007
 31
0.0
  0
LINE
  5
362
330
17
100
AcDbEntity
  8
E_TABLA
390
20
100
AcDbLine
 10
38.0
 20
37.79000000000005
 30
0.0
 11
38.0
 21
29.45000000000007
 31
0.0
  0
LINE
  5
363
330
17
100
AcDbEntity
  8
E_TABLA
390
20
100
AcDbLine
 10
39.8
 20
37.79000000000005
 30
0.0
 11
39.8
 21
29.45000000000007
 31
0.0
  0
LINE
  5
364
330
17
100
AcDbEntity
  8
E_TABLA
390
20
100
AcDbLine
 10
42.4
 20
37.79000000000005
 30
0.0
 11
42.4
 21
29.45000000000007
 31
0.0
  0
LINE
  5
365
330
17
100
AcDbEntity
  8
E_TABLA
390
20
100
AcDbLine
 10
46.0
 20
37.79000000000005
 30
0.0
 11
46.0
 21
29.45000000000007
 31
0.0
  0
LINE
  5
366
330
17
100
AcDbEntity
  8
E_TABLA
390
20
100
AcDbLine
 10
48.4
 20
37.79000000000005
 30
0.0
 11
48.4
 21
29.45000000000007
 31
0.0
  0
LINE
  5
367
330
17
100
AcDbEntity
  8
E_TABLA
390
20
100
AcDbLine
 10
51.0
 20
37.79000000000005
 30
0.0
 11
51.0
 21
29.45000000000007
 31
0.0
  0
LINE
  5
368
330
17
100
AcDbEntity
  8
E_TABLA
390
20
100
AcDbLine
 10
53.0
 20
37.79000000000005
 30
0.0
 11
53.0
 21
29.45000000000007
 31
0.0
  0
ENDSEC
  0
SECTION
  2
OBJECTS
  0
DICTIONARY
  5
A
330
0
100
AcDbDictionary
281
1
  3
ACAD_CIP_PREVIOUS_PRODUCT_INFO
350
391
  3
ACAD_COLOR
350
B
  3
ACAD_DETAILVIEWSTYLE
350
383
  3
ACAD_GROUP
350
C
  3
ACAD_LAST_SAVED_VERSION_INFO
350
392
  3
ACAD_LAYOUT
350
D
  3
ACAD_MATERIAL
350
E
  3
ACAD_MLEADERSTYLE
350
F
  3
ACAD_MLINESTYLE
350
10
  3
ACAD_PLOTSETTINGS
350
11
  3
ACAD_PLOTSTYLENAME
350
12
  3
ACAD_SCALELIST
350
14
  3
ACAD_SECTIONVIEWSTYLE
350
381
  3
ACAD_TABLESTYLE
350
15
  3
ACAD_VISUALSTYLE
350
16
  3
AcDbVariableDictionary
350
394
  3
EZDXF_META
350
2D
  0
DICTIONARY
  5
B
330
A
100
AcDbDictionary
281
1
  0
DICTIONARY
  5
C
330
A
100
AcDbDictionary
281
1
  0
DICTIONARY
  5
D
330
A
100
AcDbDictionary
281
1
  3
Layout1
350
1E
  3
Model
350
1A
  0
DICTIONARY
  5
E
330
A
100
AcDbDictionary
281
1
  3
ByBlock
350
39C
  3
ByLayer
350
39D
  3
Global
350
39E
  0
DICTIONARY
  5
F
330
A
100
AcDbDictionary
281
1
  3
Standard
350
2C
  0
DICTIONARY
  5
10
330
A
100
AcDbDictionary
281
1
  3
Standard
350
22
  0
DICTIONARY
  5
11
330
A
100
AcDbDictionary
281
1
  0
ACDBDICTIONARYWDFLT
  5
12
330
A
100
AcDbDictionary
281
1
  3
Normal
350
13
100
AcDbDictionaryWithDefault
340
13
  0
ACDBPLACEHOLDER
  5
13
330
12
  0
DICTIONARY
  5
14
330
A
100
AcDbDictionary
281
1
  3
A0
350
370
  3
A1
350
371
  3
A2
350
372
  3
A3
350
373
  3
A4
350
374
  3
A5
350
375
  3
A6
350
376
  3
A7
350
377
  3
A8
350
378
  3
A9
350
379
  3
B0
350
37A
  3
B1
350
37B
  3
B2
350
37C
  3
B3
350
37D
  3
B4
350
37E
  3
B5
350
37F
  3
B6
350
380
  0
DICTIONARY
  5
15
330
A
100
AcDbDictionary
281
1
  3
Standard
350
36F
  0
DICTIONARY
  5
16
330
A
100
AcDbDictionary
281
1
  3
2dWireframe
350
5A
  3
Basic
350
5B
  3
Brighten
350
5C
  3
ColorChange
350
5D
  3
Conceptual
350
5E
  3
Dim
350
5F
  3
EdgeColorOff
350
60
  3
Facepattern
350
61
  3
Flat
350
62
  3
FlatWithEdges
350
63
  3
Gouraud
350
64
  3
GouraudWithEdges
350
65
  3
Hidden
350
66
  3
JitterOff
350
67
  3
Linepattern
350
68
  3
Modeling
350
69
  3
OverhangOff
350
6A
  3
Realistic
350
6B
  3
Shaded
350
6C
  3
Shaded with edges
350
6D
  3
Shades of Gray
350
6E
  3
Sketchy
350
6F
  3
Thicken
350
70
  3
Wireframe
350
71
  3
X-Ray
350
72
  0
LAYOUT
  5
1A
330
D
100
AcDbPlotSettings
  1

  2
Microsoft Print to PDF
  4
A3
  6

 40
7.5
 41
20.0
 42
7.5
 43
20.0
 44
420.0
 45
297.0
 46
0.0
 47
0.0
 48
0.0
 49
0.0
140
0.0
141
0.0
142
1.0
143
1.0
 70
1024
 72
1
 73
0
 74
5
  7

 75
16
 76
0
 77
2
 78
300
147
1.0
148
0.0
149
0.0
100
AcDbLayout
  1
Model
 70
1
 71
0
 10
0.0
 20
0.0
 11
420.0
 21
297.0
 12
0.0
 22
0.0
 32
0.0
 14
1e+20
 24
1e+20
 34
1e+20
 15
-1e+20
 25
-1e+20
 35
-1e+20
146
0.0
 13
0.0
 23
0.0
 33
0.0
 16
1.0
 26
0.0
 36
0.0
 17
0.0
 27
1.0
 37
0.0
 76
1
330
17
331
23
  0
LAYOUT
  5
1E
330
D
100
AcDbPlotSettings
  1

  2
Microsoft Print to PDF
  4
A3
  6

 40
7.5
 41
20.0
 42
7.5
 43
20.0
 44
420.0
 45
297.0
 46
0.0
 47
0.0
 48
0.0
 49
0.0
140
0.0
141
0.0
142
1.0
143
1.0
 70
0
 72
1
 73
0
 74
5
  7

 75
16
 76
0
 77
2
 78
300
147
1.0
148
0.0
149
0.0
100
AcDbLayout
  1
Layout1
 70
1
 71
1
 10
0.0
 20
0.0
 11
420.0
 21
297.0
 12
0.0
 22
0.0
 32
0.0
 14
1e+20
 24
1e+20
 34
1e+20
 15
-1e+20
 25
-1e+20
 35
-1e+20
146
0.0
 13
0.0
 23
0.0
 33
0.0
 16
1.0
 26
0.0
 36
0.0
 17
0.0
 27
1.0
 37
0.0
 76
0
330
1B
  0
MLINESTYLE
  5
22
102
{ACAD_REACTORS
330
10
102
}
330
10
100
AcDbMlineStyle
  2
STANDARD
 70
0
  3

 62
0
 51
90.0
 52
90.0
 71
2
 49
0.5
 62
0
  6
ByLayer
 49
-0.5
 62
0
  6
ByLayer
  0
MLEADERSTYLE
  5
2C
102
{ACAD_REACTORS
330
F
102
}
330
F
100
AcDbMLeaderStyle
179
2
170
2
171
1
172
0
 90
2
 40
0.0
 41
0.0
173
1
 91
-1056964608
340
0
 92
-2
290
1
 42
2.0
291
1
 43
8.0
  3
Standard
341
0
 44
4.0
300

342
29
174
1
175
1
176
0
178
1
 93
-1056964608
 45
4.0
292
0
297
0
 46
4.0
293
1
343
0
 94
-1056964608
 47
1.0
 49
1.0
140
1.0
294
1
141
0.0
177
0
142
1.0
295
0
296
0
143
3.75
271
0
272
9
273
9
298
1
  0
DICTIONARY
  5
2D
330
A
100
AcDbDictionary
280
1
281
1
  3
CREATED_BY_EZDXF
360
2E
  3
WRITTEN_BY_EZDXF
360
36B
  0
DICTIONARYVAR
  5
2E
330
2D
100
DictionaryVariables
280
0
  1
1.4.4 @ 2026-10-03T00:24:18.230819+00:00
  0
VISUALSTYLE
  5
5A
102
{ACAD_REACTORS
330
16
102
}
330
16
100
AcDbVisualStyle
  2
2dWireframe
 70
4
177
2
291
0
 70
58
 90
2
176
1
 90
2
176
1
 90
0
176
1
 90
0
176
1
 40
0.6
176
1
 40
30.0
176
1
 62
7
420
3271557119
176
1
 90
1
176
1
 90
4
176
1
 62
7
176
1
 62
257
176
1
 90
1
176
1
 90
1
176
1
 40
1.0
176
1
 90
8
176
1
 62
7
176
1
 40
1.0
176
1
 90
1
176
1
 90
6
176
1
 90
2
176
1
 62
7
176
1
 90
5
176
1
 90
0
176
1
 90
0
176
1
290
0
176
1
 90
1
176
1
 40
0.0
176
1
 90
0
176
1
290
1
176
1
290
1
176
1
290
0
176
1
290
0
290
0
176
1
290
0
290
0
176
1
290
0
176
1
290
0
176
1
 90
50
176
1
 40
0.0
176
1
 40
1.0
176
1
 90
0
176
1
 62
18
176
1
 90
50
176
1
 90
3
176
1
 62
5
420
3254780159
176
1
290
0
176
1
 90
50
176
1
 90
50
176
1
 90
50
176
1
290
0
176
1
 90
50
176
1
 62
0
176
0
 40
1.0
176
0
 90
2
176
1
  1
strokes_ogs.tif
176
1
290
0
176
1
 40
1.0
176
1
 40
1.0
176
1
  0
VISUALSTYLE
  5
5B
102
{ACAD_REACTORS
330
16
102
}
330
16
100
AcDbVisualStyle
  2
Basic
 70
7
177
2
291
1
 70
58
 90
2
176
1
 90
2
176
1
 90
0
176
1
 90
1
176
1
 40
0.6
176
1
 40
30.0
176
1
 62
7
420
3271557119
176
1
 90
1
176
1
 90
4
176
1
 62
7
176
1
 62
257
176
1
 90
1
176
1
 90
1
176
1
 40
1.0
176
1
 90
8
176
1
 62
7
176
1
 40
1.0
176
1
 90
1
176
1
 90
6
176
1
 90
2
176
1
 62
7
176
1
 90
5
176
1
 90
0
176
1
 90
0
176
1
290
0
176
1
 90
1
176
1
 40
0.0
176
1
 90
0
176
1
290
0
176
1
290
1
176
1
290
1
176
1
290
0
290
0
176
1
290
0
290
0
176
1
290
0
176
1
290
0
176
1
 90
50
176
1
 40
0.0
176
1
 40
1.0
176
1
 90
0
176
1
 62
18
176
1
 90
50
176
1
 90
3
176
1
 62
5
420
3254780159
176
1
290
0
176
1
 90
50
176
1
 90
50
176
1
 90
50
176
1
290
0
176
1
 90
50
176
1
 62
0
176
0
 40
1.0
176
0
 90
2
176
1
  1
strokes_ogs.tif
176
1
290
0
176
1
 40
1.0
176
1
 40
1.0
176
1
  0
VISUALSTYLE
  5
5C
102
{ACAD_REACTORS
330
16
102
}
330
16
100
AcDbVisualStyle
  2
Brighten
 70
12
177
2
291
1
 70
58
 90
2
176
1
 90
2
176
1
 90
0
176
1
 90
2
176
1
 40
0.6
176
1
 40
30.0
176
1
 62
7
420
3271557119
176
1
 90
1
176
1
 90
4
176
1
 62
7
176
1
 62
257
176
1
 90
1
176
1
 90
1
176
1
 40
1.0
176
1
 90
8
176
1
 62
7
176
1
 40
1.0
176
1
 90
1
176
1
 90
6
176
1
 90
2
176
1
 62
7
176
1
 90
5
176
1
 90
0
176
1
 90
0
176
1
290
0
176
1
 90
1
176
1
 40
0.0
176
1
 90
0
176
1
290
0
176
1
290
1
176
1
290
1
176
1
290
0
290
0
176
1
290
0
290
0
176
1
290
0
176
1
290
0
176
1
 90
50
176
1
 40
0.0
176
1
 40
1.0
176
1
 90
0
176
1
 62
18
176
1
 90
50
176
1
 90
3
176
1
 62
5
420
3254780159
176
1
290
0
176
1
 90
50
176
1
 90
50
176
1
 90
50
176
1
290
0
176
1
 90
50
176
1
 62
0
176
0
 40
1.0
176
0
 90
2
176
1
  1
strokes_ogs.tif
176
1
290
0
176
1
 40
1.0
176
1
 40
1.0
176
1
  0
VISUALSTYLE
  5
5D
102
{ACAD_REACTORS
330
16
102
}
330
16
100
AcDbVisualStyle
  2
ColorChange
 70
16
177
2
291
1
 70
58
 90
2
176
1
 90
2
176
1
 90
0
176
1
 90
2
176
1
 40
0.6
176
1
 40
30.0
176
1
 62
7
420
3271557119
176
1
 90
1
176
1
 90
4
176
1
 62
7
176
1
 62
257
176
1
 90
1
176
1
 90
1
176
1
 40
1.0
176
1
 90
8
176
1
 62
7
176
1
 40
1.0
176
1
 90
1
176
1
 90
6
176
1
 90
2
176
1
 62
7
176
1
 90
5
176
1
 90
0
176
1
 90
0
176
1
290
0
176
1
 90
1
176
1
 40
0.0
176
1
 90
0
176
1
290
0
176
1
290
1
176
1
290
1
176
1
290
0
290
0
176
1
290
0
290
0
176
1
290
0
176
1
290
0
176
1
 90
50
176
1
 40
0.0
176
1
 40
1.0
176
1
 90
0
176
1
 62
18
176
1
 90
50
176
1
 90
3
176
1
 62
5
420
3254780159
176
1
290
0
176
1
 90
50
176
1
 90
50
176
1
 90
50
176
1
290
0
176
1
 90
50
176
1
 62
0
176
0
 40
1.0
176
0
 90
2
176
1
  1
strokes_ogs.tif
176
1
290
0
176
1
 40
1.0
176
1
 40
1.0
176
1
  0
VISUALSTYLE
  5
5E
102
{ACAD_REACTORS
330
16
102
}
330
16
100
AcDbVisualStyle
  2
Conceptual
 70
9
177
2
291
0
 70
58
 90
2
176
1
 90
2
176
1
 90
0
176
1
 90
3
176
1
 40
0.6
176
1
 40
30.0
176
1
 62
7
420
3271557119
176
1
 90
1
176
1
 90
4
176
1
 62
7
176
1
 62
257
176
1
 90
1
176
1
 90
1
176
1
 40
1.0
176
1
 90
8
176
1
 62
7
176
1
 40
1.0
176
1
 90
1
176
1
 90
6
176
1
 90
2
176
1
 62
7
176
1
 90
5
176
1
 90
0
176
1
 90
0
176
1
290
0
176
1
 90
1
176
1
 40
0.0
176
1
 90
0
176
1
290
0
176
1
290
1
176
1
290
1
176
1
290
0
290
0
176
1
290
0
290
0
176
1
290
0
176
1
290
0
176
1
 90
50
176
1
 40
0.0
176
1
 40
1.0
176
1
 90
0
176
1
 62
18
176
1
 90
50
176
1
 90
3
176
1
 62
5
420
3254780159
176
1
290
0
176
1
 90
50
176
1
 90
50
176
1
 90
50
176
1
290
0
176
1
 90
50
176
1
 62
0
176
0
 40
1.0
176
0
 90
2
176
1
  1
strokes_ogs.tif
176
1
290
0
176
1
 40
1.0
176
1
 40
1.0
176
1
  0
VISUALSTYLE
  5
5F
102
{ACAD_REACTORS
330
16
102
}
330
16
100
AcDbVisualStyle
  2
Dim
 70
11
177
2
291
1
 70
58
 90
2
176
1
 90
2
176
1
 90
0
176
1
 90
2
176
1
 40
0.6
176
1
 40
30.0
176
1
 62
7
420
3271557119
176
1
 90
1
176
1
 90
4
176
1
 62
7
176
1
 62
257
176
1
 90
1
176
1
 90
1
176
1
 40
1.0
176
1
 90
8
176
1
 62
7
176
1
 40
1.0
176
1
 90
1
176
1
 90
6
176
1
 90
2
176
1
 62
7
176
1
 90
5
176
1
 90
0
176
1
 90
0
176
1
290
0
176
1
 90
1
176
1
 40
0.0
176
1
 90
0
176
1
290
0
176
1
290
1
176
1
290
1
176
1
290
0
290
0
176
1
290
0
290
0
176
1
290
0
176
1
290
0
176
1
 90
50
176
1
 40
0.0
176
1
 40
1.0
176
1
 90
0
176
1
 62
18
176
1
 90
50
176
1
 90
3
176
1
 62
5
420
3254780159
176
1
290
0
176
1
 90
50
176
1
 90
50
176
1
 90
50
176
1
290
0
176
1
 90
50
176
1
 62
0
176
0
 40
1.0
176
0
 90
2
176
1
  1
strokes_ogs.tif
176
1
290
0
176
1
 40
1.0
176
1
 40
1.0
176
1
  0
VISUALSTYLE
  5
60
102
{ACAD_REACTORS
330
16
102
}
330
16
100
AcDbVisualStyle
  2
EdgeColorOff
 70
22
177
2
291
1
 70
58
 90
2
176
1
 90
2
176
1
 90
0
176
1
 90
2
176
1
 40
0.6
176
1
 40
30.0
176
1
 62
7
420
3271557119
176
1
 90
1
176
1
 90
4
176
1
 62
7
176
1
 62
257
176
1
 90
1
176
1
 90
1
176
1
 40
1.0
176
1
 90
8
176
1
 62
7
176
1
 40
1.0
176
1
 90
1
176
1
 90
6
176
1
 90
2
176
1
 62
7
176
1
 90
5
176
1
 90
0
176
1
 90
0
176
1
290
0
176
1
 90
1
176
1
 40
0.0
176
1
 90
0
176
1
290
0
176
1
290
1
176
1
290
1
176
1
290
0
290
0
176
1
290
0
290
0
176
1
290
0
176
1
290
0
176
1
 90
50
176
1
 40
0.0
176
1
 40
1.0
176
1
 90
0
176
1
 62
18
176
1
 90
50
176
1
 90
3
176
1
 62
5
420
3254780159
176
1
290
0
176
1
 90
50
176
1
 90
50
176
1
 90
50
176
1
290
0
176
1
 90
50
176
1
 62
0
176
0
 40
1.0
176
0
 90
2
176
1
  1
strokes_ogs.tif
176
1
290
0
176
1
 40
1.0
176
1
 40
1.0
176
1
  0
VISUALSTYLE
  5
61
102
{ACAD_REACTORS
330
16
102
}
330
16
100
AcDbVisualStyle
  2
Facepattern
 70
15
177
2
291
1
 70
58
 90
2
176
1
 90
2
176
1
 90
0
176
1
 90
2
176
1
 40
0.6
176
1
 40
30.0
176
1
 62
7
420
3271557119
176
1
 90
1
176
1
 90
4
176
1
 62
7
176
1
 62
257
176
1
 90
1
176
1
 90
1
176
1
 40
1.0
176
1
 90
8
176
1
 62
7
176
1
 40
1.0
176
1
 90
1
176
1
 90
6
176
1
 90
2
176
1
 62
7
176
1
 90
5
176
1
 90
0
176
1
 90
0
176
1
290
0
176
1
 90
1
176
1
 40
0.0
176
1
 90
0
176
1
290
0
176
1
290
1
176
1
290
1
176
1
290
0
290
0
176
1
290
0
290
0
176
1
290
0
176
1
290
0
176
1
 90
50
176
1
 40
0.0
176
1
 40
1.0
176
1
 90
0
176
1
 62
18
176
1
 90
50
176
1
 90
3
176
1
 62
5
420
3254780159
176
1
290
0
176
1
 90
50
176
1
 90
50
176
1
 90
50
176
1
290
0
176
1
 90
50
176
1
 62
0
176
0
 40
1.0
176
0
 90
2
176
1
  1
strokes_ogs.tif
176
1
290
0
176
1
 40
1.0
176
1
 40
1.0
176
1
  0
VISUALSTYLE
  5
62
102
{ACAD_REACTORS
330
16
102
}
330
16
100
AcDbVisualStyle
  2
Flat
 70
0
177
2
291
1
 70
58
 90
2
176
1
 90
2
176
1
 90
0
176
1
 90
2
176
1
 40
0.6
176
1
 40
30.0
176
1
 62
7
420
3271557119
176
1
 90
1
176
1
 90
4
176
1
 62
7
176
1
 62
257
176
1
 90
1
176
1
 90
1
176
1
 40
1.0
176
1
 90
8
176
1
 62
7
176
1
 40
1.0
176
1
 90
1
176
1
 90
6
176
1
 90
2
176
1
 62
7
176
1
 90
5
176
1
 90
0
176
1
 90
0
176
1
290
0
176
1
 90
1
176
1
 40
0.0
176
1
 90
0
176
1
290
0
176
1
290
1
176
1
290
1
176
1
290
0
290
0
176
1
290
0
290
0
176
1
290
0
176
1
290
0
176
1
 90
50
176
1
 40
0.0
176
1
 40
1.0
176
1
 90
0
176
1
 62
18
176
1
 90
50
176
1
 90
3
176
1
 62
5
420
3254780159
176
1
290
0
176
1
 90
50
176
1
 90
50
176
1
 90
50
176
1
290
0
176
1
 90
50
176
1
 62
0
176
0
 40
1.0
176
0
 90
2
176
1
  1
strokes_ogs.tif
176
1
290
0
176
1
 40
1.0
176
1
 40
1.0
176
1
  0
VISUALSTYLE
  5
63
102
{ACAD_REACTORS
330
16
102
}
330
16
100
AcDbVisualStyle
  2
FlatWithEdges
 70
1
177
2
291
1
 70
58
 90
2
176
1
 90
2
176
1
 90
0
176
1
 90
2
176
1
 40
0.6
176
1
 40
30.0
176
1
 62
7
420
3271557119
176
1
 90
1
176
1
 90
4
176
1
 62
7
176
1
 62
257
176
1
 90
1
176
1
 90
1
176
1
 40
1.0
176
1
 90
8
176
1
 62
7
176
1
 40
1.0
176
1
 90
1
176
1
 90
6
176
1
 90
2
176
1
 62
7
176
1
 90
5
176
1
 90
0
176
1
 90
0
176
1
290
0
176
1
 90
1
176
1
 40
0.0
176
1
 90
0
176
1
290
0
176
1
290
1
176
1
290
1
176
1
290
0
290
0
176
1
290
0
290
0
176
1
290
0
176
1
290
0
176
1
 90
50
176
1
 40
0.0
176
1
 40
1.0
176
1
 90
0
176
1
 62
18
176
1
 90
50
176
1
 90
3
176
1
 62
5
420
3254780159
176
1
290
0
176
1
 90
50
176
1
 90
50
176
1
 90
50
176
1
290
0
176
1
 90
50
176
1
 62
0
176
0
 40
1.0
176
0
 90
2
176
1
  1
strokes_ogs.tif
176
1
290
0
176
1
 40
1.0
176
1
 40
1.0
176
1
  0
VISUALSTYLE
  5
64
102
{ACAD_REACTORS
330
16
102
}
330
16
100
AcDbVisualStyle
  2
Gouraud
 70
2
177
2
291
1
 70
58
 90
2
176
1
 90
2
176
1
 90
0
176
1
 90
2
176
1
 40
0.6
176
1
 40
30.0
176
1
 62
7
420
3271557119
176
1
 90
1
176
1
 90
4
176
1
 62
7
176
1
 62
257
176
1
 90
1
176
1
 90
1
176
1
 40
1.0
176
1
 90
8
176
1
 62
7
176
1
 40
1.0
176
1
 90
1
176
1
 90
6
176
1
 90
2
176
1
 62
7
176
1
 90
5
176
1
 90
0
176
1
 90
0
176
1
290
0
176
1
 90
1
176
1
 40
0.0
176
1
 90
0
176
1
290
0
176
1
290
1
176
1
290
1
176
1
290
0
290
0
176
1
290
0
290
0
176
1
290
0
176
1
290
0
176
1
 90
50
176
1
 40
0.0
176
1
 40
1.0
176
1
 90
0
176
1
 62
18
176
1
 90
50
176
1
 90
3
176
1
 62
5
420
3254780159
176
1
290
0
176
1
 90
50
176
1
 90
50
176
1
 90
50
176
1
290
0
176
1
 90
50
176
1
 62
0
176
0
 40
1.0
176
0
 90
2
176
1
  1
strokes_ogs.tif
176
1
290
0
176
1
 40
1.0
176
1
 40
1.0
176
1
  0
VISUALSTYLE
  5
65
102
{ACAD_REACTORS
330
16
102
}
330
16
100
AcDbVisualStyle
  2
GouraudWithEdges
 70
3
177
2
291
1
 70
58
 90
2
176
1
 90
2
176
1
 90
0
176
1
 90
2
176
1
 40
0.6
176
1
 40
30.0
176
1
 62
7
420
3271557119
176
1
 90
1
176
1
 90
4
176
1
 62
7
176
1
 62
257
176
1
 90
1
176
1
 90
1
176
1
 40
1.0
176
1
 90
8
176
1
 62
7
176
1
 40
1.0
176
1
 90
1
176
1
 90
6
176
1
 90
2
176
1
 62
7
176
1
 90
5
176
1
 90
0
176
1
 90
0
176
1
290
0
176
1
 90
1
176
1
 40
0.0
176
1
 90
0
176
1
290
0
176
1
290
1
176
1
290
1
176
1
290
0
290
0
176
1
290
0
290
0
176
1
290
0
176
1
290
0
176
1
 90
50
176
1
 40
0.0
176
1
 40
1.0
176
1
 90
0
176
1
 62
18
176
1
 90
50
176
1
 90
3
176
1
 62
5
420
3254780159
176
1
290
0
176
1
 90
50
176
1
 90
50
176
1
 90
50
176
1
290
0
176
1
 90
50
176
1
 62
0
176
0
 40
1.0
176
0
 90
2
176
1
  1
strokes_ogs.tif
176
1
290
0
176
1
 40
1.0
176
1
 40
1.0
176
1
  0
VISUALSTYLE
  5
66
102
{ACAD_REACTORS
330
16
102
}
330
16
100
AcDbVisualStyle
  2
Hidden
 70
6
177
2
291
0
 70
58
 90
2
176
1
 90
2
176
1
 90
0
176
1
 90
1
176
1
 40
0.6
176
1
 40
30.0
176
1
 62
7
420
3271557119
176
1
 90
1
176
1
 90
4
176
1
 62
7
176
1
 62
257
176
1
 90
1
176
1
 90
1
176
1
 40
1.0
176
1
 90
8
176
1
 62
7
176
1
 40
1.0
176
1
 90
1
176
1
 90
6
176
1
 90
2
176
1
 62
7
176
1
 90
5
176
1
 90
0
176
1
 90
0
176
1
290
0
176
1
 90
1
176
1
 40
0.0
176
1
 90
0
176
1
290
0
176
1
290
1
176
1
290
1
176
1
290
0
290
0
176
1
290
0
290
0
176
1
290
0
176
1
290
0
176
1
 90
50
176
1
 40
0.0
176
1
 40
1.0
176
1
 90
0
176
1
 62
18
176
1
 90
50
176
1
 90
3
176
1
 62
5
420
3254780159
176
1
290
0
176
1
 90
50
176
1
 90
50
176
1
 90
50
176
1
290
0
176
1
 90
50
176
1
 62
0
176
0
 40
1.0
176
0
 90
2
176
1
  1
strokes_ogs.tif
176
1
290
0
176
1
 40
1.0
176
1
 40
1.0
176
1
  0
VISUALSTYLE
  5
67
102
{ACAD_REACTORS
330
16
102
}
330
16
100
AcDbVisualStyle
  2
JitterOff
 70
20
177
2
291
1
 70
58
 90
2
176
1
 90
2
176
1
 90
0
176
1
 90
2
176
1
 40
0.6
176
1
 40
30.0
176
1
 62
7
420
3271557119
176
1
 90
1
176
1
 90
4
176
1
 62
7
176
1
 62
257
176
1
 90
1
176
1
 90
1
176
1
 40
1.0
176
1
 90
8
176
1
 62
7
176
1
 40
1.0
176
1
 90
1
176
1
 90
6
176
1
 90
2
176
1
 62
7
176
1
 90
5
176
1
 90
0
176
1
 90
0
176
1
290
0
176
1
 90
1
176
1
 40
0.0
176
1
 90
0
176
1
290
0
176
1
290
1
176
1
290
1
176
1
290
0
290
0
176
1
290
0
290
0
176
1
290
0
176
1
290
0
176
1
 90
50
176
1
 40
0.0
176
1
 40
1.0
176
1
 90
0
176
1
 62
18
176
1
 90
50
176
1
 90
3
176
1
 62
5
420
3254780159
176
1
290
0
176
1
 90
50
176
1
 90
50
176
1
 90
50
176
1
290
0
176
1
 90
50
176
1
 62
0
176
0
 40
1.0
176
0
 90
2
176
1
  1
strokes_ogs.tif
176
1
290
0
176
1
 40
1.0
176
1
 40
1.0
176
1
  0
VISUALSTYLE
  5
68
102
{ACAD_REACTORS
330
16
102
}
330
16
100
AcDbVisualStyle
  2
Linepattern
 70
14
177
2
291
1
 70
58
 90
2
176
1
 90
2
176
1
 90
0
176
1
 90
2
176
1
 40
0.6
176
1
 40
30.0
176
1
 62
7
420
3271557119
176
1
 90
1
176
1
 90
4
176
1
 62
7
176
1
 62
257
176
1
 90
1
176
1
 90
1
176
1
 40
1.0
176
1
 90
8
176
1
 62
7
176
1
 40
1.0
176
1
 90
1
176
1
 90
6
176
1
 90
2
176
1
 62
7
176
1
 90
5
176
1
 90
0
176
1
 90
0
176
1
290
0
176
1
 90
1
176
1
 40
0.0
176
1
 90
0
176
1
290
0
176
1
290
1
176
1
290
1
176
1
290
0
290
0
176
1
290
0
290
0
176
1
290
0
176
1
290
0
176
1
 90
50
176
1
 40
0.0
176
1
 40
1.0
176
1
 90
0
176
1
 62
18
176
1
 90
50
176
1
 90
3
176
1
 62
5
420
3254780159
176
1
290
0
176
1
 90
50
176
1
 90
50
176
1
 90
50
176
1
290
0
176
1
 90
50
176
1
 62
0
176
0
 40
1.0
176
0
 90
2
176
1
  1
strokes_ogs.tif
176
1
290
0
176
1
 40
1.0
176
1
 40
1.0
176
1
  0
VISUALSTYLE
  5
69
102
{ACAD_REACTORS
330
16
102
}
330
16
100
AcDbVisualStyle
  2
Modeling
 70
10
177
2
291
0
 70
58
 90
2
176
1
 90
2
176
1
 90
0
176
1
 90
2
176
1
 40
0.6
176
1
 40
30.0
176
1
 62
7
420
3271557119
176
1
 90
1
176
1
 90
4
176
1
 62
7
176
1
 62
257
176
1
 90
1
176
1
 90
1
176
1
 40
1.0
176
1
 90
8
176
1
 62
7
176
1
 40
1.0
176
1
 90
1
176
1
 90
6
176
1
 90
2
176
1
 62
7
176
1
 90
5
176
1
 90
0
176
1
 90
0
176
1
290
0
176
1
 90
1
176
1
 40
0.0
176
1
 90
0
176
1
290
0
176
1
290
1
176
1
290
1
176
1
290
0
290
0
176
1
290
0
290
0
176
1
290
0
176
1
290
0
176
1
 90
50
176
1
 40
0.0
176
1
 40
1.0
176
1
 90
0
176
1
 62
18
176
1
 90
50
176
1
 90
3
176
1
 62
5
420
3254780159
176
1
290
0
176
1
 90
50
176
1
 90
50
176
1
 90
50
176
1
290
0
176
1
 90
50
176
1
 62
0
176
0
 40
1.0
176
0
 90
2
176
1
  1
strokes_ogs.tif
176
1
290
0
176
1
 40
1.0
176
1
 40
1.0
176
1
  0
VISUALSTYLE
  5
6A
102
{ACAD_REACTORS
330
16
102
}
330
16
100
AcDbVisualStyle
  2
OverhangOff
 70
21
177
2
291
1
 70
58
 90
2
176
1
 90
2
176
1
 90
0
176
1
 90
2
176
1
 40
0.6
176
1
 40
30.0
176
1
 62
7
420
3271557119
176
1
 90
1
176
1
 90
4
176
1
 62
7
176
1
 62
257
176
1
 90
1
176
1
 90
1
176
1
 40
1.0
176
1
 90
8
176
1
 62
7
176
1
 40
1.0
176
1
 90
1
176
1
 90
6
176
1
 90
2
176
1
 62
7
176
1
 90
5
176
1
 90
0
176
1
 90
0
176
1
290
0
176
1
 90
1
176
1
 40
0.0
176
1
 90
0
176
1
290
0
176
1
290
1
176
1
290
1
176
1
290
0
290
0
176
1
290
0
290
0
176
1
290
0
176
1
290
0
176
1
 90
50
176
1
 40
0.0
176
1
 40
1.0
176
1
 90
0
176
1
 62
18
176
1
 90
50
176
1
 90
3
176
1
 62
5
420
3254780159
176
1
290
0
176
1
 90
50
176
1
 90
50
176
1
 90
50
176
1
290
0
176
1
 90
50
176
1
 62
0
176
0
 40
1.0
176
0
 90
2
176
1
  1
strokes_ogs.tif
176
1
290
0
176
1
 40
1.0
176
1
 40
1.0
176
1
  0
VISUALSTYLE
  5
6B
102
{ACAD_REACTORS
330
16
102
}
330
16
100
AcDbVisualStyle
  2
Realistic
 70
8
177
2
291
0
 70
58
 90
2
176
1
 90
2
176
1
 90
0
176
1
 90
2
176
1
 40
0.6
176
1
 40
30.0
176
1
 62
7
420
3271557119
176
1
 90
1
176
1
 90
4
176
1
 62
7
176
1
 62
257
176
1
 90
1
176
1
 90
1
176
1
 40
1.0
176
1
 90
8
176
1
 62
7
176
1
 40
1.0
176
1
 90
1
176
1
 90
6
176
1
 90
2
176
1
 62
7
176
1
 90
5
176
1
 90
0
176
1
 90
0
176
1
290
0
176
1
 90
1
176
1
 40
0.0
176
1
 90
0
176
1
290
0
176
1
290
1
176
1
290
1
176
1
290
0
290
0
176
1
290
0
290
0
176
1
290
0
176
1
290
0
176
1
 90
50
176
1
 40
0.0
176
1
 40
1.0
176
1
 90
0
176
1
 62
18
176
1
 90
50
176
1
 90
3
176
1
 62
5
420
3254780159
176
1
290
0
176
1
 90
50
176
1
 90
50
176
1
 90
50
176
1
290
0
176
1
 90
50
176
1
 62
0
176
0
 40
1.0
176
0
 90
2
176
1
  1
strokes_ogs.tif
176
1
290
0
176
1
 40
1.0
176
1
 40
1.0
176
1
  0
VISUALSTYLE
  5
6C
102
{ACAD_REACTORS
330
16
102
}
330
16
100
AcDbVisualStyle
  2
Shaded
 70
27
177
2
291
0
 70
58
 90
2
176
1
 90
2
176
1
 90
0
176
1
 90
2
176
1
 40
0.6
176
1
 40
30.0
176
1
 62
7
420
3271557119
176
1
 90
1
176
1
 90
4
176
1
 62
7
176
1
 62
257
176
1
 90
1
176
1
 90
1
176
1
 40
1.0
176
1
 90
8
176
1
 62
7
176
1
 40
1.0
176
1
 90
1
176
1
 90
6
176
1
 90
2
176
1
 62
7
176
1
 90
5
176
1
 90
0
176
1
 90
0
176
1
290
0
176
1
 90
1
176
1
 40
0.0
176
1
 90
0
176
1
290
0
176
1
290
1
176
1
290
1
176
1
290
0
290
0
176
1
290
0
290
0
176
1
290
0
176
1
290
0
176
1
 90
50
176
1
 40
0.0
176
1
 40
1.0
176
1
 90
0
176
1
 62
18
176
1
 90
50
176
1
 90
3
176
1
 62
5
420
3254780159
176
1
290
0
176
1
 90
50
176
1
 90
50
176
1
 90
50
176
1
290
0
176
1
 90
50
176
1
 62
0
176
0
 40
1.0
176
0
 90
2
176
1
  1
strokes_ogs.tif
176
1
290
0
176
1
 40
1.0
176
1
 40
1.0
176
1
  0
VISUALSTYLE
  5
6D
102
{ACAD_REACTORS
330
16
102
}
330
16
100
AcDbVisualStyle
  2
Shaded with edges
 70
26
177
2
291
0
 70
58
 90
2
176
1
 90
2
176
1
 90
0
176
1
 90
2
176
1
 40
0.6
176
1
 40
30.0
176
1
 62
7
420
3271557119
176
1
 90
1
176
1
 90
4
176
1
 62
7
176
1
 62
257
176
1
 90
1
176
1
 90
1
176
1
 40
1.0
176
1
 90
8
176
1
 62
7
176
1
 40
1.0
176
1
 90
1
176
1
 90
6
176
1
 90
2
176
1
 62
7
176
1
 90
5
176
1
 90
0
176
1
 90
0
176
1
290
0
176
1
 90
1
176
1
 40
0.0
176
1
 90
0
176
1
290
0
176
1
290
1
176
1
290
1
176
1
290
0
290
0
176
1
290
0
290
0
176
1
290
0
176
1
290
0
176
1
 90
50
176
1
 40
0.0
176
1
 40
1.0
176
1
 90
0
176
1
 62
18
176
1
 90
50
176
1
 90
3
176
1
 62
5
420
3254780159
176
1
290
0
176
1
 90
50
176
1
 90
50
176
1
 90
50
176
1
290
0
176
1
 90
50
176
1
 62
0
176
0
 40
1.0
176
0
 90
2
176
1
  1
strokes_ogs.tif
176
1
290
0
176
1
 40
1.0
176
1
 40
1.0
176
1
  0
VISUALSTYLE
  5
6E
102
{ACAD_REACTORS
330
16
102
}
330
16
100
AcDbVisualStyle
  2
Shades of Gray
 70
23
177
2
291
0
 70
58
 90
2
176
1
 90
2
176
1
 90
0
176
1
 90
2
176
1
 40
0.6
176
1
 40
30.0
176
1
 62
7
420
3271557119
176
1
 90
1
176
1
 90
4
176
1
 62
7
176
1
 62
257
176
1
 90
1
176
1
 90
1
176
1
 40
1.0
176
1
 90
8
176
1
 62
7
176
1
 40
1.0
176
1
 90
1
176
1
 90
6
176
1
 90
2
176
1
 62
7
176
1
 90
5
176
1
 90
0
176
1
 90
0
176
1
290
0
176
1
 90
1
176
1
 40
0.0
176
1
 90
0
176
1
290
0
176
1
290
1
176
1
290
1
176
1
290
0
290
0
176
1
290
0
290
0
176
1
290
0
176
1
290
0
176
1
 90
50
176
1
 40
0.0
176
1
 40
1.0
176
1
 90
0
176
1
 62
18
176
1
 90
50
176
1
 90
3
176
1
 62
5
420
3254780159
176
1
290
0
176
1
 90
50
176
1
 90
50
176
1
 90
50
176
1
290
0
176
1
 90
50
176
1
 62
0
176
0
 40
1.0
176
0
 90
2
176
1
  1
strokes_ogs.tif
176
1
290
0
176
1
 40
1.0
176
1
 40
1.0
176
1
  0
VISUALSTYLE
  5
6F
102
{ACAD_REACTORS
330
16
102
}
330
16
100
AcDbVisualStyle
  2
Sketchy
 70
24
177
2
291
0
 70
58
 90
2
176
1
 90
2
176
1
 90
0
176
1
 90
1
176
1
 40
0.6
176
1
 40
30.0
176
1
 62
7
420
3271557119
176
1
 90
1
176
1
 90
4
176
1
 62
7
176
1
 62
257
176
1
 90
1
176
1
 90
1
176
1
 40
1.0
176
1
 90
8
176
1
 62
7
176
1
 40
1.0
176
1
 90
1
176
1
 90
6
176
1
 90
2
176
1
 62
7
176
1
 90
5
176
1
 90
0
176
1
 90
0
176
1
290
0
176
1
 90
1
176
1
 40
0.0
176
1
 90
0
176
1
290
0
176
1
290
1
176
1
290
1
176
1
290
0
290
0
176
1
290
0
290
0
176
1
290
0
176
1
290
0
176
1
 90
50
176
1
 40
0.0
176
1
 40
1.0
176
1
 90
0
176
1
 62
18
176
1
 90
50
176
1
 90
3
176
1
 62
5
420
3254780159
176
1
290
0
176
1
 90
50
176
1
 90
50
176
1
 90
50
176
1
290
0
176
1
 90
50
176
1
 62
0
176
0
 40
1.0
176
0
 90
2
176
1
  1
strokes_ogs.tif
176
1
290
0
176
1
 40
1.0
176
1
 40
1.0
176
1
  0
VISUALSTYLE
  5
70
102
{ACAD_REACTORS
330
16
102
}
330
16
100
AcDbVisualStyle
  2
Thicken
 70
13
177
2
291
1
 70
58
 90
2
176
1
 90
2
176
1
 90
0
176
1
 90
2
176
1
 40
0.6
176
1
 40
30.0
176
1
 62
7
420
3271557119
176
1
 90
1
176
1
 90
4
176
1
 62
7
176
1
 62
257
176
1
 90
1
176
1
 90
1
176
1
 40
1.0
176
1
 90
8
176
1
 62
7
176
1
 40
1.0
176
1
 90
1
176
1
 90
6
176
1
 90
2
176
1
 62
7
176
1
 90
5
176
1
 90
0
176
1
 90
0
176
1
290
0
176
1
 90
1
176
1
 40
0.0
176
1
 90
0
176
1
290
0
176
1
290
1
176
1
290
1
176
1
290
0
290
0
176
1
290
0
290
0
176
1
290
0
176
1
290
0
176
1
 90
50
176
1
 40
0.0
176
1
 40
1.0
176
1
 90
0
176
1
 62
18
176
1
 90
50
176
1
 90
3
176
1
 62
5
420
3254780159
176
1
290
0
176
1
 90
50
176
1
 90
50
176
1
 90
50
176
1
290
0
176
1
 90
50
176
1
 62
0
176
0
 40
1.0
176
0
 90
2
176
1
  1
strokes_ogs.tif
176
1
290
0
176
1
 40
1.0
176
1
 40
1.0
176
1
  0
VISUALSTYLE
  5
71
102
{ACAD_REACTORS
330
16
102
}
330
16
100
AcDbVisualStyle
  2
Wireframe
 70
5
177
2
291
0
 70
58
 90
2
176
1
 90
2
176
1
 90
0
176
1
 90
0
176
1
 40
0.6
176
1
 40
30.0
176
1
 62
7
420
3271557119
176
1
 90
1
176
1
 90
4
176
1
 62
7
176
1
 62
257
176
1
 90
1
176
1
 90
1
176
1
 40
1.0
176
1
 90
8
176
1
 62
7
176
1
 40
1.0
176
1
 90
1
176
1
 90
6
176
1
 90
2
176
1
 62
7
176
1
 90
5
176
1
 90
0
176
1
 90
0
176
1
290
0
176
1
 90
1
176
1
 40
0.0
176
1
 90
0
176
1
290
0
176
1
290
1
176
1
290
1
176
1
290
0
290
0
176
1
290
0
290
0
176
1
290
0
176
1
290
0
176
1
 90
50
176
1
 40
0.0
176
1
 40
1.0
176
1
 90
0
176
1
 62
18
176
1
 90
50
176
1
 90
3
176
1
 62
5
420
3254780159
176
1
290
0
176
1
 90
50
176
1
 90
50
176
1
 90
50
176
1
290
0
176
1
 90
50
176
1
 62
0
176
0
 40
1.0
176
0
 90
2
176
1
  1
strokes_ogs.tif
176
1
290
0
176
1
 40
1.0
176
1
 40
1.0
176
1
  0
VISUALSTYLE
  5
72
102
{ACAD_REACTORS
330
16
102
}
330
16
100
AcDbVisualStyle
  2
X-Ray
 70
25
177
2
291
0
 70
58
 90
2
176
1
 90
2
176
1
 90
0
176
1
 90
2
176
1
 40
0.5
176
1
 40
30.0
176
1
 62
7
420
3271557119
176
1
 90
1
176
1
 90
4
176
1
 62
7
176
1
 62
257
176
1
 90
1
176
1
 90
1
176
1
 40
1.0
176
1
 90
8
176
1
 62
7
176
1
 40
1.0
176
1
 90
1
176
1
 90
6
176
1
 90
2
176
1
 62
7
176
1
 90
5
176
1
 90
0
176
1
 90
0
176
1
290
0
176
1
 90
1
176
1
 40
0.0
176
1
 90
0
176
1
290
0
176
1
290
1
176
1
290
1
176
1
290
0
290
0
176
1
290
0
290
0
176
1
290
0
176
1
290
0
176
1
 90
50
176
1
 40
0.0
176
1
 40
1.0
176
1
 90
0
176
1
 62
18
176
1
 90
50
176
1
 90
3
176
1
 62
5
420
3254780159
176
1
290
0
176
1
 90
50
176
1
 90
50
176
1
 90
50
176
1
290
0
176
1
 90
50
176
1
 62
0
176
0
 40
1.0
176
0
 90
2
176
1
  1
strokes_ogs.tif
176
1
290
0
176
1
 40
1.0
176
1
 40
1.0
176
1
  0
DICTIONARYVAR
  5
36B
330
2D
100
DictionaryVariables
280
0
  1
1.4.4 @ 2026-10-05T15:17:12.073922+00:00
  0
TABLESTYLE
  5
36F
102
{ACAD_REACTORS
330
15
102
}
330
15
100
AcDbTableStyle
 70
0
  3
Standard
  1
TABLEFORMAT_BEGIN
 90
5
170
1
 91
0
 92
0
 62
257
 93
1
300
CONTENTFORMAT
  1
CONTENTFORMAT_BEGIN
 90
0
 91
0
 92
512
 93
0
300

 40
0.0
140
1.0
 94
1
 62
0
340
0
144
4.5
309
CONTENTFORMAT_END
171
1
301
MARGIN
  1
CELLMARGIN_BEGIN
 40
1.5
 40
1.5
 40
1.5
 40
1.5
 40
4.5
 40
4.5
309
CELLMARGIN_END
 94
6
 95
1
302
GRIDFORMAT
  1
GRIDFORMAT_BEGIN
 90
0
 91
1
 62
0
 92
-2
340
0
 93
0
 40
1.125
309
GRIDFORMAT_END
 95
2
302
GRIDFORMAT
  1
GRIDFORMAT_BEGIN
 90
0
 91
1
 62
0
 92
-2
340
0
 93
0
 40
1.125
309
GRIDFORMAT_END
 95
4
302
GRIDFORMAT
  1
GRIDFORMAT_BEGIN
 90
0
 91
1
 62
0
 92
-2
340
0
 93
0
 40
1.125
309
GRIDFORMAT_END
 95
8
302
GRIDFORMAT
  1
GRIDFORMAT_BEGIN
 90
0
 91
1
 62
0
 92
-2
340
0
 93
0
 40
1.125
309
GRIDFORMAT_END
 95
16
302
GRIDFORMAT
  1
GRIDFORMAT_BEGIN
 90
0
 91
1
 62
0
 92
-2
340
0
 93
0
 40
1.125
309
GRIDFORMAT_END
 95
32
302
GRIDFORMAT
  1
GRIDFORMAT_BEGIN
 90
0
 91
1
 62
0
 92
-2
340
0
 93
0
 40
1.125
309
GRIDFORMAT_END
309
TABLEFORMAT_END
  1
CELLSTYLE_BEGIN
 90
4
 91
2
300
Table
309
CELLSTYLE_END
  1
TABLEFORMAT_BEGIN
 90
5
170
1
 91
0
 92
32768
 62
257
 93
1
300
CONTENTFORMAT
  1
CONTENTFORMAT_BEGIN
 90
0
 91
0
 92
512
 93
0
300

 40
0.0
140
1.0
 94
5
 62
0
340
29
144
6.0
309
CONTENTFORMAT_END
171
1
301
MARGIN
  1
CELLMARGIN_BEGIN
 40
1.5
 40
1.5
 40
1.5
 40
1.5
 40
4.5
 40
4.5
309
CELLMARGIN_END
 94
6
 95
1
302
GRIDFORMAT
  1
GRIDFORMAT_BEGIN
 90
0
 91
1
 62
0
 92
-2
340
0
 93
0
 40
1.125
309
GRIDFORMAT_END
 95
2
302
GRIDFORMAT
  1
GRIDFORMAT_BEGIN
 90
0
 91
1
 62
0
 92
-2
340
0
 93
0
 40
1.125
309
GRIDFORMAT_END
 95
4
302
GRIDFORMAT
  1
GRIDFORMAT_BEGIN
 90
0
 91
1
 62
0
 92
-2
340
0
 93
0
 40
1.125
309
GRIDFORMAT_END
 95
8
302
GRIDFORMAT
  1
GRIDFORMAT_BEGIN
 90
0
 91
1
 62
0
 92
-2
340
0
 93
0
 40
1.125
309
GRIDFORMAT_END
 95
16
302
GRIDFORMAT
  1
GRIDFORMAT_BEGIN
 90
0
 91
1
 62
0
 92
-2
340
0
 93
0
 40
1.125
309
GRIDFORMAT_END
 95
32
302
GRIDFORMAT
  1
GRIDFORMAT_BEGIN
 90
0
 91
1
 62
0
 92
-2
340
0
 93
0
 40
1.125
309
GRIDFORMAT_END
309
TABLEFORMAT_END
  1
CELLSTYLE_BEGIN
 90
1
 91
1
300
_TITLE
309
CELLSTYLE_END
  0
SCALE
  5
370
102
{ACAD_REACTORS
330
14
102
}
330
14
100
AcDbScale
 70
0
300
1:1
140
1.0
141
1.0
290
1
  0
SCALE
  5
371
102
{ACAD_REACTORS
330
14
102
}
330
14
100
AcDbScale
 70
0
300
1:2
140
1.0
141
2.0
290
0
  0
SCALE
  5
372
102
{ACAD_REACTORS
330
14
102
}
330
14
100
AcDbScale
 70
0
300
1:4
140
1.0
141
4.0
290
0
  0
SCALE
  5
373
102
{ACAD_REACTORS
330
14
102
}
330
14
100
AcDbScale
 70
0
300
1:5
140
1.0
141
5.0
290
0
  0
SCALE
  5
374
102
{ACAD_REACTORS
330
14
102
}
330
14
100
AcDbScale
 70
0
300
1:8
140
1.0
141
8.0
290
0
  0
SCALE
  5
375
102
{ACAD_REACTORS
330
14
102
}
330
14
100
AcDbScale
 70
0
300
1:10
140
1.0
141
10.0
290
0
  0
SCALE
  5
376
102
{ACAD_REACTORS
330
14
102
}
330
14
100
AcDbScale
 70
0
300
1:16
140
1.0
141
16.0
290
0
  0
SCALE
  5
377
102
{ACAD_REACTORS
330
14
102
}
330
14
100
AcDbScale
 70
0
300
1:20
140
1.0
141
20.0
290
0
  0
SCALE
  5
378
102
{ACAD_REACTORS
330
14
102
}
330
14
100
AcDbScale
 70
0
300
1:30
140
1.0
141
30.0
290
0
  0
SCALE
  5
379
102
{ACAD_REACTORS
330
14
102
}
330
14
100
AcDbScale
 70
0
300
1:40
140
1.0
141
40.0
290
0
  0
SCALE
  5
37A
102
{ACAD_REACTORS
330
14
102
}
330
14
100
AcDbScale
 70
0
300
1:50
140
1.0
141
50.0
290
0
  0
SCALE
  5
37B
102
{ACAD_REACTORS
330
14
102
}
330
14
100
AcDbScale
 70
0
300
1:100
140
1.0
141
100.0
290
0
  0
SCALE
  5
37C
102
{ACAD_REACTORS
330
14
102
}
330
14
100
AcDbScale
 70
0
300
2:1
140
2.0
141
1.0
290
0
  0
SCALE
  5
37D
102
{ACAD_REACTORS
330
14
102
}
330
14
100
AcDbScale
 70
0
300
4:1
140
4.0
141
1.0
290
0
  0
SCALE
  5
37E
102
{ACAD_REACTORS
330
14
102
}
330
14
100
AcDbScale
 70
0
300
8:1
140
8.0
141
1.0
290
0
  0
SCALE
  5
37F
102
{ACAD_REACTORS
330
14
102
}
330
14
100
AcDbScale
 70
0
300
10:1
140
10.0
141
1.0
290
0
  0
SCALE
  5
380
102
{ACAD_REACTORS
330
14
102
}
330
14
100
AcDbScale
 70
0
300
100:1
140
100.0
141
1.0
290
0
  0
DICTIONARY
  5
381
102
{ACAD_REACTORS
330
A
102
}
330
A
100
AcDbDictionary
281
1
  3
Metric50
350
382
  0
ACDBSECTIONVIEWSTYLE
  5
382
102
{ACAD_REACTORS
330
381
102
}
330
381
100
AcDbModelDocViewStyle
 70
0
  3
Metric50
290
0
300
Metric50
 90
0
100
AcDbSectionViewStyle
 70
0
 71
0
 90
102
 71
1
340
29
 62
0
 40
5.0
340
0
340
0
 62
0
 40
5.0
300
I, O, Q, S, X, Z
 40
10.0
 90
0
 40
2.5
 90
0
 71
2
340
26
 90
25
 62
0
340
26
 90
50
 62
0
 40
5.0
 40
2.5
 40
5.0
 71
3
340
29
 62
0
 40
5.0
 90
0
 40
15.0
 90
1
300
%<\AcVar ViewSectionStartId>%-%<\AcVar ViewSectionEndId>% (%<\AcVar ViewScale \f "%sn">%)
 71
4
 62
0
 62
257
300
ANSI31
 40
1.0
 90
0
290
0
290
0
 90
6
 40
0.0
 40
1.570796326794897
 40
0.2617993877991494
 40
1.308996938995747
 40
-0.2617993877991494
 40
1.832595714594046
  0
DICTIONARY
  5
383
102
{ACAD_REACTORS
330
A
102
}
330
A
100
AcDbDictionary
281
1
  3
Metric50
350
384
  0
ACDBDETAILVIEWSTYLE
  5
384
102
{ACAD_REACTORS
330
383
102
}
330
383
100
AcDbModelDocViewStyle
 70
0
  3
Metric50
290
0
300
Metric50
 90
0
100
AcDbDetailViewStyle
 70
0
 71
0
 90
3
 71
1
340
29
 62
0
 40
5.0
340
0
 62
0
 40
5.0
300

 40
0.0
280
1
 71
2
340
26
 90
25
 62
0
 71
3
340
29
 62
0
 40
5.0
 90
0
 40
15.0
 90
1
300
%<\AcVar ViewDetailId>% (%<\AcVar ViewScale \f "%sn">%)
 71
4
340
26
 90
25
 62
0
340
26
 90
25
 62
0
280
0
  0
XRECORD
  5
391
102
{ACAD_REACTORS
330
A
102
}
330
A
100
AcDbXrecord
280
1
300
ACDLT
300
2026
300

  0
XRECORD
  5
392
102
{ACAD_REACTORS
330
A
102
}
330
A
100
AcDbXrecord
280
1
300
{BE4D2973-23E5-8F45-BA8C-421A7E14F319}
301
{72472318-F2BA-8A4A-9F6F-C3F4739C5073}
302
{BE4D2973-23E5-8F45-BA8C-421A7E14F319}
303
C:\Users\msemblantes\Downloads\correccion E-10_CUADRO_COLUMNAS_VIGAS.dwg
  0
DICTIONARY
  5
394
102
{ACAD_REACTORS
330
A
102
}
330
A
100
AcDbDictionary
281
1
  3
CANNOSCALE
350
399
  3
CMLEADERSTYLE
350
396
  3
CTABLESTYLE
350
395
  3
CVIEWDETAILSTYLE
350
397
  3
CVIEWSECTIONSTYLE
350
398
  0
DICTIONARYVAR
  5
395
102
{ACAD_REACTORS
330
394
102
}
330
394
100
DictionaryVariables
280
0
  1
STANDARD
  0
DICTIONARYVAR
  5
396
102
{ACAD_REACTORS
330
394
102
}
330
394
100
DictionaryVariables
280
0
  1
STANDARD
  0
DICTIONARYVAR
  5
397
102
{ACAD_REACTORS
330
394
102
}
330
394
100
DictionaryVariables
280
0
  1
Metric50
  0
DICTIONARYVAR
  5
398
102
{ACAD_REACTORS
330
394
102
}
330
394
100
DictionaryVariables
280
0
  1
Metric50
  0
DICTIONARYVAR
  5
399
102
{ACAD_REACTORS
330
394
102
}
330
394
100
DictionaryVariables
280
0
  1
1:1
  0
MATERIAL
  5
39C
102
{ACAD_REACTORS
330
E
102
}
330
E
100
AcDbMaterial
  1
ByBlock
  2

 70
0
 40
1.0
 71
1
 41
1.0
 91
-1023410177
 42
1.0
 72
1
  3

 73
1
 74
1
 75
1
 44
0.5
 73
0
 45
1.0
 46
1.0
 77
1
  4

 78
1
 79
1
170
1
 48
1.0
171
1
  6

172
1
173
1
174
1
140
1.0
141
1.0
175
1
  7

176
1
177
1
178
1
143
1.0
179
1
  8

270
1
271
1
272
1
145
1.0
146
1.0
273
1
  9

274
1
275
1
276
1
 42
1.0
 72
1
  3

 73
1
 74
1
 75
1
 94
63
  0
MATERIAL
  5
39D
102
{ACAD_REACTORS
330
E
102
}
330
E
100
AcDbMaterial
  1
ByLayer
  2

 70
0
 40
1.0
 71
1
 41
1.0
 91
-1023410177
 42
1.0
 72
1
  3

 73
1
 74
1
 75
1
 44
0.5
 73
0
 45
1.0
 46
1.0
 77
1
  4

 78
1
 79
1
170
1
 48
1.0
171
1
  6

172
1
173
1
174
1
140
1.0
141
1.0
175
1
  7

176
1
177
1
178
1
143
1.0
179
1
  8

270
1
271
1
272
1
145
1.0
146
1.0
273
1
  9

274
1
275
1
276
1
 42
1.0
 72
1
  3

 73
1
 74
1
 75
1
 94
63
  0
MATERIAL
  5
39E
102
{ACAD_REACTORS
330
E
102
}
330
E
100
AcDbMaterial
  1
Global
  2

 70
0
 40
1.0
 71
1
 41
1.0
 91
-1023410177
 42
1.0
 72
1
  3

 73
1
 74
1
 75
1
 44
0.5
 73
0
 45
1.0
 46
1.0
 77
1
  4

 78
1
 79
1
170
1
 48
1.0
171
1
  6

172
1
173
1
174
1
140
1.0
141
1.0
175
1
  7

176
1
177
1
178
1
143
1.0
179
1
  8

270
1
271
1
272
1
145
1.0
146
1.0
273
1
  9

274
1
275
1
276
1
 42
1.0
 72
1
  3

 73
1
 74
1
 75
1
 94
63
  0
ENDSEC
  0
EOF
