  0
SECTION
  2
HEADER
  9
$ACADVER
  1
AC1032
  9
$ACADMAINTVER
 90
4
  9
$DWGCODEPAGE
  3
ANSI_1252
  9
$LASTSAVEDBY
  1
msemblantes
  9
$REQUIREDVERSIONS
160
0
  9
$INSBASE
 10
0.0
 20
0.0
 30
0.0
  9
$EXTMIN
 10
1e+20
 20
1e+20
 30
1e+20
  9
$EXTMAX
 10
-1e+20
 20
-1e+20
 30
-1e+20
  9
$LIMMIN
 10
0.0
 20
0.0
  9
$LIMMAX
 10
420.0
 20
297.0
  9
$ORTHOMODE
 70
0
  9
$REGENMODE
 70
1
  9
$FILLMODE
 70
1
  9
$QTEXTMODE
 70
0
  9
$MIRRTEXT
 70
1
  9
$LTSCALE
 40
1.0
  9
$ATTMODE
 70
1
  9
$TEXTSIZE
 40
2.5
  9
$TRACEWID
 40
1.0
  9
$TEXTSTYLE
  7
OpenSans
  9
$CLAYER
  8
0
  9
$CELTYPE
  6
ByLayer
  9
$CECOLOR
 62
0
  9
$CELTSCALE
 40
1.0
  9
$DISPSILH
 70
0
  9
$DIMSCALE
 40
1.0
  9
$DIMASZ
 40
0.175
  9
$DIMEXO
 40
0.125
  9
$DIMDLI
 40
3.75
  9
$DIMRND
 40
0.0
  9
$DIMDLE
 40
0.0
  9
$DIMEXE
 40
0.375
  9
$DIMTP
 40
0.0
  9
$DIMTM
 40
0.0
  9
$DIMTXT
 40
0.25
  9
$DIMCEN
 40
2.5
  9
$DIMTSZ
 40
0.0
  9
$DIMTOL
 70
0
  9
$DIMLIM
 70
0
  9
$DIMTIH
 70
0
  9
$DIMTOH
 70
0
  9
$DIMSE1
 70
0
  9
$DIMSE2
 70
0
  9
$DIMTAD
 70
1
  9
$DIMZIN
 70
12
  9
$DIMBLK
  1
_ARCHTICK
  9
$DIMASO
 70
1
  9
$DIMSHO
 70
1
  9
$DIMPOST
  1

  9
$DIMAPOST
  1

  9
$DIMALT
 70
0
  9
$DIMALTD
 70
3
  9
$DIMALTF
 40
0.03937007874
  9
$DIMLFAC
 40
100.0
  9
$DIMTOFL
 70
1
  9
$DIMTVP
 40
0.0
  9
$DIMTIX
 70
0
  9
$DIMSOXD
 70
0
  9
$DIMSAH
 70
0
  9
$DIMBLK1
  1

  9
$DIMBLK2
  1

  9
$DIMSTYLE
  2
EZDXF
  9
$DIMCLRD
 70
0
  9
$DIMCLRE
 70
0
  9
$DIMCLRT
 70
0
  9
$DIMTFAC
 40
0.5
  9
$DIMGAP
 40
0.1
  9
$DIMJUST
 70
0
  9
$DIMSD1
 70
0
  9
$DIMSD2
 70
0
  9
$DIMTOLJ
 70
0
  9
$DIMTZIN
 70
8
  9
$DIMALTZ
 70
0
  9
$DIMALTTZ
 70
0
  9
$DIMUPT
 70
1
  9
$DIMDEC
 70
2
  9
$DIMTDEC
 70
2
  9
$DIMALTU
 70
2
  9
$DIMALTTD
 70
3
  9
$DIMTXSTY
  7
OpenSansCondensed-Light
  9
$DIMAUNIT
 70
0
  9
$DIMADEC
 70
2
  9
$DIMALTRND
 40
0.0
  9
$DIMAZIN
 70
3
  9
$DIMDSEP
 70
46
  9
$DIMATFIT
 70
3
  9
$DIMFRAC
 70
0
  9
$DIMLDRBLK
  1

  9
$DIMLUNIT
 70
2
  9
$DIMLWD
 70
-2
  9
$DIMLWE
 70
-2
  9
$DIMTMOVE
 70
2
  9
$DIMFXL
 40
1.0
  9
$DIMFXLON
 70
0
  9
$DIMJOGANG
 40
0.785398163397
  9
$DIMTFILL
 70
0
  9
$DIMTFILLCLR
 70
0
  9
$DIMARCSYM
 70
0
  9
$DIMLTYPE
  6

  9
$DIMLTEX1
  6

  9
$DIMLTEX2
  6

  9
$DIMTXTDIRECTION
 70
0
  9
$LUNITS
 70
2
  9
$LUPREC
 70
4
  9
$SKETCHINC
 40
1.0
  9
$FILLETRAD
 40
10.0
  9
$AUNITS
 70
0
  9
$AUPREC
 70
2
  9
$MENU
  1
.
  9
$ELEVATION
 40
0.0
  9
$PELEVATION
 40
0.0
  9
$THICKNESS
 40
0.0
  9
$LIMCHECK
 70
0
  9
$CHAMFERA
 40
0.0
  9
$CHAMFERB
 40
0.0
  9
$CHAMFERC
 40
0.0
  9
$CHAMFERD
 40
0.0
  9
$SKPOLY
 70
0
  9
$TDCREATE
 40
2461319.6415046295
  9
$TDUCREATE
 40
2458532.13305332
  9
$TDUPDATE
 40
2461319.6415046295
  9
$TDUUPDATE
 40
2461319.54044
  9
$TDINDWG
 40
0.00028
  9
$TDUSRTIMER
 40
0.00028
  9
$USRTIMER
 70
1
  9
$ANGBASE
 50
0.0
  9
$ANGDIR
 70
0
  9
$PDMODE
 70
0
  9
$PDSIZE
 40
0.0
  9
$PLINEWID
 40
0.0
  9
$SPLFRAME
 70
0
  9
$SPLINETYPE
 70
6
  9
$SPLINESEGS
 70
8
  9
$HANDSEED
  5
695
  9
$SURFTAB1
 70
6
  9
$SURFTAB2
 70
6
  9
$SURFTYPE
 70
6
  9
$SURFU
 70
6
  9
$SURFV
 70
6
  9
$UCSBASE
  2

  9
$UCSORG
 10
0.0
 20
0.0
 30
0.0
  9
$UCSXDIR
 10
1.0
 20
0.0
 30
0.0
  9
$UCSYDIR
 10
0.0
 20
1.0
 30
0.0
  9
$UCSORTHOREF
  2

  9
$UCSORTHOVIEW
 70
0
  9
$UCSORGTOP
 10
0.0
 20
0.0
 30
0.0
  9
$UCSORGBOTTOM
 10
0.0
 20
0.0
 30
0.0
  9
$UCSORGLEFT
 10
0.0
 20
0.0
 30
0.0
  9
$UCSORGRIGHT
 10
0.0
 20
0.0
 30
0.0
  9
$UCSORGFRONT
 10
0.0
 20
0.0
 30
0.0
  9
$UCSORGBACK
 10
0.0
 20
0.0
 30
0.0
  9
$PUCSBASE
  2

  9
$PUCSORG
 10
0.0
 20
0.0
 30
0.0
  9
$PUCSXDIR
 10
1.0
 20
0.0
 30
0.0
  9
$PUCSYDIR
 10
0.0
 20
1.0
 30
0.0
  9
$PUCSORTHOREF
  2

  9
$PUCSORTHOVIEW
 70
0
  9
$PUCSORGTOP
 10
0.0
 20
0.0
 30
0.0
  9
$PUCSORGBOTTOM
 10
0.0
 20
0.0
 30
0.0
  9
$PUCSORGLEFT
 10
0.0
 20
0.0
 30
0.0
  9
$PUCSORGRIGHT
 10
0.0
 20
0.0
 30
0.0
  9
$PUCSORGFRONT
 10
0.0
 20
0.0
 30
0.0
  9
$PUCSORGBACK
 10
0.0
 20
0.0
 30
0.0
  9
$USERI1
 70
0
  9
$USERI2
 70
0
  9
$USERI3
 70
0
  9
$USERI4
 70
0
  9
$USERI5
 70
0
  9
$USERR1
 40
0.0
  9
$USERR2
 40
0.0
  9
$USERR3
 40
0.0
  9
$USERR4
 40
0.0
  9
$USERR5
 40
0.0
  9
$WORLDVIEW
 70
1
  9
$SHADEDGE
 70
3
  9
$SHADEDIF
 70
70
  9
$TILEMODE
 70
1
  9
$MAXACTVP
 70
64
  9
$PINSBASE
 10
0.0
 20
0.0
 30
0.0
  9
$PLIMCHECK
 70
0
  9
$PEXTMIN
 10
1e+20
 20
1e+20
 30
1e+20
  9
$PEXTMAX
 10
-1e+20
 20
-1e+20
 30
-1e+20
  9
$PLIMMIN
 10
0.0
 20
0.0
  9
$PLIMMAX
 10
420.0
 20
297.0
  9
$UNITMODE
 70
0
  9
$VISRETAIN
 70
1
  9
$PLINEGEN
 70
0
  9
$PSLTSCALE
 70
1
  9
$TREEDEPTH
 70
3020
  9
$CMLSTYLE
  2
S
  9
$CMLJUST
 70
0
  9
$CMLSCALE
 40
20.0
  9
$PROXYGRAPHICS
 70
1
  9
$MEASUREMENT
 70
1
  9
$CELWEIGHT
370
-1
  9
$ENDCAPS
280
0
  9
$JOINSTYLE
280
0
  9
$LWDISPLAY
290
0
  9
$INSUNITS
 70
6
  9
$HYPERLINKBASE
  1

  9
$STYLESHEET
  1

  9
$XEDIT
290
1
  9
$CEPSNTYPE
380
0
  9
$PSTYLEMODE
290
1
  9
$FINGERPRINTGUID
  2
{C83254BA-37B7-4A44-8C93-A42D7C1B4CE3}
  9
$VERSIONGUID
  2
{C75B11BC-AF26-4C79-B13F-99A7F5AF5DF8}
  9
$EXTNAMES
290
1
  9
$PSVPSCALE
 40
0.0
  9
$OLESTARTUP
290
0
  9
$SORTENTS
280
127
  9
$INDEXCTL
280
0
  9
$HIDETEXT
280
1
  9
$XCLIPFRAME
280
1
  9
$HALOGAP
280
0
  9
$OBSCOLOR
 70
257
  9
$OBSLTYPE
280
0
  9
$INTERSECTIONDISPLAY
280
0
  9
$INTERSECTIONCOLOR
 70
257
  9
$DIMASSOC
280
2
  9
$PROJECTNAME
  1

  9
$CAMERADISPLAY
290
0
  9
$LENSLENGTH
 40
50.0
  9
$CAMERAHEIGHT
 40
0.0
  9
$STEPSPERSEC
 40
24.0
  9
$STEPSIZE
 40
100.0
  9
$3DDWFPREC
 40
2.0
  9
$PSOLWIDTH
 40
0.005
  9
$PSOLHEIGHT
 40
0.08
  9
$LOFTANG1
 40
1.570796326795
  9
$LOFTANG2
 40
1.570796326795
  9
$LOFTMAG1
 40
0.0
  9
$LOFTMAG2
 40
0.0
  9
$LOFTPARAM
 70
7
  9
$LOFTNORMALS
280
1
  9
$LATITUDE
 40
37.795
  9
$LONGITUDE
 40
-122.394
  9
$NORTHDIRECTION
 40
0.0
  9
$TIMEZONE
 70
-8000
  9
$LIGHTGLYPHDISPLAY
280
1
  9
$TILEMODELIGHTSYNCH
280
1
  9
$CMATERIAL
347
39D
  9
$SOLIDHIST
280
0
  9
$SHOWHIST
280
1
  9
$DWFFRAME
280
2
  9
$DGNFRAME
280
2
  9
$REALWORLDSCALE
290
1
  9
$INTERFERECOLOR
 62
0
  9
$CSHADOW
280
0
  9
$SHADOWPLANELOCATION
 40
0.0
  0
ENDSEC
  0
SECTION
  2
CLASSES
  0
CLASS
  1
ACDBDICTIONARYWDFLT
  2
AcDbDictionaryWithDefault
  3
ObjectDBX Classes
 90
0
 91
1
280
0
281
0
  0
CLASS
  1
SUN
  2
AcDbSun
  3
SCENEOE
 90
1153
 91
0
280
0
281
0
  0
CLASS
  1
VISUALSTYLE
  2
AcDbVisualStyle
  3
ObjectDBX Classes
 90
4095
 91
25
280
0
281
0
  0
CLASS
  1
MATERIAL
  2
AcDbMaterial
  3
ObjectDBX Classes
 90
1153
 91
3
280
0
281
0
  0
CLASS
  1
SCALE
  2
AcDbScale
  3
ObjectDBX Classes
 90
1153
 91
17
280
0
281
0
  0
CLASS
  1
TABLESTYLE
  2
AcDbTableStyle
  3
ObjectDBX Classes
 90
4095
 91
1
280
0
281
0
  0
CLASS
  1
MLEADERSTYLE
  2
AcDbMLeaderStyle
  3
ACDB_MLEADERSTYLE_CLASS
 90
4095
 91
1
280
0
281
0
  0
CLASS
  1
DICTIONARYVAR
  2
AcDbDictionaryVar
  3
ObjectDBX Classes
 90
0
 91
0
280
0
281
0
  0
CLASS
  1
CELLSTYLEMAP
  2
AcDbCellStyleMap
  3
ObjectDBX Classes
 90
256
 91
256
280
0
281
0
  0
CLASS
  1
MENTALRAYRENDERSETTINGS
  2
AcDbMentalRayRenderSettings
  3
SCENEOE
 90
33
 91
-534838016
280
0
281
0
  0
CLASS
  1
ACDBDETAILVIEWSTYLE
  2
AcDbDetailViewStyle
  3
ObjectDBX Classes
 90
168
 91
256
280
0
281
0
  0
CLASS
  1
ACDBSECTIONVIEWSTYLE
  2
AcDbSectionViewStyle
  3
ObjectDBX Classes
 90
256
 91
0
280
0
281
0
  0
CLASS
  1
RASTERVARIABLES
  2
AcDbRasterVariables
  3
ISM
 90
256
 91
0
280
0
281
0
  0
CLASS
  1
ACDBPLACEHOLDER
  2
AcDbPlaceHolder
  3
ObjectDBX Classes
 90
0
 91
0
280
0
281
0
  0
CLASS
  1
LAYOUT
  2
AcDbLayout
  3
ObjectDBX Classes
 90
0
 91
0
280
0
281
0
  0
ENDSEC
  0
SECTION
  2
TABLES
  0
TABLE
  2
VPORT
  5
8
330
0
100
AcDbSymbolTable
 70
1
  0
VPORT
  5
23
330
8
100
AcDbSymbolTableRecord
100
AcDbViewportTableRecord
  2
*Active
 70
0
 10
0.0
 20
0.0
 11
1.0
 21
1.0
 12
55.45012195703885
 22
27.94130921582632
 13
0.0
 23
0.0
 14
0.5
 24
0.5
 15
0.5
 25
0.5
 16
0.0
 26
0.0
 36
1.0
 17
0.0
 27
0.0
 37
0.0
 40
92.3482768062172
 41
1.853042479908152
 42
50.0
 43
0.0
 44
0.0
 50
0.0
 51
0.0
 71
0
 72
1000
 73
1
 74
3
 75
0
 76
0
 77
0
 78
0
281
0
 65
0
110
0.0
120
0.0
130
0.0
111
1.0
121
0.0
131
0.0
112
0.0
122
1.0
132
0.0
 79
0
146
0.0
 60
3
 61
5
348
5A
292
1
282
1
141
0.0
142
0.0
 63
250
421
3258135347
1001
ACAD_NAV_VCDISPLAY
1070
3
  0
ENDTAB
  0
TABLE
  2
LTYPE
  5
2
330
0
100
AcDbSymbolTable
 70
21
  0
LTYPE
  5
24
330
2
100
AcDbSymbolTableRecord
100
AcDbLinetypeTableRecord
  2
ByBlock
 70
0
  3

 72
65
 73
0
 40
0.0
  0
LTYPE
  5
25
330
2
100
AcDbSymbolTableRecord
100
AcDbLinetypeTableRecord
  2
ByLayer
 70
0
  3

 72
65
 73
0
 40
0.0
  0
LTYPE
  5
26
330
2
100
AcDbSymbolTableRecord
100
AcDbLinetypeTableRecord
  2
Continuous
 70
0
  3

 72
65
 73
0
 40
0.0
  0
LTYPE
  5
2F
330
2
100
AcDbSymbolTableRecord
100
AcDbLinetypeTableRecord
  2
CENTER
 70
0
  3
Center ____ _ ____ _ ____ _ ____ _ ____ _ ____
 72
65
 73
4
 40
5.08
 49
3.175
 74
0
 49
-0.635
 74
0
 49
0.635
 74
0
 49
-0.635
 74
0
  0
LTYPE
  5
30
330
2
100
AcDbSymbolTableRecord
100
AcDbLinetypeTableRecord
  2
CENTERX2
 70
0
  3
Center (2x) ________  __  ________  __  ________
 72
65
 73
4
 40
8.89
 49
6.35
 74
0
 49
-0.635
 74
0
 49
1.27
 74
0
 49
-0.635
 74
0
  0
LTYPE
  5
31
330
2
100
AcDbSymbolTableRecord
100
AcDbLinetypeTableRecord
  2
CENTER2
 70
0
  3
Center (.5x) ____ _ ____ _ ____ _ ____ _ ____
 72
65
 73
4
 40
2.54
 49
1.587
 74
0
 49
-0.318
 74
0
 49
0.318
 74
0
 49
-0.318
 74
0
  0
LTYPE
  5
32
330
2
100
AcDbSymbolTableRecord
100
AcDbLinetypeTableRecord
  2
DASHED
 70
0
  3
Dashed __ __ __ __ __ __ __ __ __ __ __ __ __ _
 72
65
 73
2
 40
1.524
 49
1.27
 74
0
 49
-0.254
 74
0
  0
LTYPE
  5
33
330
2
100
AcDbSymbolTableRecord
100
AcDbLinetypeTableRecord
  2
DASHEDX2
 70
0
  3
Dashed (2x) ____  ____  ____  ____  ____  ____
 72
65
 73
2
 40
3.048
 49
2.54
 74
0
 49
-0.508
 74
0
  0
LTYPE
  5
34
330
2
100
AcDbSymbolTableRecord
100
AcDbLinetypeTableRecord
  2
DASHED2
 70
0
  3
Dashed (.5x) _ _ _ _ _ _ _ _ _ _ _ _ _ _
 72
65
 73
2
 40
0.762
 49
0.635
 74
0
 49
-0.127
 74
0
  0
LTYPE
  5
35
330
2
100
AcDbSymbolTableRecord
100
AcDbLinetypeTableRecord
  2
PHANTOM
 70
0
  3
Phantom ______  __  __  ______  __  __  ______
 72
65
 73
6
 40
6.35
 49
3.175
 74
0
 49
-0.635
 74
0
 49
0.635
 74
0
 49
-0.635
 74
0
 49
0.635
 74
0
 49
-0.635
 74
0
  0
LTYPE
  5
36
330
2
100
AcDbSymbolTableRecord
100
AcDbLinetypeTableRecord
  2
PHANTOMX2
 70
0
  3
Phantom (2x)____________    ____    ____    ____________
 72
65
 73
6
 40
10.795
 49
6.35
 74
0
 49
-0.635
 74
0
 49
1.27
 74
0
 49
-0.635
 74
0
 49
1.27
 74
0
 49
-0.635
 74
0
  0
LTYPE
  5
37
330
2
100
AcDbSymbolTableRecord
100
AcDbLinetypeTableRecord
  2
PHANTOM2
 70
0
  3
Phantom (.5x) ___ _ _ ___ _ _ ___ _ _ ___ _ _ ___
 72
65
 73
6
 40
3.175
 49
1.587
 74
0
 49
-0.318
 74
0
 49
0.318
 74
0
 49
-0.318
 74
0
 49
0.318
 74
0
 49
-0.318
 74
0
  0
LTYPE
  5
38
330
2
100
AcDbSymbolTableRecord
100
AcDbLinetypeTableRecord
  2
DASHDOT
 70
0
  3
Dash dot __ . __ . __ . __ . __ . __ . __ . __
 72
65
 73
4
 40
3.556
 49
2.54
 74
0
 49
-0.508
 74
0
 49
0.0
 74
0
 49
-0.508
 74
0
  0
LTYPE
  5
39
330
2
100
AcDbSymbolTableRecord
100
AcDbLinetypeTableRecord
  2
DASHDOTX2
 70
0
  3
Dash dot (2x) ____  .  ____  .  ____  .  ____
 72
65
 73
4
 40
6.096
 49
5.08
 74
0
 49
-0.508
 74
0
 49
0.0
 74
0
 49
-0.508
 74
0
  0
LTYPE
  5
3A
330
2
100
AcDbSymbolTableRecord
100
AcDbLinetypeTableRecord
  2
DASHDOT2
 70
0
  3
Dash dot (.5x) _ . _ . _ . _ . _ . _ . _ . _
 72
65
 73
4
 40
1.778
 49
1.27
 74
0
 49
-0.254
 74
0
 49
0.0
 74
0
 49
-0.254
 74
0
  0
LTYPE
  5
3B
330
2
100
AcDbSymbolTableRecord
100
AcDbLinetypeTableRecord
  2
DOT
 70
0
  3
Dot .  .  .  .  .  .  .  .  .  .  .  .  .  .  .  .
 72
65
 73
2
 40
0.508
 49
0.0
 74
0
 49
-0.508
 74
0
  0
LTYPE
  5
3C
330
2
100
AcDbSymbolTableRecord
100
AcDbLinetypeTableRecord
  2
DOTX2
 70
0
  3
Dot (2x) .    .    .    .    .    .    .    . 
 72
65
 73
2
 40
1.016
 49
0.0
 74
0
 49
-1.016
 74
0
  0
LTYPE
  5
3D
330
2
100
AcDbSymbolTableRecord
100
AcDbLinetypeTableRecord
  2
DOT2
 70
0
  3
Dot (.5) . . . . . . . . . . . . . . . . . . . 
 72
65
 73
2
 40
0.254
 49
0.0
 74
0
 49
-0.254
 74
0
  0
LTYPE
  5
3E
330
2
100
AcDbSymbolTableRecord
100
AcDbLinetypeTableRecord
  2
DIVIDE
 70
0
  3
Divide __ . . __ . . __ . . __ . . __ . . __
 72
65
 73
6
 40
4.064
 49
2.54
 74
0
 49
-0.508
 74
0
 49
0.0
 74
0
 49
-0.508
 74
0
 49
0.0
 74
0
 49
-0.508
 74
0
  0
LTYPE
  5
3F
330
2
100
AcDbSymbolTableRecord
100
AcDbLinetypeTableRecord
  2
DIVIDEX2
 70
0
  3
Divide (2x) ____  . .  ____  . .  ____  . .  ____
 72
65
 73
6
 40
6.604
 49
5.08
 74
0
 49
-0.508
 74
0
 49
0.0
 74
0
 49
-0.508
 74
0
 49
0.0
 74
0
 49
-0.508
 74
0
  0
LTYPE
  5
40
330
2
100
AcDbSymbolTableRecord
100
AcDbLinetypeTableRecord
  2
DIVIDE2
 70
0
  3
Divide(.5x) _ . _ . _ . _ . _ . _ . _ . _
 72
65
 73
6
 40
2.032
 49
1.27
 74
0
 49
-0.254
 74
0
 49
0.0
 74
0
 49
-0.254
 74
0
 49
0.0
 74
0
 49
-0.254
 74
0
  0
ENDTAB
  0
TABLE
  2
LAYER
  5
1
330
0
100
AcDbSymbolTable
 70
27
  0
LAYER
  5
27
330
1
100
AcDbSymbolTableRecord
100
AcDbLayerTableRecord
  2
0
 70
0
 62
7
  6
Continuous
370
-3
390
13
347
21
348
0
  0
LAYER
  5
28
330
1
100
AcDbSymbolTableRecord
100
AcDbLayerTableRecord
  2
Defpoints
 70
0
 62
7
  6
Continuous
290
0
370
-3
390
13
347
21
348
0
  0
LAYER
  5
8B
330
1
100
AcDbSymbolTableRecord
100
AcDbLayerTableRecord
  2
BORDER_LIMITS
 70
0
 62
7
  6
Continuous
370
18
390
13
347
21
348
0
  0
LAYER
  5
8C
330
1
100
AcDbSymbolTableRecord
100
AcDbLayerTableRecord
  2
DRAWING_BORDER
 70
0
 62
7
  6
Continuous
370
50
390
13
347
21
348
0
  0
LAYER
  5
8D
330
1
100
AcDbSymbolTableRecord
100
AcDbLayerTableRecord
  2
FORMATO
 70
0
 62
7
  6
Continuous
370
25
390
13
347
21
348
0
  0
LAYER
  5
8E
330
1
100
AcDbSymbolTableRecord
100
AcDbLayerTableRecord
  2
_DATEC
 70
0
 62
7
  6
Continuous
370
13
390
13
347
21
348
0
  0
LAYER
  5
8F
330
1
100
AcDbSymbolTableRecord
100
AcDbLayerTableRecord
  2
05-EST-TEXTO
 70
0
 62
7
  6
Continuous
370
13
390
13
347
21
348
0
  0
LAYER
  5
90
330
1
100
AcDbSymbolTableRecord
100
AcDbLayerTableRecord
  2
E_EJES
 70
0
 62
8
  6
Continuous
370
9
390
13
347
21
348
0
  0
LAYER
  5
91
330
1
100
AcDbSymbolTableRecord
100
AcDbLayerTableRecord
  2
E_EJES_BURBUJA
 70
0
 62
7
  6
Continuous
370
18
390
13
347
21
348
0
  0
LAYER
  5
92
330
1
100
AcDbSymbolTableRecord
100
AcDbLayerTableRecord
  2
E_ZAPATAS
 70
0
 62
7
  6
Continuous
370
35
390
13
347
21
348
0
  0
LAYER
  5
93
330
1
100
AcDbSymbolTableRecord
100
AcDbLayerTableRecord
  2
E_PEDESTALES
 70
0
 62
7
  6
Continuous
370
35
390
13
347
21
348
0
  0
LAYER
  5
94
330
1
100
AcDbSymbolTableRecord
100
AcDbLayerTableRecord
  2
E_MUROS
 70
0
 62
7
  6
Continuous
370
50
390
13
347
21
348
0
  0
LAYER
  5
95
330
1
100
AcDbSymbolTableRecord
100
AcDbLayerTableRecord
  2
E_PILASTRAS
 70
0
 62
7
  6
Continuous
370
35
390
13
347
21
348
0
  0
LAYER
  5
96
330
1
100
AcDbSymbolTableRecord
100
AcDbLayerTableRecord
  2
E_VIGAS_CIM
 70
0
 62
8
  6
DASHED
370
18
390
13
347
21
348
0
  0
LAYER
  5
97
330
1
100
AcDbSymbolTableRecord
100
AcDbLayerTableRecord
  2
E_COLUMNAS
 70
0
 62
7
  6
Continuous
370
35
390
13
347
21
348
0
  0
LAYER
  5
98
330
1
100
AcDbSymbolTableRecord
100
AcDbLayerTableRecord
  2
E_VIGAS_ACERO
 70
0
 62
7
  6
Continuous
370
25
390
13
347
21
348
0
  0
LAYER
  5
99
330
1
100
AcDbSymbolTableRecord
100
AcDbLayerTableRecord
  2
E_LOSA
 70
0
 62
8
  6
DASHED
370
13
390
13
347
21
348
0
  0
LAYER
  5
9A
330
1
100
AcDbSymbolTableRecord
100
AcDbLayerTableRecord
  2
E_TEXTO
 70
0
 62
7
  6
Continuous
370
13
390
13
347
21
348
0
  0
LAYER
  5
9B
330
1
100
AcDbSymbolTableRecord
100
AcDbLayerTableRecord
  2
E_TEXTO_VIGA
 70
0
 62
7
  6
Continuous
370
13
390
13
347
21
348
0
  0
LAYER
  5
9C
330
1
100
AcDbSymbolTableRecord
100
AcDbLayerTableRecord
  2
E_COTAS
 70
0
 62
7
  6
Continuous
370
13
390
13
347
21
348
0
  0
LAYER
  5
9D
330
1
100
AcDbSymbolTableRecord
100
AcDbLayerTableRecord
  2
E_TABLA
 70
0
 62
7
  6
Continuous
370
25
390
13
347
21
348
0
  0
LAYER
  5
9E
330
1
100
AcDbSymbolTableRecord
100
AcDbLayerTableRecord
  2
E_TITULO
 70
0
 62
7
  6
Continuous
370
25
390
13
347
21
348
0
  0
LAYER
  5
9F
330
1
100
AcDbSymbolTableRecord
100
AcDbLayerTableRecord
  2
E_HATCH
 70
0
 62
7
  6
Continuous
370
13
390
13
347
21
348
0
  0
LAYER
  5
A0
330
1
100
AcDbSymbolTableRecord
100
AcDbLayerTableRecord
  2
E_ARMADO
 70
0
 62
7
  6
Continuous
370
35
390
13
347
21
348
0
  0
LAYER
  5
A1
330
1
100
AcDbSymbolTableRecord
100
AcDbLayerTableRecord
  2
E_ARMADO_FINO
 70
0
 62
7
  6
Continuous
370
18
390
13
347
21
348
0
  0
LAYER
  5
A2
330
1
100
AcDbSymbolTableRecord
100
AcDbLayerTableRecord
  2
E_CORTE
 70
0
 62
7
  6
Continuous
370
50
390
13
347
21
348
0
  0
LAYER
  5
A3
330
1
100
AcDbSymbolTableRecord
100
AcDbLayerTableRecord
  2
E_REPLANTILLO
 70
0
 62
8
  6
Continuous
370
13
390
13
347
21
348
0
  0
ENDTAB
  0
TABLE
  2
STYLE
  5
5
330
0
100
AcDbSymbolTable
 70
27
  0
STYLE
  5
29
330
5
100
AcDbSymbolTableRecord
100
AcDbTextStyleTableRecord
  2
Standard
 70
0
 40
0.0
 41
1.0
 50
0.0
 71
0
 42
2.5
  3
txt
  4

  0
STYLE
  5
41
330
5
100
AcDbSymbolTableRecord
100
AcDbTextStyleTableRecord
  2
OpenSans-Light
 70
0
 40
0.0
 41
1.0
 50
0.0
 71
0
 42
2.5
  3
OpenSans-Light.ttf
  4

1001
ACAD
1000
Open Sans Light
1071
34
  0
STYLE
  5
42
330
5
100
AcDbSymbolTableRecord
100
AcDbTextStyleTableRecord
  2
OpenSans-Light-Italic
 70
0
 40
0.0
 41
1.0
 50
0.0
 71
0
 42
2.5
  3
OpenSans-LightItalic.ttf
  4

1001
ACAD
1000
Open Sans Light
1071
16777250
  0
STYLE
  5
43
330
5
100
AcDbSymbolTableRecord
100
AcDbTextStyleTableRecord
  2
OpenSans
 70
0
 40
0.0
 41
1.0
 50
0.0
 71
0
 42
2.5
  3
OpenSans-Regular.ttf
  4

1001
ACAD
1000
Open Sans
1071
34
  0
STYLE
  5
44
330
5
100
AcDbSymbolTableRecord
100
AcDbTextStyleTableRecord
  2
OpenSans-Italic
 70
0
 40
0.0
 41
1.0
 50
0.0
 71
0
 42
2.5
  3
OpenSans-Italic.ttf
  4

1001
ACAD
1000
Open Sans
1071
16777250
  0
STYLE
  5
45
330
5
100
AcDbSymbolTableRecord
100
AcDbTextStyleTableRecord
  2
OpenSans-SemiBold
 70
0
 40
0.0
 41
1.0
 50
0.0
 71
0
 42
2.5
  3
OpenSans-Semibold.ttf
  4

1001
ACAD
1000
Open Sans Semibold
1071
33554466
  0
STYLE
  5
46
330
5
100
AcDbSymbolTableRecord
100
AcDbTextStyleTableRecord
  2
OpenSans-SemiBoldItalic
 70
0
 40
0.0
 41
1.0
 50
0.0
 71
0
 42
2.5
  3
OpenSans-SemiboldItalic.ttf
  4

1001
ACAD
1000
Open Sans Semibold
1071
50331682
  0
STYLE
  5
47
330
5
100
AcDbSymbolTableRecord
100
AcDbTextStyleTableRecord
  2
OpenSans-Bold
 70
0
 40
0.0
 41
1.0
 50
0.0
 71
0
 42
2.5
  3
OpenSans-Bold.ttf
  4

1001
ACAD
1000
Open Sans
1071
33554466
  0
STYLE
  5
48
330
5
100
AcDbSymbolTableRecord
100
AcDbTextStyleTableRecord
  2
OpenSans-BoldItalic
 70
0
 40
0.0
 41
1.0
 50
0.0
 71
0
 42
2.5
  3
OpenSans-BoldItalic.ttf
  4

1001
ACAD
1000
Open Sans
1071
50331682
  0
STYLE
  5
49
330
5
100
AcDbSymbolTableRecord
100
AcDbTextStyleTableRecord
  2
OpenSans-ExtraBold
 70
0
 40
0.0
 41
1.0
 50
0.0
 71
0
 42
2.5
  3
OpenSans-ExtraBold.ttf
  4

1001
ACAD
1000
Open Sans Extrabold
1071
33554466
  0
STYLE
  5
4A
330
5
100
AcDbSymbolTableRecord
100
AcDbTextStyleTableRecord
  2
OpenSans-ExtraBoldItalic
 70
0
 40
0.0
 41
1.0
 50
0.0
 71
0
 42
2.5
  3
OpenSans-ExtraBoldItalic.ttf
  4

1001
ACAD
1000
Open Sans Extrabold
1071
50331682
  0
STYLE
  5
4B
330
5
100
AcDbSymbolTableRecord
100
AcDbTextStyleTableRecord
  2
OpenSansCondensed-Bold
 70
0
 40
0.0
 41
1.0
 50
0.0
 71
0
 42
2.5
  3
OpenSansCondensed-Bold.ttf
  4

1001
ACAD
1000
OpenSansCondensed-Bold
1071
34
  0
STYLE
  5
4C
330
5
100
AcDbSymbolTableRecord
100
AcDbTextStyleTableRecord
  2
OpenSansCondensed-Light
 70
0
 40
0.0
 41
1.0
 50
0.0
 71
0
 42
2.5
  3
OpenSansCondensed-Light.ttf
  4

1001
ACAD
1000
OpenSansCondensed-Light
1071
34
  0
STYLE
  5
4D
330
5
100
AcDbSymbolTableRecord
100
AcDbTextStyleTableRecord
  2
OpenSansCondensed-Italic
 70
0
 40
0.0
 41
1.0
 50
0.0
 71
0
 42
2.5
  3
OpenSansCondensed-LightItalic.ttf
  4

1001
ACAD
1000
OpenSansCondensed-LightItalic
1071
34
  0
STYLE
  5
4E
330
5
100
AcDbSymbolTableRecord
100
AcDbTextStyleTableRecord
  2
LiberationSans
 70
0
 40
0.0
 41
1.0
 50
0.0
 71
0
 42
2.5
  3
LiberationSans-Regular.ttf
  4

1001
ACAD
1000
LiberationSans-Regular
1071
34
  0
STYLE
  5
4F
330
5
100
AcDbSymbolTableRecord
100
AcDbTextStyleTableRecord
  2
LiberationSans-Bold
 70
0
 40
0.0
 41
1.0
 50
0.0
 71
0
 42
2.5
  3
LiberationSans-Bold.ttf
  4

1001
ACAD
1000
LiberationSans-Bold
1071
34
  0
STYLE
  5
50
330
5
100
AcDbSymbolTableRecord
100
AcDbTextStyleTableRecord
  2
LiberationSans-BoldItalic
 70
0
 40
0.0
 41
1.0
 50
0.0
 71
0
 42
2.5
  3
LiberationSans-BoldItalic.ttf
  4

1001
ACAD
1000
LiberationSans-BoldItalic
1071
34
  0
STYLE
  5
51
330
5
100
AcDbSymbolTableRecord
100
AcDbTextStyleTableRecord
  2
LiberationSans-Italic
 70
0
 40
0.0
 41
1.0
 50
0.0
 71
0
 42
2.5
  3
LiberationSans-Italic.ttf
  4

1001
ACAD
1000
LiberationSans-Italic
1071
34
  0
STYLE
  5
52
330
5
100
AcDbSymbolTableRecord
100
AcDbTextStyleTableRecord
  2
LiberationSerif
 70
0
 40
0.0
 41
1.0
 50
0.0
 71
0
 42
2.5
  3
LiberationSerif-Regular.ttf
  4

1001
ACAD
1000
LiberationSerif-Regular
1071
34
  0
STYLE
  5
53
330
5
100
AcDbSymbolTableRecord
100
AcDbTextStyleTableRecord
  2
LiberationSerif-Bold
 70
0
 40
0.0
 41
1.0
 50
0.0
 71
0
 42
2.5
  3
LiberationSerif-Bold.ttf
  4

1001
ACAD
1000
LiberationSerif-Bold
1071
34
  0
STYLE
  5
54
330
5
100
AcDbSymbolTableRecord
100
AcDbTextStyleTableRecord
  2
LiberationSerif-BoldItalic
 70
0
 40
0.0
 41
1.0
 50
0.0
 71
0
 42
2.5
  3
LiberationSerif-BoldItalic.ttf
  4

1001
ACAD
1000
LiberationSerif-BoldItalic
1071
34
  0
STYLE
  5
55
330
5
100
AcDbSymbolTableRecord
100
AcDbTextStyleTableRecord
  2
LiberationSerif-Italic
 70
0
 40
0.0
 41
1.0
 50
0.0
 71
0
 42
2.5
  3
LiberationSerif-Italic.ttf
  4

1001
ACAD
1000
LiberationSerif-Italic
1071
34
  0
STYLE
  5
56
330
5
100
AcDbSymbolTableRecord
100
AcDbTextStyleTableRecord
  2
LiberationMono
 70
0
 40
0.0
 41
1.0
 50
0.0
 71
0
 42
2.5
  3
LiberationMono-Regular.ttf
  4

1001
ACAD
1000
LiberationMono-Regular
1071
34
  0
STYLE
  5
57
330
5
100
AcDbSymbolTableRecord
100
AcDbTextStyleTableRecord
  2
LiberationMono-Bold
 70
0
 40
0.0
 41
1.0
 50
0.0
 71
0
 42
2.5
  3
LiberationMono-Bold.ttf
  4

1001
ACAD
1000
LiberationMono-Bold
1071
34
  0
STYLE
  5
58
330
5
100
AcDbSymbolTableRecord
100
AcDbTextStyleTableRecord
  2
LiberationMono-BoldItalic
 70
0
 40
0.0
 41
1.0
 50
0.0
 71
0
 42
2.5
  3
LiberationMono-BoldItalic.ttf
  4

1001
ACAD
1000
LiberationMono-BoldItalic
1071
34
  0
STYLE
  5
59
330
5
100
AcDbSymbolTableRecord
100
AcDbTextStyleTableRecord
  2
LiberationMono-Italic
 70
0
 40
0.0
 41
1.0
 50
0.0
 71
0
 42
2.5
  3
LiberationMono-Italic.ttf
  4

1001
ACAD
1000
LiberationMono-Italic
1071
34
  0
STYLE
  5
8A
330
5
100
AcDbSymbolTableRecord
100
AcDbTextStyleTableRecord
  2
KUBIEC
 70
0
 40
0.0
 41
1.0
 50
0.0
 71
0
 42
2.5
  3
romans.shx
  4

  0
ENDTAB
  0
TABLE
  2
VIEW
  5
3A0
330
0
100
AcDbSymbolTable
 70
0
  0
ENDTAB
  0
TABLE
  2
UCS
  5
39F
330
0
100
AcDbSymbolTable
 70
0
  0
ENDTAB
  0
TABLE
  2
APPID
  5
3
330
0
100
AcDbSymbolTable
 70
4
  0
APPID
  5
2A
330
3
100
AcDbSymbolTableRecord
100
AcDbRegAppTableRecord
  2
ACAD
 70
0
  0
APPID
  5
369
330
3
100
AcDbSymbolTableRecord
100
AcDbRegAppTableRecord
  2
HATCHBACKGROUNDCOLOR
 70
0
  0
APPID
  5
36A
330
3
100
AcDbSymbolTableRecord
100
AcDbRegAppTableRecord
  2
EZDXF
 70
0
  0
APPID
  5
393
330
3
100
AcDbSymbolTableRecord
100
AcDbRegAppTableRecord
  2
ACAD_NAV_VCDISPLAY
 70
0
  0
ENDTAB
  0
TABLE
  2
DIMSTYLE
  5
4
330
0
100
AcDbSymbolTable
 70
13
100
AcDbDimStyleTable
  0
DIMSTYLE
105
2B
330
4
100
AcDbSymbolTableRecord
100
AcDbDimStyleTableRecord
  2
Standard
 70
0
 40
1.0
 41
2.5
 42
0.625
 43
3.75
 44
1.25
 45
0.0
 46
0.0
 47
0.0
 48
0.0
 49
2.5
 50
45.0
140
2.5
141
2.5
142
0.0
143
0.03937007874
144
1.0
145
0.0
146
1.0
147
0.625
148
0.0
 69
0
 70
0
 71
0
 72
0
 73
0
 74
0
 75
0
 76
0
 77
1
 78
8
 79
3
170
0
171
3
172
1
173
0
174
0
175
0
176
-1056964608
177
-1056964608
178
-1056964608
179
2
271
2
272
2
273
2
274
3
275
0
276
0
277
2
278
44
279
0
280
0
281
0
282
0
283
0
284
8
285
0
286
0
288
0
289
3
290
0
371
-2
372
-2
  0
DIMSTYLE
105
73
330
4
100
AcDbSymbolTableRecord
100
AcDbDimStyleTableRecord
  2
EZDXF
 70
0
 40
1.0
 41
0.175
 42
0.125
 43
3.75
 44
0.375
 45
0.0
 46
0.0
 47
0.0
 48
0.0
 49
2.5
 50
45.0
140
0.25
141
2.5
142
0.0
143
0.03937007874
144
100.0
145
0.0
146
0.5
147
0.1
148
0.0
 69
0
 70
0
 71
0
 72
0
 73
0
 74
0
 75
0
 76
0
 77
1
 78
12
 79
3
170
0
171
3
172
1
173
0
174
0
175
0
176
-1056964608
177
-1056964608
178
-1056964608
179
2
271
2
272
2
273
2
274
3
275
0
276
0
277
2
278
46
279
2
280
0
281
0
282
0
283
0
284
8
285
0
286
0
288
1
289
3
290
0
340
4C
342
74
371
-2
372
-2
  0
DIMSTYLE
105
7C
330
4
100
AcDbSymbolTableRecord
100
AcDbDimStyleTableRecord
  2
EZ_M_100_H25_CM
 70
0
 40
1.0
 41
0.25
 42
0.125
 43
3.75
 44
0.375
 45
0.0
 46
0.0
 47
0.0
 48
0.0
 49
2.5
 50
45.0
140
0.25
141
2.5
142
0.125
143
0.03937007874
144
100.0
145
0.0
146
0.5
147
0.1
148
0.0
 69
0
 70
0
 71
0
 72
0
 73
0
 74
0
 75
0
 76
0
 77
1
 78
12
 79
3
170
0
171
3
172
1
173
0
174
0
175
0
176
-1056964608
177
-1056964608
178
-1056964608
179
2
271
2
272
2
273
2
274
3
275
0
276
0
277
2
278
46
279
2
280
0
281
0
282
0
283
0
284
8
285
0
286
0
288
1
289
3
290
0
340
4C
371
-2
372
-2
  0
DIMSTYLE
105
7D
330
4
100
AcDbSymbolTableRecord
100
AcDbDimStyleTableRecord
  2
EZ_M_50_H25_CM
 70
0
 40
1.0
 41
0.125
 42
0.0625
 43
3.75
 44
0.1875
 45
0.0
 46
0.0
 47
0.0
 48
0.0
 49
2.5
 50
45.0
140
0.125
141
2.5
142
0.0625
143
0.03937007874
144
100.0
145
0.0
146
0.5
147
0.05
148
0.0
 69
0
 70
0
 71
0
 72
0
 73
0
 74
0
 75
0
 76
0
 77
1
 78
12
 79
3
170
0
171
3
172
1
173
0
174
0
175
0
176
-1056964608
177
-1056964608
178
-1056964608
179
2
271
2
272
2
273
2
274
3
275
0
276
0
277
2
278
46
279
2
280
0
281
0
282
0
283
0
284
8
285
0
286
0
288
1
289
3
290
0
340
4C
371
-2
372
-2
  0
DIMSTYLE
105
7E
330
4
100
AcDbSymbolTableRecord
100
AcDbDimStyleTableRecord
  2
EZ_M_25_H25_CM
 70
0
 40
1.0
 41
0.0625
 42
0.03125
 43
3.75
 44
0.09375
 45
0.0
 46
0.0
 47
0.0
 48
0.0
 49
2.5
 50
45.0
140
0.0625
141
2.5
142
0.03125
143
0.03937007874
144
100.0
145
0.0
146
0.5
147
0.025
148
0.0
 69
0
 70
0
 71
0
 72
0
 73
0
 74
0
 75
0
 76
0
 77
1
 78
12
 79
3
170
0
171
3
172
1
173
0
174
0
175
0
176
-1056964608
177
-1056964608
178
-1056964608
179
2
271
2
272
2
273
2
274
3
275
0
276
0
277
2
278
46
279
2
280
0
281
0
282
0
283
0
284
8
285
0
286
0
288
1
289
3
290
0
340
4C
371
-2
372
-2
  0
DIMSTYLE
105
7F
330
4
100
AcDbSymbolTableRecord
100
AcDbDimStyleTableRecord
  2
EZ_M_20_H25_CM
 70
0
 40
1.0
 41
0.05
 42
0.025
 43
3.75
 44
0.07500000000000001
 45
0.0
 46
0.0
 47
0.0
 48
0.0
 49
2.5
 50
45.0
140
0.05
141
2.5
142
0.025
143
0.03937007874
144
100.0
145
0.0
146
0.5
147
0.02
148
0.0
 69
0
 70
0
 71
0
 72
0
 73
0
 74
0
 75
0
 76
0
 77
1
 78
12
 79
3
170
0
171
3
172
1
173
0
174
0
175
0
176
-1056964608
177
-1056964608
178
-1056964608
179
2
271
2
272
2
273
2
274
3
275
0
276
0
277
2
278
46
279
2
280
0
281
0
282
0
283
0
284
8
285
0
286
0
288
1
289
3
290
0
340
4C
371
-2
372
-2
  0
DIMSTYLE
105
80
330
4
100
AcDbSymbolTableRecord
100
AcDbDimStyleTableRecord
  2
EZ_M_10_H25_CM
 70
0
 40
1.0
 41
0.025
 42
0.0125
 43
3.75
 44
0.03750000000000001
 45
0.0
 46
0.0
 47
0.0
 48
0.0
 49
2.5
 50
45.0
140
0.025
141
2.5
142
0.0125
143
0.03937007874
144
100.0
145
0.0
146
0.5
147
0.01
148
0.0
 69
0
 70
0
 71
0
 72
0
 73
0
 74
0
 75
0
 76
0
 77
1
 78
12
 79
3
170
0
171
3
172
1
173
0
174
0
175
0
176
-1056964608
177
-1056964608
178
-1056964608
179
2
271
2
272
2
273
2
274
3
275
0
276
0
277
2
278
46
279
2
280
0
281
0
282
0
283
0
284
8
285
0
286
0
288
1
289
3
290
0
340
4C
371
-2
372
-2
  0
DIMSTYLE
105
81
330
4
100
AcDbSymbolTableRecord
100
AcDbDimStyleTableRecord
  2
EZ_M_5_H25_CM
 70
0
 40
1.0
 41
0.0125
 42
0.00625
 43
3.75
 44
0.01875
 45
0.0
 46
0.0
 47
0.0
 48
0.0
 49
2.5
 50
45.0
140
0.0125
141
2.5
142
0.00625
143
0.03937007874
144
100.0
145
0.0
146
0.5
147
0.005000000000000001
148
0.0
 69
0
 70
0
 71
0
 72
0
 73
0
 74
0
 75
0
 76
0
 77
1
 78
12
 79
3
170
0
171
3
172
1
173
0
174
0
175
0
176
-1056964608
177
-1056964608
178
-1056964608
179
2
271
2
272
2
273
2
274
3
275
0
276
0
277
2
278
46
279
2
280
0
281
0
282
0
283
0
284
8
285
0
286
0
288
1
289
3
290
0
340
4C
371
-2
372
-2
  0
DIMSTYLE
105
82
330
4
100
AcDbSymbolTableRecord
100
AcDbDimStyleTableRecord
  2
EZ_M_1_H25_CM
 70
0
 40
1.0
 41
0.0025
 42
0.00125
 43
3.75
 44
0.00375
 45
0.0
 46
0.0
 47
0.0
 48
0.0
 49
2.5
 50
45.0
140
0.0025
141
2.5
142
0.00125
143
0.03937007874
144
100.0
145
0.0
146
0.5
147
0.001
148
0.0
 69
0
 70
0
 71
0
 72
0
 73
0
 74
0
 75
0
 76
0
 77
1
 78
12
 79
3
170
0
171
3
172
1
173
0
174
0
175
0
176
-1056964608
177
-1056964608
178
-1056964608
179
2
271
2
272
2
273
2
274
3
275
0
276
0
277
2
278
46
279
2
280
0
281
0
282
0
283
0
284
8
285
0
286
0
288
1
289
3
290
0
340
4C
371
-2
372
-2
  0
DIMSTYLE
105
83
330
4
100
AcDbSymbolTableRecord
100
AcDbDimStyleTableRecord
  2
EZ_RADIUS
 70
0
 40
1.0
 41
0.25
 42
0.125
 43
3.75
 44
0.375
 45
0.0
 46
0.0
 47
0.0
 48
0.0
 49
2.5
 50
45.0
140
0.25
141
2.5
142
0.0
143
0.03937007874
144
100.0
145
0.0
146
0.5
147
0.1
148
0.0
 69
0
 70
0
 71
0
 72
0
 73
0
 74
0
 75
0
 76
0
 77
1
 78
12
 79
3
170
0
171
3
172
1
173
0
174
0
175
0
176
-1056964608
177
-1056964608
178
-1056964608
179
2
271
2
272
2
273
2
274
3
275
0
276
0
277
2
278
46
279
1
280
0
281
0
282
0
283
0
284
8
285
0
286
0
288
1
289
3
290
0
340
4C
342
84
371
-2
372
-2
  0
DIMSTYLE
105
88
330
4
100
AcDbSymbolTableRecord
100
AcDbDimStyleTableRecord
  2
EZ_RADIUS_INSIDE
 70
0
 40
1.0
 41
0.25
 42
0.125
 43
3.75
 44
0.375
 45
0.0
 46
0.0
 47
0.0
 48
0.0
 49
2.5
 50
45.0
140
0.25
141
2.5
142
0.0
143
0.03937007874
144
100.0
145
0.0
146
0.5
147
0.1
148
0.0
 69
0
 70
0
 71
0
 72
0
 73
0
 74
0
 75
0
 76
0
 77
1
 78
12
 79
3
170
0
171
3
172
1
173
0
174
1
175
0
176
-1056964608
177
-1056964608
178
-1056964608
179
2
271
2
272
2
273
2
274
3
275
0
276
0
277
2
278
46
279
0
280
0
281
0
282
0
283
0
284
8
285
0
286
0
288
1
289
3
290
0
340
4C
342
84
371
-2
372
-2
  0
DIMSTYLE
105
89
330
4
100
AcDbSymbolTableRecord
100
AcDbDimStyleTableRecord
  2
EZ_CURVED
 70
0
 40
1.0
 41
0.25
 42
0.125
 43
3.75
 44
0.375
 45
0.0
 46
0.0
 47
0.0
 48
0.0
 49
2.5
 50
45.0
140
0.25
141
2.5
142
0.0
143
0.03937007874
144
100.0
145
0.0
146
0.5
147
0.1
148
0.0
 69
0
 70
0
 71
0
 72
0
 73
0
 74
0
 75
0
 76
0
 77
1
 78
12
 79
2
 90
2
170
0
171
3
172
1
173
0
174
0
175
0
176
-1056964608
177
-1056964608
178
-1056964608
179
2
271
2
272
2
273
2
274
3
275
0
276
0
277
2
278
46
279
2
280
0
281
0
282
0
283
0
284
8
285
0
286
0
288
1
289
3
290
0
340
4C
371
-2
372
-2
  0
DIMSTYLE
105
A4
330
4
100
AcDbSymbolTableRecord
100
AcDbDimStyleTableRecord
  2
KUB
 70
0
 40
1.0
 41
2.5
 42
0.1
 43
3.75
 44
0.1
 45
0.0
 46
0.0
 47
0.0
 48
0.0
 49
2.5
 50
45.0
140
0.18
141
2.5
142
0.1
143
0.03937007874
144
1.0
145
0.0
146
1.0
147
0.06
148
0.0
 69
0
 70
0
 71
0
 72
0
 73
0
 74
0
 75
0
 76
0
 77
1
 78
8
 79
3
170
0
171
3
172
1
173
0
174
0
175
0
176
-1023410169
177
-1023410169
178
-1023410169
179
2
271
2
272
2
273
2
274
3
275
0
276
0
277
2
278
46
279
0
280
0
281
0
282
0
283
0
284
8
285
0
286
0
288
0
289
3
290
0
340
8A
371
-2
372
-2
  0
ENDTAB
  0
TABLE
  2
BLOCK_RECORD
  5
9
330
0
100
AcDbSymbolTable
 70
5
  0
BLOCK_RECORD
  5
17
330
9
100
AcDbSymbolTableRecord
100
AcDbBlockTableRecord
  2
*Model_Space
340
1A
 70
0
280
1
281
0
  0
BLOCK_RECORD
  5
1B
330
9
100
AcDbSymbolTableRecord
100
AcDbBlockTableRecord
  2
*Paper_Space
340
1E
 70
0
280
1
281
0
  0
BLOCK_RECORD
  5
74
330
9
100
AcDbSymbolTableRecord
100
AcDbBlockTableRecord
  2
_ARCHTICK
340
0
 70
0
280
1
281
0
  0
BLOCK_RECORD
  5
78
330
9
100
AcDbSymbolTableRecord
100
AcDbBlockTableRecord
  2
_CLOSEDFILLED
340
0
 70
0
280
1
281
0
  0
BLOCK_RECORD
  5
84
330
9
100
AcDbSymbolTableRecord
100
AcDbBlockTableRecord
  2
_CLOSEDBLANK
340
0
 70
0
280
1
281
0
  0
ENDTAB
  0
ENDSEC
  0
SECTION
  2
BLOCKS
  0
BLOCK
  5
18
330
17
100
AcDbEntity
  8
0
100
AcDbBlockBegin
  2
*Model_Space
 70
0
 10
0.0
 20
0.0
 30
0.0
  3
*Model_Space
  1

  0
ENDBLK
  5
19
330
17
100
AcDbEntity
  8
0
100
AcDbBlockEnd
  0
BLOCK
  5
1C
330
1B
100
AcDbEntity
 67
1
  8
0
100
AcDbBlockBegin
  2
*Paper_Space
 70
0
 10
0.0
 20
0.0
 30
0.0
  3
*Paper_Space
  1

  0
ENDBLK
  5
1D
330
1B
100
AcDbEntity
 67
1
  8
0
100
AcDbBlockEnd
  0
BLOCK
  5
75
330
74
100
AcDbEntity
  8
0
100
AcDbBlockBegin
  2
_ARCHTICK
 70
0
 10
0.0
 20
0.0
 30
0.0
  3
_ARCHTICK
  1

  0
LWPOLYLINE
  5
77
330
74
100
AcDbEntity
  8
0
  6
ByBlock
 62
0
390
20
100
AcDbPolyline
 90
2
 70
0
 43
0.15
 10
-0.5
 20
-0.5
 10
0.5
 20
0.5
  0
ENDBLK
  5
76
330
74
100
AcDbEntity
  8
0
100
AcDbBlockEnd
  0
BLOCK
  5
79
330
78
100
AcDbEntity
  8
0
100
AcDbBlockBegin
  2
_CLOSEDFILLED
 70
0
 10
0.0
 20
0.0
 30
0.0
  3
_CLOSEDFILLED
  1

  0
SOLID
  5
7B
330
78
100
AcDbEntity
  8
0
  6
ByBlock
 62
0
390
20
100
AcDbTrace
 10
-1.0
 20
0.1643989837240253
 30
0.0
 11
0.0
 21
0.0
 31
0.0
 12
-1.0
 22
-0.1643989837240253
 32
0.0
 13
-1.0
 23
-0.1643989837240253
 33
0.0
  0
ENDBLK
  5
7A
330
78
100
AcDbEntity
  8
0
100
AcDbBlockEnd
  0
BLOCK
  5
85
330
84
100
AcDbEntity
  8
0
100
AcDbBlockBegin
  2
_CLOSEDBLANK
 70
0
 10
0.0
 20
0.0
 30
0.0
  3
_CLOSEDBLANK
  1

  0
LWPOLYLINE
  5
87
330
84
100
AcDbEntity
  8
0
  6
ByBlock
 62
0
390
20
100
AcDbPolyline
 90
3
 70
1
 10
-1.0
 20
0.1643989837240253
 10
0.0
 20
0.0
 10
-1.0
 20
-0.1643989837240253
  0
ENDBLK
  5
86
330
84
100
AcDbEntity
  8
0
100
AcDbBlockEnd
  0
ENDSEC
  0
SECTION
  2
ENTITIES
  0
LWPOLYLINE
  5
A5
330
17
100
AcDbEntity
  8
BORDER_LIMITS
100
AcDbPolyline
 90
4
 70
1
 10
0.0
 20
0.0
 10
84.0
 20
0.0
 10
84.0
 20
59.4
 10
0.0
 20
59.4
  0
LWPOLYLINE
  5
A6
330
17
100
AcDbEntity
  8
DRAWING_BORDER
100
AcDbPolyline
 90
4
 70
1
 10
1.0
 20
1.0
 10
83.0
 20
1.0
 10
83.0
 20
58.4
 10
1.0
 20
58.4
  0
LINE
  5
A7
330
17
100
AcDbEntity
  8
FORMATO
100
AcDbLine
 10
83.0
 20
10.677
 30
0.0
 11
68.484
 21
10.677
 31
0.0
  0
LINE
  5
A8
330
17
100
AcDbEntity
  8
FORMATO
100
AcDbLine
 10
68.484
 20
1.0
 30
0.0
 11
68.484
 21
46.23199999999999
 31
0.0
  0
LINE
  5
A9
330
17
100
AcDbEntity
  8
FORMATO
100
AcDbLine
 10
68.484
 20
11.839
 30
0.0
 11
83.0
 21
11.839
 31
0.0
  0
LINE
  5
AA
330
17
100
AcDbEntity
  8
FORMATO
100
AcDbLine
 10
72.11299999999999
 20
11.839
 30
0.0
 11
72.11299999999999
 21
10.677
 31
0.0
  0
LINE
  5
AB
330
17
100
AcDbEntity
  8
FORMATO
100
AcDbLine
 10
79.371
 20
11.839
 30
0.0
 11
79.371
 21
10.677
 31
0.0
  0
LINE
  5
AC
330
17
100
AcDbEntity
  8
FORMATO
100
AcDbLine
 10
68.484
 20
10.677
 30
0.0
 11
83.0
 21
10.677
 31
0.0
  0
LINE
  5
AD
330
17
100
AcDbEntity
  8
FORMATO
100
AcDbLine
 10
68.484
 20
16.387
 30
0.0
 11
83.0
 21
16.387
 31
0.0
  0
LINE
  5
AE
330
17
100
AcDbEntity
  8
FORMATO
100
AcDbLine
 10
75.74199999999999
 20
11.839
 30
0.0
 11
75.74199999999999
 21
10.677
 31
0.0
  0
LINE
  5
AF
330
17
100
AcDbEntity
  8
FORMATO
100
AcDbLine
 10
83.0
 20
16.387
 30
0.0
 11
68.484
 21
16.387
 31
0.0
  0
LINE
  5
B0
330
17
100
AcDbEntity
  8
FORMATO
100
AcDbLine
 10
83.0
 20
13.29
 30
0.0
 11
68.484
 21
13.29
 31
0.0
  0
LINE
  5
B1
330
17
100
AcDbEntity
  8
FORMATO
100
AcDbLine
 10
83.0
 20
17.839
 30
0.0
 11
68.484
 21
17.839
 31
0.0
  0
LINE
  5
B2
330
17
100
AcDbEntity
  8
FORMATO
100
AcDbLine
 10
83.0
 20
19.774
 30
0.0
 11
68.484
 21
19.774
 31
0.0
  0
LINE
  5
B3
330
17
100
AcDbEntity
  8
FORMATO
100
AcDbLine
 10
83.0
 20
46.23199999999999
 30
0.0
 11
68.484
 21
46.23199999999999
 31
0.0
  0
LINE
  5
B4
330
17
100
AcDbEntity
  8
_DATEC
100
AcDbLine
 10
72.66799999999999
 20
14.671
 30
0.0
 11
77.383
 21
14.671
 31
0.0
  0
LINE
  5
B5
330
17
100
AcDbEntity
  8
FORMATO
100
AcDbLine
 10
72.307
 20
13.29
 30
0.0
 11
72.307
 21
16.387
 31
0.0
  0
LINE
  5
B6
330
17
100
AcDbEntity
  8
FORMATO
100
AcDbLine
 10
77.931
 20
13.29
 30
0.0
 11
77.931
 21
16.387
 31
0.0
  0
LINE
  5
B7
330
17
100
AcDbEntity
  8
_DATEC
100
AcDbLine
 10
78.214
 20
14.671
 30
0.0
 11
82.92999999999999
 21
14.671
 31
0.0
  0
LWPOLYLINE
  5
B8
330
17
100
AcDbEntity
  8
FORMATO
100
AcDbPolyline
 90
3
 70
0
 10
83.0
 20
19.774
 10
83.0
 20
1.0
 10
68.484
 20
1.0
  0
LINE
  5
B9
330
17
100
AcDbEntity
  8
FORMATO
100
AcDbLine
 10
83.484
 20
29.258
 30
0.0
 11
83.00399999999999
 21
29.258
 31
0.0
  0
TEXT
  5
BA
330
17
100
AcDbEntity
  8
_DATEC
100
AcDbText
 10
68.884
 20
10.17833333333333
 30
0.0
 40
0.16
  1
SELLOS MUNICIPALES:
  7
KUBIEC
 11
68.884
 21
10.125
 31
0.0
100
AcDbText
 73
1
  0
TEXT
  5
BB
330
17
100
AcDbEntity
  8
_DATEC
100
AcDbText
 10
79.585
 20
11.56133333333333
 30
0.0
 40
0.127
  1
PLANO Nº:
  7
KUBIEC
 11
79.585
 21
11.519
 31
0.0
100
AcDbText
 73
1
  0
TEXT
  5
BC
330
17
100
AcDbEntity
  8
_DATEC
100
AcDbText
 10
72.28699999999999
 20
11.56133333333333
 30
0.0
 40
0.127
  1
ESCALA:
  7
KUBIEC
 11
72.28699999999999
 21
11.519
 31
0.0
100
AcDbText
 73
1
  0
TEXT
  5
BD
330
17
100
AcDbEntity
  8
_DATEC
100
AcDbText
 10
75.88799999999999
 20
11.56133333333333
 30
0.0
 40
0.127
  1
FECHA:
  7
KUBIEC
 11
75.88799999999999
 21
11.519
 31
0.0
100
AcDbText
 73
1
  0
TEXT
  5
BE
330
17
100
AcDbEntity
  8
_DATEC
100
AcDbText
 10
68.547
 20
13.01533333333333
 30
0.0
 40
0.127
  1
PROPIETARIO:
  7
KUBIEC
 11
68.547
 21
12.973
 31
0.0
100
AcDbText
 73
1
  0
TEXT
  5
BF
330
17
100
AcDbEntity
  8
_DATEC
100
AcDbText
 10
68.585
 20
10.98733333333333
 30
0.0
 40
0.127
  1
MARCELO SEMBLANTES
  7
KUBIEC
 11
68.585
 21
10.945
 31
0.0
100
AcDbText
 73
1
  0
TEXT
  5
C0
330
17
100
AcDbEntity
  8
_DATEC
100
AcDbText
 10
72.597
 20
16.11033333333333
 30
0.0
 40
0.127
  1
DISEÑO ESTRUCTURAL:
  7
KUBIEC
 11
72.597
 21
16.068
 31
0.0
100
AcDbText
 73
1
  0
TEXT
  5
C1
330
17
100
AcDbEntity
  8
_DATEC
100
AcDbText
 10
73.69533333333332
 20
14.45333333333333
 30
0.0
 40
0.127
  1
ING. MARCELO SEMBLANTES V.
  7
KUBIEC
 72
1
 11
75.17699999999999
 21
14.411
 31
0.0
100
AcDbText
 73
1
  0
TEXT
  5
C2
330
17
100
AcDbEntity
  8
_DATEC
100
AcDbText
 10
74.0595
 20
14.15166666666667
 30
0.0
 40
0.113
  1
MAGÍSTER EN INGENIERÍA
  7
KUBIEC
 72
1
 11
75.133
 21
14.114
 31
0.0
100
AcDbText
 73
1
  0
TEXT
  5
C3
330
17
100
AcDbEntity
  8
_DATEC
100
AcDbText
 10
73.54092857142855
 20
13.53566666666667
 30
0.0
 40
0.113
  1
R. SENESCYT: 7402-R-16-28686
  7
KUBIEC
 72
1
 11
75.13099999999999
 21
13.498
 31
0.0
100
AcDbText
 73
1
  0
TEXT
  5
C4
330
17
100
AcDbEntity
  8
_DATEC
100
AcDbText
 10
73.94380952380952
 20
13.84466666666667
 30
0.0
 40
0.113
  1
ESTRUCTURAL Y GEOTECNIA
  7
KUBIEC
 72
1
 11
75.133
 21
13.807
 31
0.0
100
AcDbText
 73
1
  0
TEXT
  5
C5
330
17
100
AcDbEntity
  8
_DATEC
100
AcDbText
 10
78.14299999999999
 20
16.11033333333333
 30
0.0
 40
0.127
  1
REVISADO POR:
  7
KUBIEC
 11
78.14299999999999
 21
16.068
 31
0.0
100
AcDbText
 73
1
  0
TEXT
  5
C6
330
17
100
AcDbEntity
  8
_DATEC
100
AcDbText
 10
79.63442857142856
 20
14.45333333333333
 30
0.0
 40
0.127
  1
ING. HENRY VILLÓN B.
  7
KUBIEC
 72
1
 11
80.72299999999998
 21
14.411
 31
0.0
100
AcDbText
 73
1
  0
TEXT
  5
C7
330
17
100
AcDbEntity
  8
_DATEC
100
AcDbText
 10
79.65192857142857
 20
14.15166666666667
 30
0.0
 40
0.113
  1
MASTER EN CIENCIAS
  7
KUBIEC
 72
1
 11
80.564
 21
14.114
 31
0.0
100
AcDbText
 73
1
  0
TEXT
  5
C8
330
17
100
AcDbEntity
  8
_DATEC
100
AcDbText
 10
79.35088095238095
 20
13.53566666666667
 30
0.0
 40
0.113
  1
R. SENESCYT: 7241138502
  7
KUBIEC
 72
1
 11
80.532
 21
13.498
 31
0.0
100
AcDbText
 73
1
  0
TEXT
  5
C9
330
17
100
AcDbEntity
  8
_DATEC
100
AcDbText
 10
79.16495238095237
 20
13.84466666666667
 30
0.0
 40
0.113
  1
DE LA INGENIERIA ESTRUCTURAL
  7
KUBIEC
 72
1
 11
80.564
 21
13.807
 31
0.0
100
AcDbText
 73
1
  0
TEXT
  5
CA
330
17
100
AcDbEntity
  8
_DATEC
100
AcDbText
 10
68.62899999999999
 20
16.11033333333333
 30
0.0
 40
0.127
  1
CONTIENE:
  7
KUBIEC
 11
68.62899999999999
 21
16.068
 31
0.0
100
AcDbText
 73
1
  0
TEXT
  5
CB
330
17
100
AcDbEntity
  8
_DATEC
100
AcDbText
 10
74.69780952380952
 20
18.50466666666667
 30
0.0
 40
0.26
  1
CASA M-R
  7
KUBIEC
 72
1
 11
75.744
 21
18.418
 31
0.0
100
AcDbText
 73
1
  0
TEXT
  5
CC
330
17
100
AcDbEntity
  8
_DATEC
100
AcDbText
 10
76.544
 20
17.54033333333333
 30
0.0
 40
0.127
  1
CLAVE CATASTRAL: 20222-03-033
  7
KUBIEC
 11
76.544
 21
17.498
 31
0.0
100
AcDbText
 73
1
  0
TEXT
  5
CD
330
17
100
AcDbEntity
  8
_DATEC
100
AcDbText
 10
69.94399999999999
 20
17.11033333333333
 30
0.0
 40
0.127
  1
TUMBACO - QUITO - ECUADOR
  7
KUBIEC
 11
69.94399999999999
 21
17.068
 31
0.0
100
AcDbText
 73
1
  0
TEXT
  5
CE
330
17
100
AcDbEntity
  8
_DATEC
100
AcDbText
 10
68.514
 20
15.59033333333333
 30
0.0
 40
0.127
  1
- VISTA 3D DE LA ESTRUCTURA
  7
KUBIEC
 11
68.514
 21
15.548
 31
0.0
100
AcDbText
 73
1
  0
TEXT
  5
CF
330
17
100
AcDbEntity
  8
_DATEC
100
AcDbText
 10
68.514
 20
15.29033333333333
 30
0.0
 40
0.127
  1
  METALICA (SOLO PERFILES)
  7
KUBIEC
 11
68.514
 21
15.248
 31
0.0
100
AcDbText
 73
1
  0
TEXT
  5
D0
330
17
100
AcDbEntity
  8
_DATEC
100
AcDbText
 10
68.684
 20
12.34033333333333
 30
0.0
 40
0.127
  1
SR. ALFREDO MORA
  7
KUBIEC
 11
68.684
 21
12.298
 31
0.0
100
AcDbText
 73
1
  0
TEXT
  5
D1
330
17
100
AcDbEntity
  8
_DATEC
100
AcDbText
 10
74.0965238095238
 20
10.99033333333333
 30
0.0
 40
0.127
  1
1:100
  7
KUBIEC
 72
1
 11
74.28399999999999
 21
10.948
 31
0.0
100
AcDbText
 73
1
  0
TEXT
  5
D2
330
17
100
AcDbEntity
  8
_DATEC
100
AcDbText
 10
77.14295238095238
 20
10.99033333333333
 30
0.0
 40
0.127
  1
2026-10-05
  7
KUBIEC
 72
1
 11
77.78399999999999
 21
10.948
 31
0.0
100
AcDbText
 73
1
  0
TEXT
  5
D3
330
17
100
AcDbEntity
  8
_DATEC
100
AcDbText
 10
80.92395238095237
 20
10.99033333333333
 30
0.0
 40
0.127
  1
E-16
  7
KUBIEC
 72
1
 11
81.184
 21
10.948
 31
0.0
100
AcDbText
 73
1
  0
TEXT
  5
D4
330
17
100
AcDbEntity
  8
05-EST-TEXTO
100
AcDbText
 10
68.884
 20
45.89466666666667
 30
0.0
 40
0.14
  1
ESPECIFICACIONES GENERALES: NORMAS DE DISEÑO: NEC (NEC-SE-DS, NEC-SE-AC, NEC-SE-HM, NEC-SE-GC), ACI 318-19, AISC 360-16, AISC
  7
KUBIEC
 41
0.85
 11
68.884
 21
45.848
 31
0.0
100
AcDbText
 73
1
  0
TEXT
  5
D5
330
17
100
AcDbEntity
  8
05-EST-TEXTO
100
AcDbText
 10
68.884
 20
45.65216666666667
 30
0.0
 40
0.14
  1
341-16 Y AWS D1.1.
  7
KUBIEC
 41
0.85
 11
68.884
 21
45.6055
 31
0.0
100
AcDbText
 73
1
  0
TEXT
  5
D6
330
17
100
AcDbEntity
  8
05-EST-TEXTO
100
AcDbText
 10
68.884
 20
45.40966666666667
 30
0.0
 40
0.14
  1
MATERIALES: ACERO ESTRUCTURAL ASTM A572 Gr.50 fy = 3515 kg/cm2 (COLUMNAS CAJÓN Y VIGAS VK); ASTM A36 fy = 2530 kg/cm2 (TUBOS
  7
KUBIEC
 41
0.85
 11
68.884
 21
45.363
 31
0.0
100
AcDbText
 73
1
  0
TEXT
  5
D7
330
17
100
AcDbEntity
  8
05-EST-TEXTO
100
AcDbText
 10
68.884
 20
45.16716666666667
 30
0.0
 40
0.14
  1
[]100X100X3).
  7
KUBIEC
 41
0.85
 11
68.884
 21
45.1205
 31
0.0
100
AcDbText
 73
1
  0
TEXT
  5
D8
330
17
100
AcDbEntity
  8
05-EST-TEXTO
100
AcDbText
 10
68.884
 20
44.92466666666667
 30
0.0
 40
0.14
  1
HORMIGÓN ARMADO f'c = 280 kg/cm2; ACERO DE REFUERZO fy = 4200 kg/cm2. RELLENO DE COLUMNAS CAJÓN: HORMIGÓN f'c >= 210 kg/cm2.
  7
KUBIEC
 41
0.85
 11
68.884
 21
44.878
 31
0.0
100
AcDbText
 73
1
  0
TEXT
  5
D9
330
17
100
AcDbEntity
  8
05-EST-TEXTO
100
AcDbText
 10
68.884
 20
44.68216666666667
 30
0.0
 40
0.14
  1
NOTAS GENERALES: LAS MEDIDAS ESTÁN INDICADAS EN METROS (m), EXCEPTO DONDE SE INDIQUE LO CONTRARIO. LAS MEDIDAS PREVALECEN SOBRE
  7
KUBIEC
 41
0.85
 11
68.884
 21
44.6355
 31
0.0
100
AcDbText
 73
1
  0
TEXT
  5
DA
330
17
100
AcDbEntity
  8
05-EST-TEXTO
100
AcDbText
 10
68.884
 20
44.43966666666667
 30
0.0
 40
0.14
  1
LA ESCALA DEL DIBUJO.
  7
KUBIEC
 41
0.85
 11
68.884
 21
44.393
 31
0.0
100
AcDbText
 73
1
  0
TEXT
  5
DB
330
17
100
AcDbEntity
  8
05-EST-TEXTO
100
AcDbText
 10
68.884
 20
44.19716666666667
 30
0.0
 40
0.14
  1
LOS PLANOS ARQUITECTÓNICOS RIGEN SOBRE LOS ESTRUCTURALES EN CUANTO A TRAZO, DIMENSIONES Y NIVELES. CUALQUIER DISCREPANCIA DEBERÁ
  7
KUBIEC
 41
0.85
 11
68.884
 21
44.1505
 31
0.0
100
AcDbText
 73
1
  0
TEXT
  5
DC
330
17
100
AcDbEntity
  8
05-EST-TEXTO
100
AcDbText
 10
68.884
 20
43.95466666666666
 30
0.0
 40
0.14
  1
SER NOTIFICADA AL PROYECTISTA O SUPERVISOR.
  7
KUBIEC
 41
0.85
 11
68.884
 21
43.90799999999999
 31
0.0
100
AcDbText
 73
1
  0
TEXT
  5
DD
330
17
100
AcDbEntity
  8
05-EST-TEXTO
100
AcDbText
 10
68.884
 20
43.71216666666666
 30
0.0
 40
0.14
  1
SEGÚN ESTUDIO DE SUELOS GEO-2026-0915-193: CAPACIDAD ADMISIBLE qadm = 24.0 Ton/m2 (FS = 3.0); PROFUNDIDAD DE DESPLANTE Df >=
  7
KUBIEC
 41
0.85
 11
68.884
 21
43.66549999999999
 31
0.0
100
AcDbText
 73
1
  0
TEXT
  5
DE
330
17
100
AcDbEntity
  8
05-EST-TEXTO
100
AcDbText
 10
68.884
 20
43.46966666666666
 30
0.0
 40
0.14
  1
1.40 m MEDIDA DESDE EL NPT.
  7
KUBIEC
 41
0.85
 11
68.884
 21
43.42299999999999
 31
0.0
100
AcDbText
 73
1
  0
TEXT
  5
DF
330
17
100
AcDbEntity
  8
05-EST-TEXTO
100
AcDbText
 10
68.884
 20
43.22716666666668
 30
0.0
 40
0.14
  1
EL FONDO DE LA EXCAVACIÓN SE COMPACTARÁ MECÁNICAMENTE AL 95% DEL PROCTOR ESTÁNDAR, EN CAPAS DE GROSOR NO MAYOR A 20 cm.
  7
KUBIEC
 41
0.85
 11
68.884
 21
43.18050000000001
 31
0.0
100
AcDbText
 73
1
  0
TEXT
  5
E0
330
17
100
AcDbEntity
  8
05-EST-TEXTO
100
AcDbText
 10
68.884
 20
42.98466666666668
 30
0.0
 40
0.14
  1
REPLANTILLO DE HORMIGÓN POBRE e = 10 cm.
  7
KUBIEC
 41
0.85
 11
68.884
 21
42.93800000000001
 31
0.0
100
AcDbText
 73
1
  0
TEXT
  5
E1
330
17
100
AcDbEntity
  8
05-EST-TEXTO
100
AcDbText
 10
68.884
 20
42.74216666666668
 30
0.0
 40
0.14
  1
RECUBRIMIENTOS: ZAPATAS 7.5 cm; MUROS 4 cm. LOS TRASLAPES DE VARILLAS SERÁN CLASE B (ACI 318-19, 25.5.2) Y SE UBICARÁN FUERA DE
  7
KUBIEC
 41
0.85
 11
68.884
 21
42.69550000000001
 31
0.0
100
AcDbText
 73
1
  0
TEXT
  5
E2
330
17
100
AcDbEntity
  8
05-EST-TEXTO
100
AcDbText
 10
68.884
 20
42.49966666666668
 30
0.0
 40
0.14
  1
LOS NUDOS.
  7
KUBIEC
 41
0.85
 11
68.884
 21
42.45300000000001
 31
0.0
100
AcDbText
 73
1
  0
TEXT
  5
E3
330
17
100
AcDbEntity
  8
05-EST-TEXTO
100
AcDbText
 10
68.884
 20
42.25716666666668
 30
0.0
 40
0.14
  1
LOS DOBLECES DE LAS VARILLAS SE HARÁN ALREDEDOR DE UN PERNO CUYO DIÁMETRO MÍNIMO SERÁ DE 6 VECES EL DE LA VARILLA. LOS ESTRIBOS
  7
KUBIEC
 41
0.85
 11
68.884
 21
42.21050000000001
 31
0.0
100
AcDbText
 73
1
  0
TEXT
  5
E4
330
17
100
AcDbEntity
  8
05-EST-TEXTO
100
AcDbText
 10
68.884
 20
42.01466666666668
 30
0.0
 40
0.14
  1
SE REMATARÁN CON GANCHOS A 135° Y LONGITUD MÍNIMA DE 6 db O 7.5 cm. EL PRIMER Y ÚLTIMO ESTRIBO EN UNA VIGA O COLUMNA SE COLOCARÁ
  7
KUBIEC
 41
0.85
 11
68.884
 21
41.96800000000001
 31
0.0
100
AcDbText
 73
1
  0
TEXT
  5
E5
330
17
100
AcDbEntity
  8
05-EST-TEXTO
100
AcDbText
 10
68.884
 20
41.77216666666667
 30
0.0
 40
0.14
  1
A 5 cm DE LA CARA DEL ELEMENTO.
  7
KUBIEC
 41
0.85
 11
68.884
 21
41.7255
 31
0.0
100
AcDbText
 73
1
  0
TEXT
  5
E6
330
17
100
AcDbEntity
  8
05-EST-TEXTO
100
AcDbText
 10
68.884
 20
41.52966666666667
 30
0.0
 40
0.14
  1
EL HORMIGÓN SERÁ VIBRADO POR MEDIOS MECÁNICOS Y CURADO POR CUALQUIER MÉTODO QUE GARANTICE ALCANZAR LA RESISTENCIA DE DISEÑO.
  7
KUBIEC
 41
0.85
 11
68.884
 21
41.483
 31
0.0
100
AcDbText
 73
1
  0
TEXT
  5
E7
330
17
100
AcDbEntity
  8
05-EST-TEXTO
100
AcDbText
 10
68.884
 20
41.28716666666667
 30
0.0
 40
0.14
  1
LOS ELEMENTOS ESTRUCTURALES BAJO NINGÚN CONCEPTO SERÁN ATRAVESADOS POR TUBOS DE INSTALACIONES. LAS PERFORACIONES PARA LAS
  7
KUBIEC
 41
0.85
 11
68.884
 21
41.2405
 31
0.0
100
AcDbText
 73
1
  0
TEXT
  5
E8
330
17
100
AcDbEntity
  8
05-EST-TEXTO
100
AcDbText
 10
68.884
 20
41.04466666666667
 30
0.0
 40
0.14
  1
VARILLAS DE ANCLAJE DE LAS PLACAS DEBERÁN SER REALIZADAS CON TALADRO, SE PROHÍBE HACER O AMPLIAR ESTAS PERFORACIONES CON
  7
KUBIEC
 41
0.85
 11
68.884
 21
40.998
 31
0.0
100
AcDbText
 73
1
  0
TEXT
  5
E9
330
17
100
AcDbEntity
  8
05-EST-TEXTO
100
AcDbText
 10
68.884
 20
40.80216666666667
 30
0.0
 40
0.14
  1
OXICORTE.
  7
KUBIEC
 41
0.85
 11
68.884
 21
40.7555
 31
0.0
100
AcDbText
 73
1
  0
TEXT
  5
3A1
330
17
100
AcDbEntity
  8
E_TITULO
100
AcDbText
 10
3.0
 20
56.4
 30
0.0
 40
0.3
  1
VISTA 3D DE LA ESTRUCTURA METALICA (SOLO PERFILES, SIN LOSAS NI MUROS)
  7
KUBIEC
 11
3.0
 21
56.4
 31
0.0
100
AcDbText
  0
LINE
  5
3A2
330
17
100
AcDbEntity
  8
E_VIGAS_ACERO
100
AcDbLine
 10
38.799142535728166
 20
48.68925171519348
 30
0.0
 11
42.65134547712972
 21
47.42292656784847
 31
0.0
  0
LINE
  5
3A3
330
17
100
AcDbEntity
  8
E_ARMADO
100
AcDbLine
 10
50.042631613072885
 20
46.87984045761762
 30
0.0
 11
50.04263161307287
 21
50.510060482743555
 31
0.0
  0
LINE
  5
3A4
330
17
100
AcDbEntity
  8
E_VIGAS_ACERO
100
AcDbLine
 10
42.65134547712972
 20
47.42292656784847
 30
0.0
 11
48.15449253627479
 21
45.61389064306989
 31
0.0
  0
LINE
  5
3A5
330
17
100
AcDbEntity
  8
E_VIGAS_ACERO
100
AcDbLine
 10
35.33113198650719
 20
46.36403777010581
 30
0.0
 11
39.183334927908746
 21
45.097712622760795
 31
0.0
  0
LINE
  5
3A6
330
17
100
AcDbEntity
  8
E_VIGAS_ACERO
100
AcDbLine
 10
39.183334927908746
 20
45.097712622760795
 30
0.0
 11
44.68648198705381
 21
43.28867669798221
 31
0.0
  0
LINE
  5
3A7
330
17
100
AcDbEntity
  8
E_COLUMNAS
100
AcDbLine
 10
38.799142535728166
 20
45.05903169006755
 30
0.0
 11
38.799142535728166
 21
48.68925171519348
 31
0.0
  0
LINE
  5
3A8
330
17
100
AcDbEntity
  8
E_ARMADO
100
AcDbLine
 10
28.74191194298733
 20
41.946131274439225
 30
0.0
 11
30.062667237182147
 21
41.511962652492365
 31
0.0
  0
LINE
  5
3A9
330
17
100
AcDbEntity
  8
E_COLUMNAS
100
AcDbLine
 10
42.65134547712972
 20
43.79270654272254
 30
0.0
 11
42.65134547712972
 21
47.42292656784847
 31
0.0
  0
LINE
  5
3AA
330
17
100
AcDbEntity
  8
E_COLUMNAS
100
AcDbLine
 10
42.65134547712972
 20
47.42292656784847
 30
0.0
 11
42.65134547712972
 21
51.05314659297441
 31
0.0
  0
LINE
  5
3AB
330
17
100
AcDbEntity
  8
E_COLUMNAS
100
AcDbLine
 10
35.33113198650719
 20
42.73381774497987
 30
0.0
 11
35.33113198650719
 21
46.36403777010581
 31
0.0
  0
LINE
  5
3AC
330
17
100
AcDbEntity
  8
E_ARMADO_FINO
100
AcDbLine
 10
45.23679669296832
 20
46.73799313063029
 30
0.0
 11
44.68648198705381
 21
46.91889672310815
 31
0.0
  0
LINE
  5
3AD
330
17
100
AcDbEntity
  8
E_COLUMNAS
100
AcDbLine
 10
39.183334927908746
 20
41.467492597634866
 30
0.0
 11
39.183334927908746
 21
45.097712622760795
 31
0.0
  0
LINE
  5
3AE
330
17
100
AcDbEntity
  8
E_COLUMNAS
100
AcDbLine
 10
39.183334927908746
 20
45.097712622760795
 30
0.0
 11
39.183334927908746
 21
48.72793264788673
 31
0.0
  0
LINE
  5
3AF
330
17
100
AcDbEntity
  8
E_COLUMNAS
100
AcDbLine
 10
31.86312143728621
 20
40.4086037998922
 30
0.0
 11
31.86312143728621
 21
44.038823825018135
 31
0.0
  0
LINE
  5
3B0
330
17
100
AcDbEntity
  8
E_ARMADO_FINO
100
AcDbLine
 10
50.04263161307287
 20
50.510060482743555
 30
0.0
 11
50.59294631898739
 21
50.32915689026569
 31
0.0
  0
LINE
  5
3B1
330
17
100
AcDbEntity
  8
E_COLUMNAS
100
AcDbLine
 10
35.71532437868777
 20
39.14227865254719
 30
0.0
 11
35.71532437868777
 21
42.77249867767313
 31
0.0
  0
LINE
  5
3B2
330
17
100
AcDbEntity
  8
E_COLUMNAS
100
AcDbLine
 10
35.71532437868777
 20
42.77249867767313
 30
0.0
 11
35.71532437868777
 21
46.402718702799056
 31
0.0
  0
LINE
  5
3B3
330
17
100
AcDbEntity
  8
E_COLUMNAS
100
AcDbLine
 10
28.395110888065233
 20
38.08338985480452
 30
0.0
 11
28.395110888065233
 21
41.71360987993046
 31
0.0
  0
LINE
  5
3B4
330
17
100
AcDbEntity
  8
E_ARMADO_FINO
100
AcDbLine
 10
48.70480724218929
 20
49.06320707571796
 30
0.0
 11
48.15449253627479
 21
49.244110668195816
 31
0.0
  0
LINE
  5
3B5
330
17
100
AcDbEntity
  8
E_COLUMNAS
100
AcDbLine
 10
32.24731382946678
 20
36.817064707459515
 30
0.0
 11
32.24731382946678
 21
40.447284732585445
 31
0.0
  0
LINE
  5
3B6
330
17
100
AcDbEntity
  8
E_COLUMNAS
100
AcDbLine
 10
32.24731382946678
 20
40.447284732585445
 30
0.0
 11
32.24731382946678
 21
44.07750475771138
 31
0.0
  0
LINE
  5
3B7
330
17
100
AcDbEntity
  8
E_COLUMNAS
100
AcDbLine
 10
24.927100338844255
 20
35.75817590971685
 30
0.0
 11
24.927100338844255
 21
39.388395934842784
 31
0.0
  0
LINE
  5
3B8
330
17
100
AcDbEntity
  8
E_ARMADO_FINO
100
AcDbLine
 10
45.23679669296832
 20
46.73799313063029
 30
0.0
 11
41.76878614374734
 21
44.41277918554261
 31
0.0
  0
LINE
  5
3B9
330
17
100
AcDbEntity
  8
E_COLUMNAS
100
AcDbLine
 10
28.779303280245806
 20
34.49185076237184
 30
0.0
 11
28.779303280245806
 21
38.122070787497776
 31
0.0
  0
LINE
  5
3BA
330
17
100
AcDbEntity
  8
E_COLUMNAS
100
AcDbLine
 10
28.779303280245806
 20
38.122070787497776
 30
0.0
 11
28.779303280245806
 21
41.75229081262371
 31
0.0
  0
LINE
  5
3BB
330
17
100
AcDbEntity
  8
E_COLUMNAS
100
AcDbLine
 10
33.18387673148103
 20
39.97443517794534
 30
0.0
 11
33.18387673148103
 21
43.604655203071275
 31
0.0
  0
LINE
  5
3BC
330
17
100
AcDbEntity
  8
E_COLUMNAS
100
AcDbLine
 10
33.18387673148103
 20
43.604655203071275
 30
0.0
 11
33.18387673148103
 21
47.23487522819721
 31
0.0
  0
LINE
  5
3BD
330
17
100
AcDbEntity
  8
E_COLUMNAS
100
AcDbLine
 10
29.71586618226005
 20
37.64922123285766
 30
0.0
 11
29.71586618226005
 21
41.2794412579836
 31
0.0
  0
LINE
  5
3BE
330
17
100
AcDbEntity
  8
E_COLUMNAS
100
AcDbLine
 10
29.71586618226005
 20
41.2794412579836
 30
0.0
 11
29.71586618226005
 21
44.90966128310953
 31
0.0
  0
LINE
  5
3BF
330
17
100
AcDbEntity
  8
E_COLUMNAS
100
AcDbLine
 10
26.247855633039073
 20
35.32400728776999
 30
0.0
 11
26.247855633039073
 21
38.954227312895924
 31
0.0
  0
LINE
  5
3C0
330
17
100
AcDbEntity
  8
E_COLUMNAS
100
AcDbLine
 10
26.247855633039073
 20
38.954227312895924
 30
0.0
 11
26.247855633039073
 21
42.58444733802186
 31
0.0
  0
LINE
  5
3C1
330
17
100
AcDbEntity
  8
E_COLUMNAS
100
AcDbLine
 10
48.15449253627479
 20
45.61389064306989
 30
0.0
 11
48.15449253627479
 21
49.244110668195816
 31
0.0
  0
LINE
  5
3C2
330
17
100
AcDbEntity
  8
E_VIGAS_ACERO
100
AcDbLine
 10
31.86312143728621
 20
44.038823825018135
 30
0.0
 11
33.18387673148103
 21
43.604655203071275
 31
0.0
  0
LINE
  5
3C3
330
17
100
AcDbEntity
  8
E_COLUMNAS
100
AcDbLine
 10
44.68648198705381
 20
43.28867669798221
 30
0.0
 11
44.68648198705381
 21
46.91889672310815
 31
0.0
  0
LINE
  5
3C4
330
17
100
AcDbEntity
  8
E_VIGAS_ACERO
100
AcDbLine
 10
33.18387673148103
 20
43.604655203071275
 30
0.0
 11
35.71532437868777
 21
42.77249867767313
 31
0.0
  0
LINE
  5
3C5
330
17
100
AcDbEntity
  8
E_COLUMNAS
100
AcDbLine
 10
41.21847143783283
 20
40.963462752894536
 30
0.0
 11
41.21847143783283
 21
44.59368277802047
 31
0.0
  0
LINE
  5
3C6
330
17
100
AcDbEntity
  8
E_VIGAS_ACERO
100
AcDbLine
 10
35.71532437868777
 20
42.77249867767313
 30
0.0
 11
41.21847143783283
 21
40.963462752894536
 31
0.0
  0
LINE
  5
3C7
330
17
100
AcDbEntity
  8
E_COLUMNAS
100
AcDbLine
 10
37.750460888611855
 20
38.63824880780686
 30
0.0
 11
37.750460888611855
 21
42.2684688329328
 31
0.0
  0
LINE
  5
3C8
330
17
100
AcDbEntity
  8
E_ARMADO_FINO
100
AcDbLine
 10
45.23679669296832
 20
46.73799313063029
 30
0.0
 11
48.70480724218929
 21
49.06320707571796
 31
0.0
  0
LINE
  5
3C9
330
17
100
AcDbEntity
  8
E_COLUMNAS
100
AcDbLine
 10
34.28245033939088
 20
36.313034862719185
 30
0.0
 11
34.28245033939088
 21
39.94325488784512
 31
0.0
  0
LINE
  5
3CA
330
17
100
AcDbEntity
  8
E_ARMADO_FINO
100
AcDbLine
 10
48.70480724218929
 20
49.06320707571796
 30
0.0
 11
50.59294631898739
 21
50.32915689026569
 31
0.0
  0
LINE
  5
3CB
330
17
100
AcDbEntity
  8
E_ARMADO_FINO
100
AcDbLine
 10
41.76878614374734
 20
44.41277918554261
 30
0.0
 11
41.21847143783283
 21
44.59368277802047
 31
0.0
  0
LINE
  5
3CC
330
17
100
AcDbEntity
  8
E_VIGAS_ACERO
100
AcDbLine
 10
28.395110888065233
 20
41.71360987993046
 30
0.0
 11
29.71586618226005
 21
41.2794412579836
 31
0.0
  0
LINE
  5
3CD
330
17
100
AcDbEntity
  8
E_VIGAS_ACERO
100
AcDbLine
 10
29.71586618226005
 20
41.2794412579836
 30
0.0
 11
32.24731382946678
 21
40.447284732585445
 31
0.0
  0
LINE
  5
3CE
330
17
100
AcDbEntity
  8
E_VIGAS_ACERO
100
AcDbLine
 10
24.927100338844255
 20
39.388395934842784
 30
0.0
 11
26.247855633039073
 21
38.954227312895924
 31
0.0
  0
LINE
  5
3CF
330
17
100
AcDbEntity
  8
E_VIGAS_ACERO
100
AcDbLine
 10
26.247855633039073
 20
38.954227312895924
 30
0.0
 11
28.779303280245806
 21
38.122070787497776
 31
0.0
  0
LINE
  5
3D0
330
17
100
AcDbEntity
  8
E_VIGAS_ACERO
100
AcDbLine
 10
28.779303280245806
 20
38.122070787497776
 30
0.0
 11
29.21955504497741
 21
37.97734791351549
 31
0.0
  0
LINE
  5
3D1
330
17
100
AcDbEntity
  8
E_VIGAS_ACERO
100
AcDbLine
 10
32.24731382946678
 20
40.447284732585445
 30
0.0
 11
32.68756559419839
 21
40.30256185860316
 31
0.0
  0
LINE
  5
3D2
330
17
100
AcDbEntity
  8
E_VIGAS_ACERO
100
AcDbLine
 10
24.927100338844255
 20
39.388395934842784
 30
0.0
 11
23.539896119155863
 21
38.458310356807715
 31
0.0
  0
LINE
  5
3D3
330
17
100
AcDbEntity
  8
E_VIGAS_ACERO
100
AcDbLine
 10
26.247855633039073
 20
38.954227312895924
 30
0.0
 11
24.860651413350684
 21
38.024141734860855
 31
0.0
  0
LINE
  5
3D4
330
17
100
AcDbEntity
  8
E_VIGAS_ACERO
100
AcDbLine
 10
28.779303280245806
 20
38.122070787497776
 30
0.0
 11
27.392099060557417
 21
37.19198520946271
 31
0.0
  0
LINE
  5
3D5
330
17
100
AcDbEntity
  8
E_VIGAS_ACERO
100
AcDbLine
 10
24.927100338844255
 20
39.388395934842784
 30
0.0
 11
23.826470927015244
 21
39.7502031197985
 31
0.0
  0
LINE
  5
3D6
330
17
100
AcDbEntity
  8
E_VIGAS_ACERO
100
AcDbLine
 10
28.395110888065233
 20
41.71360987993046
 30
0.0
 11
27.29448147623622
 21
42.075417064886175
 31
0.0
  0
LINE
  5
3D7
330
17
100
AcDbEntity
  8
E_VIGAS_ACERO
100
AcDbLine
 10
24.927100338844255
 20
39.388395934842784
 30
0.0
 11
28.395110888065233
 21
41.71360987993046
 31
0.0
  0
LINE
  5
3D8
330
17
100
AcDbEntity
  8
E_VIGAS_ACERO
100
AcDbLine
 10
28.395110888065233
 20
41.71360987993046
 30
0.0
 11
31.86312143728621
 21
44.038823825018135
 31
0.0
  0
LINE
  5
3D9
330
17
100
AcDbEntity
  8
E_VIGAS_ACERO
100
AcDbLine
 10
31.86312143728621
 20
44.038823825018135
 30
0.0
 11
35.33113198650719
 21
46.36403777010581
 31
0.0
  0
LINE
  5
3DA
330
17
100
AcDbEntity
  8
E_VIGAS_ACERO
100
AcDbLine
 10
35.33113198650719
 20
46.36403777010581
 30
0.0
 11
38.799142535728166
 21
48.68925171519348
 31
0.0
  0
LINE
  5
3DB
330
17
100
AcDbEntity
  8
E_VIGAS_ACERO
100
AcDbLine
 10
28.779303280245806
 20
38.122070787497776
 30
0.0
 11
32.24731382946678
 21
40.447284732585445
 31
0.0
  0
LINE
  5
3DC
330
17
100
AcDbEntity
  8
E_VIGAS_ACERO
100
AcDbLine
 10
32.24731382946678
 20
40.447284732585445
 30
0.0
 11
35.71532437868777
 21
42.77249867767313
 31
0.0
  0
LINE
  5
3DD
330
17
100
AcDbEntity
  8
E_VIGAS_ACERO
100
AcDbLine
 10
35.71532437868777
 20
42.77249867767313
 30
0.0
 11
39.183334927908746
 21
45.097712622760795
 31
0.0
  0
LINE
  5
3DE
330
17
100
AcDbEntity
  8
E_VIGAS_ACERO
100
AcDbLine
 10
39.183334927908746
 20
45.097712622760795
 30
0.0
 11
42.65134547712972
 21
47.42292656784847
 31
0.0
  0
LINE
  5
3DF
330
17
100
AcDbEntity
  8
E_VIGAS_ACERO
100
AcDbLine
 10
31.86312143728621
 20
44.038823825018135
 30
0.0
 11
30.7624920254572
 21
44.40063100997385
 31
0.0
  0
LINE
  5
3E0
330
17
100
AcDbEntity
  8
E_VIGAS_ACERO
100
AcDbLine
 10
35.33113198650719
 20
46.36403777010581
 30
0.0
 11
34.23050257467818
 21
46.725844955061525
 31
0.0
  0
LINE
  5
3E1
330
17
100
AcDbEntity
  8
E_VIGAS_ACERO
100
AcDbLine
 10
38.799142535728166
 20
48.68925171519348
 30
0.0
 11
37.698513123899154
 21
49.0510589001492
 31
0.0
  0
LINE
  5
3E2
330
17
100
AcDbEntity
  8
E_ARMADO_FINO
100
AcDbLine
 10
41.76878614374734
 20
44.41277918554261
 30
0.0
 11
39.456779110933354
 21
42.862636555484166
 31
0.0
  0
LINE
  5
3E3
330
17
100
AcDbEntity
  8
E_VIGAS_ACERO
100
AcDbLine
 10
42.65134547712972
 20
47.42292656784847
 30
0.0
 11
44.53948455392781
 21
48.6888763823962
 31
0.0
  0
LINE
  5
3E4
330
17
100
AcDbEntity
  8
E_ARMADO_FINO
100
AcDbLine
 10
22.43926670732685
 20
38.82011754176343
 30
0.0
 11
23.826470927015244
 21
39.7502031197985
 31
0.0
  0
LINE
  5
3E5
330
17
100
AcDbEntity
  8
E_ARMADO_FINO
100
AcDbLine
 10
23.826470927015244
 20
39.7502031197985
 30
0.0
 11
27.29448147623622
 21
42.075417064886175
 31
0.0
  0
LINE
  5
3E6
330
17
100
AcDbEntity
  8
E_ARMADO_FINO
100
AcDbLine
 10
27.29448147623622
 20
42.075417064886175
 30
0.0
 11
30.7624920254572
 21
44.40063100997385
 31
0.0
  0
LINE
  5
3E7
330
17
100
AcDbEntity
  8
E_ARMADO_FINO
100
AcDbLine
 10
30.7624920254572
 20
44.40063100997385
 30
0.0
 11
34.23050257467818
 21
46.725844955061525
 31
0.0
  0
LINE
  5
3E8
330
17
100
AcDbEntity
  8
E_ARMADO_FINO
100
AcDbLine
 10
34.23050257467818
 20
46.725844955061525
 30
0.0
 11
37.698513123899154
 21
49.0510589001492
 31
0.0
  0
LINE
  5
3E9
330
17
100
AcDbEntity
  8
E_ARMADO
100
AcDbLine
 10
33.13358319204548
 20
44.67172609923379
 30
0.0
 11
31.86785936844211
 21
45.08780436193286
 31
0.0
  0
LINE
  5
3EA
330
17
100
AcDbEntity
  8
E_VIGAS_ACERO
100
AcDbLine
 10
44.53948455392781
 20
48.6888763823962
 30
0.0
 11
50.042631613072885
 21
46.87984045761762
 31
0.0
  0
LINE
  5
3EB
330
17
100
AcDbEntity
  8
E_VIGAS_ACERO
100
AcDbLine
 10
26.247855633039073
 20
38.954227312895924
 30
0.0
 11
29.71586618226005
 21
41.2794412579836
 31
0.0
  0
LINE
  5
3EC
330
17
100
AcDbEntity
  8
E_ARMADO_FINO
100
AcDbLine
 10
29.71586618226005
 20
41.2794412579836
 30
0.0
 11
33.18387673148103
 21
43.604655203071275
 31
0.0
  0
LINE
  5
3ED
330
17
100
AcDbEntity
  8
E_ARMADO
100
AcDbLine
 10
33.13358319204548
 20
41.04150607410786
 30
0.0
 11
31.86785936844211
 21
41.45758433680693
 31
0.0
  0
LINE
  5
3EE
330
17
100
AcDbEntity
  8
E_ARMADO_FINO
100
AcDbLine
 10
25.04041646390811
 20
35.39633069658679
 30
0.0
 11
22.453937346109925
 21
36.24657758123273
 31
0.0
  0
LINE
  5
3EF
330
17
100
AcDbEntity
  8
E_ARMADO_FINO
100
AcDbLine
 10
30.981590005863417
 20
40.863362995284525
 30
0.0
 11
34.449600555084395
 21
43.1885769403722
 31
0.0
  0
LINE
  5
3F0
330
17
100
AcDbEntity
  8
E_ARMADO_FINO
100
AcDbLine
 10
34.54409758907794
 20
40.15430128367095
 30
0.0
 11
37.54970673173612
 21
42.16948670274692
 31
0.0
  0
LINE
  5
3F1
330
17
100
AcDbEntity
  8
E_ARMADO_FINO
100
AcDbLine
 10
36.3784799421263
 20
39.55128930874475
 30
0.0
 11
39.38408908478448
 21
41.56647472782073
 31
0.0
  0
LINE
  5
3F2
330
17
100
AcDbEntity
  8
E_ARMADO_FINO
100
AcDbLine
 10
37.54970673173612
 20
42.16948670274692
 30
0.0
 11
41.0177172809571
 21
44.4947006478346
 31
0.0
  0
LINE
  5
3F3
330
17
100
AcDbEntity
  8
E_ARMADO_FINO
100
AcDbLine
 10
39.38408908478448
 20
41.56647472782073
 30
0.0
 11
42.852099634005455
 21
43.89168867290841
 31
0.0
  0
LINE
  5
3F4
330
17
100
AcDbEntity
  8
E_ARMADO_FINO
100
AcDbLine
 10
33.14718908442006
 20
43.6167154425698
 30
0.0
 11
36.61519963364104
 21
45.94192938765747
 31
0.0
  0
LINE
  5
3F5
330
17
100
AcDbEntity
  8
E_ARMADO_FINO
100
AcDbLine
 10
34.43125673155391
 20
43.19460706012146
 30
0.0
 11
37.899267280774886
 21
45.51982100520914
 31
0.0
  0
LINE
  5
3F6
330
17
100
AcDbEntity
  8
E_ARMADO_FINO
100
AcDbLine
 10
36.61519963364104
 20
45.94192938765747
 30
0.0
 11
40.083210182862004
 21
48.26714333274515
 31
0.0
  0
LINE
  5
3F7
330
17
100
AcDbEntity
  8
E_ARMADO_FINO
100
AcDbLine
 10
37.899267280774886
 20
45.51982100520914
 30
0.0
 11
41.367277829995864
 21
47.84503495029681
 31
0.0
  0
LINE
  5
3F8
330
17
100
AcDbEntity
  8
E_ARMADO_FINO
100
AcDbLine
 10
41.0177172809571
 20
44.4947006478346
 30
0.0
 11
44.48572783017808
 21
46.819914592922274
 31
0.0
  0
LINE
  5
3F9
330
17
100
AcDbEntity
  8
E_ARMADO_FINO
100
AcDbLine
 10
42.852099634005455
 20
43.89168867290841
 30
0.0
 11
46.32011018322643
 21
46.216902617996084
 31
0.0
  0
LINE
  5
3FA
330
17
100
AcDbEntity
  8
E_ARMADO_FINO
100
AcDbLine
 10
44.48572783017808
 20
46.819914592922274
 30
0.0
 11
46.37386690697616
 21
48.08586440747001
 31
0.0
  0
LINE
  5
3FB
330
17
100
AcDbEntity
  8
E_ARMADO_FINO
100
AcDbLine
 10
46.32011018322643
 20
46.216902617996084
 30
0.0
 11
48.208249260024516
 21
47.482852432543815
 31
0.0
  0
LINE
  5
3FC
330
17
100
AcDbEntity
  8
E_ARMADO_FINO
100
AcDbLine
 10
27.24972534725847
 20
39.625955785921256
 30
0.0
 11
29.7811729944652
 21
38.7937992605231
 31
0.0
  0
LINE
  5
3FD
330
17
100
AcDbEntity
  8
E_ARMADO_FINO
100
AcDbLine
 10
29.7811729944652
 20
38.7937992605231
 30
0.0
 11
30.221424759196807
 21
38.64907638654081
 31
0.0
  0
LINE
  5
3FE
330
17
100
AcDbEntity
  8
E_ARMADO_FINO
100
AcDbLine
 10
33.149967000761194
 20
40.612590384614855
 30
0.0
 11
32.70971523602958
 21
40.75731325859714
 31
0.0
  0
LINE
  5
3FF
330
17
100
AcDbEntity
  8
E_ARMADO_FINO
100
AcDbLine
 10
42.65134547712972
 20
51.05314659297441
 30
0.0
 11
44.53948455392781
 21
52.31909640752214
 31
0.0
  0
LINE
  5
400
330
17
100
AcDbEntity
  8
E_ARMADO_FINO
100
AcDbLine
 10
44.53948455392781
 20
52.31909640752214
 30
0.0
 11
50.04263161307287
 21
50.510060482743555
 31
0.0
  0
LINE
  5
401
330
17
100
AcDbEntity
  8
E_ARMADO_FINO
100
AcDbLine
 10
50.04263161307287
 20
50.510060482743555
 30
0.0
 11
48.15449253627479
 21
49.244110668195816
 31
0.0
  0
LINE
  5
402
330
17
100
AcDbEntity
  8
E_VIGAS_ACERO
100
AcDbLine
 10
42.65134547712972
 20
51.05314659297441
 30
0.0
 11
48.15449253627479
 21
49.244110668195816
 31
0.0
  0
LINE
  5
403
330
17
100
AcDbEntity
  8
E_VIGAS_ACERO
100
AcDbLine
 10
35.71532437868777
 20
46.402718702799056
 30
0.0
 11
39.183334927908746
 21
48.72793264788673
 31
0.0
  0
LINE
  5
404
330
17
100
AcDbEntity
  8
E_VIGAS_ACERO
100
AcDbLine
 10
39.183334927908746
 20
48.72793264788673
 30
0.0
 11
42.65134547712972
 21
51.05314659297441
 31
0.0
  0
LINE
  5
405
330
17
100
AcDbEntity
  8
E_VIGAS_ACERO
100
AcDbLine
 10
33.18387673148103
 20
47.23487522819721
 30
0.0
 11
35.71532437868777
 21
46.402718702799056
 31
0.0
  0
LINE
  5
406
330
17
100
AcDbEntity
  8
E_ARMADO_FINO
100
AcDbLine
 10
26.1578865297682
 20
36.14556630111504
 30
0.0
 11
23.571407411970018
 21
36.99581318576097
 31
0.0
  0
LINE
  5
407
330
17
100
AcDbEntity
  8
E_VIGAS_ACERO
100
AcDbLine
 10
29.71586618226005
 20
44.90966128310953
 30
0.0
 11
33.18387673148103
 21
47.23487522819721
 31
0.0
  0
LINE
  5
408
330
17
100
AcDbEntity
  8
E_VIGAS_ACERO
100
AcDbLine
 10
26.247855633039073
 20
42.58444733802186
 30
0.0
 11
29.71586618226005
 21
44.90966128310953
 31
0.0
  0
LINE
  5
409
330
17
100
AcDbEntity
  8
E_VIGAS_ACERO
100
AcDbLine
 10
26.247855633039073
 20
42.58444733802186
 30
0.0
 11
28.779303280245806
 21
41.75229081262371
 31
0.0
  0
LINE
  5
40A
330
17
100
AcDbEntity
  8
E_VIGAS_ACERO
100
AcDbLine
 10
28.779303280245806
 20
41.75229081262371
 30
0.0
 11
34.28245033939088
 21
39.94325488784512
 31
0.0
  0
LINE
  5
40B
330
17
100
AcDbEntity
  8
E_VIGAS_ACERO
100
AcDbLine
 10
34.28245033939088
 20
39.94325488784512
 30
0.0
 11
38.18968475138388
 21
38.65883938125233
 31
0.0
  0
LINE
  5
40C
330
17
100
AcDbEntity
  8
E_VIGAS_ACERO
100
AcDbLine
 10
38.18968475138388
 20
38.65883938125233
 30
0.0
 11
40.50100651622481
 21
37.89904429284532
 31
0.0
  0
LINE
  5
40D
330
17
100
AcDbEntity
  8
E_VIGAS_ACERO
100
AcDbLine
 10
40.50100651622481
 20
37.89904429284532
 30
0.0
 11
44.40824092821781
 21
36.614628786252524
 31
0.0
  0
LINE
  5
40E
330
17
100
AcDbEntity
  8
E_VIGAS_ACERO
100
AcDbLine
 10
44.40824092821781
 20
36.614628786252524
 30
0.0
 11
46.71956269305874
 21
35.854833697845514
 31
0.0
  0
LINE
  5
40F
330
17
100
AcDbEntity
  8
E_VIGAS_ACERO
100
AcDbLine
 10
29.71586618226005
 20
44.90966128310953
 30
0.0
 11
32.24731382946678
 21
44.07750475771138
 31
0.0
  0
LINE
  5
410
330
17
100
AcDbEntity
  8
E_VIGAS_ACERO
100
AcDbLine
 10
32.24731382946678
 20
44.07750475771138
 30
0.0
 11
37.750460888611855
 21
42.2684688329328
 31
0.0
  0
LINE
  5
411
330
17
100
AcDbEntity
  8
E_VIGAS_ACERO
100
AcDbLine
 10
37.750460888611855
 20
42.2684688329328
 30
0.0
 11
41.65769530060486
 21
40.98405332634
 31
0.0
  0
LINE
  5
412
330
17
100
AcDbEntity
  8
E_VIGAS_ACERO
100
AcDbLine
 10
41.65769530060486
 20
40.98405332634
 30
0.0
 11
43.96901706544579
 21
40.22425823793299
 31
0.0
  0
LINE
  5
413
330
17
100
AcDbEntity
  8
E_VIGAS_ACERO
100
AcDbLine
 10
43.96901706544579
 20
40.22425823793299
 30
0.0
 11
47.876251477438785
 21
38.9398427313402
 31
0.0
  0
LINE
  5
414
330
17
100
AcDbEntity
  8
E_VIGAS_ACERO
100
AcDbLine
 10
47.876251477438785
 20
38.9398427313402
 30
0.0
 11
50.18757324227971
 21
38.18004764293319
 31
0.0
  0
LINE
  5
415
330
17
100
AcDbEntity
  8
E_VIGAS_ACERO
100
AcDbLine
 10
46.71956269305874
 20
35.854833697845514
 30
0.0
 11
50.18757324227971
 21
38.18004764293319
 31
0.0
  0
LINE
  5
416
330
17
100
AcDbEntity
  8
E_VIGAS_ACERO
100
AcDbLine
 10
44.40824092821781
 20
36.614628786252524
 30
0.0
 11
47.876251477438785
 21
38.9398427313402
 31
0.0
  0
LINE
  5
417
330
17
100
AcDbEntity
  8
E_VIGAS_ACERO
100
AcDbLine
 10
40.50100651622481
 20
37.89904429284532
 30
0.0
 11
43.96901706544579
 21
40.22425823793299
 31
0.0
  0
LINE
  5
418
330
17
100
AcDbEntity
  8
E_VIGAS_ACERO
100
AcDbLine
 10
38.18968475138388
 20
38.65883938125233
 30
0.0
 11
41.65769530060486
 21
40.98405332634
 31
0.0
  0
LINE
  5
419
330
17
100
AcDbEntity
  8
E_VIGAS_ACERO
100
AcDbLine
 10
34.28245033939088
 20
39.94325488784512
 30
0.0
 11
37.750460888611855
 21
42.2684688329328
 31
0.0
  0
LINE
  5
41A
330
17
100
AcDbEntity
  8
E_VIGAS_ACERO
100
AcDbLine
 10
37.750460888611855
 20
42.2684688329328
 30
0.0
 11
41.21847143783283
 21
44.59368277802047
 31
0.0
  0
LINE
  5
41B
330
17
100
AcDbEntity
  8
E_VIGAS_ACERO
100
AcDbLine
 10
41.21847143783283
 20
44.59368277802047
 30
0.0
 11
44.68648198705381
 21
46.91889672310815
 31
0.0
  0
LINE
  5
41C
330
17
100
AcDbEntity
  8
E_VIGAS_ACERO
100
AcDbLine
 10
44.68648198705381
 20
46.91889672310815
 30
0.0
 11
48.15449253627479
 21
49.244110668195816
 31
0.0
  0
LINE
  5
41D
330
17
100
AcDbEntity
  8
E_VIGAS_ACERO
100
AcDbLine
 10
39.183334927908746
 20
48.72793264788673
 30
0.0
 11
44.68648198705381
 21
46.91889672310815
 31
0.0
  0
LINE
  5
41E
330
17
100
AcDbEntity
  8
E_VIGAS_ACERO
100
AcDbLine
 10
35.71532437868777
 20
46.402718702799056
 30
0.0
 11
41.21847143783283
 21
44.59368277802047
 31
0.0
  0
LINE
  5
41F
330
17
100
AcDbEntity
  8
E_VIGAS_ACERO
100
AcDbLine
 10
28.779303280245806
 20
41.75229081262371
 30
0.0
 11
32.24731382946678
 21
44.07750475771138
 31
0.0
  0
LINE
  5
420
330
17
100
AcDbEntity
  8
E_VIGAS_ACERO
100
AcDbLine
 10
32.24731382946678
 20
44.07750475771138
 30
0.0
 11
35.71532437868777
 21
46.402718702799056
 31
0.0
  0
LINE
  5
421
330
17
100
AcDbEntity
  8
E_VIGAS_ACERO
100
AcDbLine
 10
34.28245033939088
 20
39.94325488784512
 30
0.0
 11
31.777776053842395
 21
38.2639337052818
 31
0.0
  0
LINE
  5
422
330
17
100
AcDbEntity
  8
E_VIGAS_ACERO
100
AcDbLine
 10
31.777776053842395
 20
38.2639337052818
 30
0.0
 11
28.695100010090417
 21
36.19707686520387
 31
0.0
  0
LINE
  5
423
330
17
100
AcDbEntity
  8
E_VIGAS_ACERO
100
AcDbLine
 10
28.695100010090417
 20
36.19707686520387
 30
0.0
 11
25.612423966338437
 21
34.130220025125936
 31
0.0
  0
LINE
  5
424
330
17
100
AcDbEntity
  8
E_VIGAS_ACERO
100
AcDbLine
 10
25.612423966338437
 20
34.130220025125936
 30
0.0
 11
20.109276907193365
 21
35.93925594990452
 31
0.0
  0
LINE
  5
425
330
17
100
AcDbEntity
  8
E_VIGAS_ACERO
100
AcDbLine
 10
20.109276907193365
 20
35.93925594990452
 30
0.0
 11
23.191952950945343
 21
38.00611278998245
 31
0.0
  0
LINE
  5
426
330
17
100
AcDbEntity
  8
E_VIGAS_ACERO
100
AcDbLine
 10
23.191952950945343
 20
38.00611278998245
 30
0.0
 11
28.695100010090417
 21
36.19707686520387
 31
0.0
  0
LINE
  5
427
330
17
100
AcDbEntity
  8
E_VIGAS_ACERO
100
AcDbLine
 10
23.191952950945343
 20
38.00611278998245
 30
0.0
 11
26.274628994697323
 21
40.072969630060385
 31
0.0
  0
LINE
  5
428
330
17
100
AcDbEntity
  8
E_VIGAS_ACERO
100
AcDbLine
 10
26.274628994697323
 20
40.072969630060385
 30
0.0
 11
31.777776053842395
 21
38.2639337052818
 31
0.0
  0
LINE
  5
429
330
17
100
AcDbEntity
  8
E_VIGAS_ACERO
100
AcDbLine
 10
32.631506221647356
 20
40.4859656652787
 30
0.0
 11
30.126831936098874
 21
38.80664448271538
 31
0.0
  0
LINE
  5
42A
330
17
100
AcDbEntity
  8
E_VIGAS_ACERO
100
AcDbLine
 10
28.779303280245806
 20
41.75229081262371
 30
0.0
 11
27.392099060557417
 21
40.82220523458864
 31
0.0
  0
LINE
  5
42B
330
17
100
AcDbEntity
  8
E_VIGAS_ACERO
100
AcDbLine
 10
27.392099060557417
 20
40.82220523458864
 30
0.0
 11
24.860651413350684
 21
41.654361759986784
 31
0.0
  0
LINE
  5
42C
330
17
100
AcDbEntity
  8
E_VIGAS_ACERO
100
AcDbLine
 10
24.860651413350684
 20
41.654361759986784
 30
0.0
 11
26.247855633039073
 21
42.58444733802186
 31
0.0
  0
LINE
  5
42D
330
17
100
AcDbEntity
  8
E_COLUMNAS
100
AcDbLine
 10
27.392099060557417
 20
37.19198520946271
 30
0.0
 11
27.392099060557417
 21
40.82220523458864
 31
0.0
  0
LINE
  5
42E
330
17
100
AcDbEntity
  8
E_COLUMNAS
100
AcDbLine
 10
24.860651413350684
 20
38.024141734860855
 30
0.0
 11
24.860651413350684
 21
41.654361759986784
 31
0.0
  0
LINE
  5
42F
330
17
100
AcDbEntity
  8
E_COLUMNAS
100
AcDbLine
 10
26.274628994697323
 20
36.442749604934455
 30
0.0
 11
26.274628994697323
 21
40.072969630060385
 31
0.0
  0
LINE
  5
430
330
17
100
AcDbEntity
  8
E_COLUMNAS
100
AcDbLine
 10
31.777776053842395
 20
34.633713680155864
 30
0.0
 11
31.777776053842395
 21
38.2639337052818
 31
0.0
  0
LINE
  5
431
330
17
100
AcDbEntity
  8
E_COLUMNAS
100
AcDbLine
 10
23.191952950945343
 20
34.37589276485652
 30
0.0
 11
23.191952950945343
 21
38.00611278998245
 31
0.0
  0
LINE
  5
432
330
17
100
AcDbEntity
  8
E_COLUMNAS
100
AcDbLine
 10
28.695100010090417
 20
32.56685684007793
 30
0.0
 11
28.695100010090417
 21
36.19707686520387
 31
0.0
  0
LINE
  5
433
330
17
100
AcDbEntity
  8
E_COLUMNAS
100
AcDbLine
 10
20.109276907193365
 20
32.30903592477859
 30
0.0
 11
20.109276907193365
 21
35.93925594990452
 31
0.0
  0
LINE
  5
434
330
17
100
AcDbEntity
  8
E_COLUMNAS
100
AcDbLine
 10
25.612423966338437
 20
30.5
 30
0.0
 11
25.612423966338437
 21
34.130220025125936
 31
0.0
  0
LINE
  5
435
330
17
100
AcDbEntity
  8
E_COLUMNAS
100
AcDbLine
 10
41.65769530060486
 20
37.35383330121407
 30
0.0
 11
41.65769530060486
 21
40.98405332634
 31
0.0
  0
LINE
  5
436
330
17
100
AcDbEntity
  8
E_COLUMNAS
100
AcDbLine
 10
38.18968475138388
 20
35.02861935612639
 30
0.0
 11
38.18968475138388
 21
38.65883938125233
 31
0.0
  0
LINE
  5
437
330
17
100
AcDbEntity
  8
E_COLUMNAS
100
AcDbLine
 10
43.96901706544579
 20
36.59403821280706
 30
0.0
 11
43.96901706544579
 21
40.22425823793299
 31
0.0
  0
LINE
  5
438
330
17
100
AcDbEntity
  8
E_COLUMNAS
100
AcDbLine
 10
40.50100651622481
 20
34.26882426771939
 30
0.0
 11
40.50100651622481
 21
37.89904429284532
 31
0.0
  0
LINE
  5
439
330
17
100
AcDbEntity
  8
E_COLUMNAS
100
AcDbLine
 10
47.876251477438785
 20
35.30962270621426
 30
0.0
 11
47.876251477438785
 21
38.9398427313402
 31
0.0
  0
LINE
  5
43A
330
17
100
AcDbEntity
  8
E_COLUMNAS
100
AcDbLine
 10
44.40824092821781
 20
32.98440876112659
 30
0.0
 11
44.40824092821781
 21
36.614628786252524
 31
0.0
  0
LINE
  5
43B
330
17
100
AcDbEntity
  8
E_COLUMNAS
100
AcDbLine
 10
50.18757324227971
 20
34.54982761780726
 30
0.0
 11
50.18757324227971
 21
38.18004764293319
 31
0.0
  0
LINE
  5
43C
330
17
100
AcDbEntity
  8
E_COLUMNAS
100
AcDbLine
 10
46.71956269305874
 20
32.224613672719585
 30
0.0
 11
46.71956269305874
 21
35.854833697845514
 31
0.0
  0
LINE
  5
43D
330
17
100
AcDbEntity
  8
E_ARMADO_FINO
100
AcDbLine
 10
44.02713224191598
 20
50.600887611779754
 30
0.0
 11
45.91527131871406
 21
51.86683742632749
 31
0.0
  0
LINE
  5
43E
330
17
100
AcDbEntity
  8
E_ARMADO_FINO
100
AcDbLine
 10
45.40291900670225
 20
50.14862863058511
 30
0.0
 11
47.29105808350033
 21
51.41457844513285
 31
0.0
  0
LINE
  5
43F
330
17
100
AcDbEntity
  8
E_ARMADO_FINO
100
AcDbLine
 10
46.77870577148852
 20
49.69636964939046
 30
0.0
 11
48.6668448482866
 21
50.9623194639382
 31
0.0
  0
LINE
  5
440
330
17
100
AcDbEntity
  8
E_ARMADO_FINO
100
AcDbLine
 10
40.55912169269501
 20
48.275673666692086
 30
0.0
 11
44.02713224191598
 21
50.600887611779754
 31
0.0
  0
LINE
  5
441
330
17
100
AcDbEntity
  8
E_ARMADO_FINO
100
AcDbLine
 10
41.93490845748127
 20
47.82341468549744
 30
0.0
 11
45.40291900670225
 21
50.14862863058511
 31
0.0
  0
LINE
  5
442
330
17
100
AcDbEntity
  8
E_ARMADO_FINO
100
AcDbLine
 10
43.31069522226754
 20
47.371155704302794
 30
0.0
 11
46.77870577148852
 21
49.69636964939046
 31
0.0
  0
LINE
  5
443
330
17
100
AcDbEntity
  8
E_ARMADO_FINO
100
AcDbLine
 10
37.09111114347403
 20
45.95045972160441
 30
0.0
 11
40.55912169269501
 21
48.275673666692086
 31
0.0
  0
LINE
  5
444
330
17
100
AcDbEntity
  8
E_ARMADO_FINO
100
AcDbLine
 10
38.46689790826029
 20
45.498200740409764
 30
0.0
 11
41.93490845748127
 21
47.82341468549744
 31
0.0
  0
LINE
  5
445
330
17
100
AcDbEntity
  8
E_ARMADO_FINO
100
AcDbLine
 10
39.84268467304656
 20
45.04594175921512
 30
0.0
 11
43.31069522226754
 21
47.371155704302794
 31
0.0
  0
LINE
  5
446
330
17
100
AcDbEntity
  8
E_ARMADO_FINO
100
AcDbLine
 10
33.62310059425305
 20
43.625245776516735
 30
0.0
 11
37.09111114347403
 21
45.95045972160441
 31
0.0
  0
LINE
  5
447
330
17
100
AcDbEntity
  8
E_ARMADO_FINO
100
AcDbLine
 10
34.998887359039315
 20
43.17298679532209
 30
0.0
 11
38.46689790826029
 21
45.498200740409764
 31
0.0
  0
LINE
  5
448
330
17
100
AcDbEntity
  8
E_ARMADO_FINO
100
AcDbLine
 10
36.374674123825585
 20
42.72072781412744
 30
0.0
 11
39.84268467304656
 21
45.04594175921512
 31
0.0
  0
LINE
  5
449
330
17
100
AcDbEntity
  8
E_ARMADO_FINO
100
AcDbLine
 10
30.981590005863417
 20
44.493583020410455
 30
0.0
 11
34.449600555084395
 21
46.81879696549813
 31
0.0
  0
LINE
  5
44A
330
17
100
AcDbEntity
  8
E_ARMADO_FINO
100
AcDbLine
 10
22.69575602499155
 20
35.08900906525859
 30
0.0
 11
23.774692640304742
 21
35.81240895928586
 31
0.0
  0
LINE
  5
44B
330
17
100
AcDbEntity
  8
E_ARMADO_FINO
100
AcDbLine
 10
30.155090045032075
 20
41.30003183142906
 30
0.0
 11
33.62310059425305
 21
43.625245776516735
 31
0.0
  0
LINE
  5
44C
330
17
100
AcDbEntity
  8
E_ARMADO_FINO
100
AcDbLine
 10
31.530876809818345
 20
40.84777285023441
 30
0.0
 11
34.998887359039315
 21
43.17298679532209
 31
0.0
  0
LINE
  5
44D
330
17
100
AcDbEntity
  8
E_ARMADO_FINO
100
AcDbLine
 10
32.90666357460461
 20
40.39551386903977
 30
0.0
 11
36.374674123825585
 21
42.72072781412744
 31
0.0
  0
LINE
  5
44E
330
17
100
AcDbEntity
  8
E_ARMADO_FINO
100
AcDbLine
 10
24.45767677454871
 20
37.59003452728338
 30
0.0
 11
27.54035281830069
 21
39.65689136736131
 31
0.0
  0
LINE
  5
44F
330
17
100
AcDbEntity
  8
E_ARMADO_FINO
100
AcDbLine
 10
25.778432068743527
 20
37.15586590533652
 30
0.0
 11
28.861108112495508
 21
39.22272274541445
 31
0.0
  0
LINE
  5
450
330
17
100
AcDbEntity
  8
E_ARMADO_FINO
100
AcDbLine
 10
27.044155892346893
 20
36.739787642637445
 30
0.0
 11
30.126831936098874
 21
38.80664448271538
 31
0.0
  0
LINE
  5
451
330
17
100
AcDbEntity
  8
E_ARMADO_FINO
100
AcDbLine
 10
21.37500073079673
 20
35.52317768720545
 30
0.0
 11
24.45767677454871
 21
37.59003452728338
 31
0.0
  0
LINE
  5
452
330
17
100
AcDbEntity
  8
E_ARMADO_FINO
100
AcDbLine
 10
23.961479848594916
 20
34.67293080255951
 30
0.0
 11
27.044155892346893
 21
36.739787642637445
 31
0.0
  0
LINE
  5
453
330
17
100
AcDbEntity
  8
E_ARMADO_FINO
100
AcDbLine
 10
39.34568826779088
 20
39.43391069628155
 30
0.0
 11
35.438453855797874
 21
40.71832620287435
 31
0.0
  0
LINE
  5
454
330
17
100
AcDbEntity
  8
E_ARMADO_FINO
100
AcDbLine
 10
40.50169178419787
 20
40.20898201131077
 30
0.0
 11
36.59445737220486
 21
41.493397517903574
 31
0.0
  0
LINE
  5
455
330
17
100
AcDbEntity
  8
E_ARMADO_FINO
100
AcDbLine
 10
41.6570100326318
 20
38.67411560787455
 30
0.0
 11
39.34568826779088
 21
39.43391069628155
 31
0.0
  0
LINE
  5
456
330
17
100
AcDbEntity
  8
E_ARMADO_FINO
100
AcDbLine
 10
42.8130135490388
 20
39.44918692290377
 30
0.0
 11
40.50169178419787
 21
40.20898201131077
 31
0.0
  0
LINE
  5
457
330
17
100
AcDbEntity
  8
E_ARMADO_FINO
100
AcDbLine
 10
45.564244444624805
 20
37.38970010128175
 30
0.0
 11
41.6570100326318
 21
38.67411560787455
 31
0.0
  0
LINE
  5
458
330
17
100
AcDbEntity
  8
E_ARMADO_FINO
100
AcDbLine
 10
46.720247961031795
 20
38.16477141631097
 30
0.0
 11
42.8130135490388
 21
39.44918692290377
 31
0.0
  0
LINE
  5
459
330
17
100
AcDbEntity
  8
E_ARMADO_FINO
100
AcDbLine
 10
47.87556620946573
 20
36.629905012874744
 30
0.0
 11
45.564244444624805
 21
37.38970010128175
 31
0.0
  0
LINE
  5
45A
330
17
100
AcDbEntity
  8
E_ARMADO_FINO
100
AcDbLine
 10
49.03156972587273
 20
37.40497632790397
 30
0.0
 11
46.720247961031795
 21
38.16477141631097
 31
0.0
  0
LINE
  5
45B
330
17
100
AcDbEntity
  8
E_COLUMNAS
100
AcDbLine
 10
35.71532437868777
 20
46.402718702799056
 30
0.0
 11
35.71532437868777
 21
50.03293872792499
 31
0.0
  0
LINE
  5
45C
330
17
100
AcDbEntity
  8
E_COLUMNAS
100
AcDbLine
 10
32.24731382946678
 20
44.07750475771138
 30
0.0
 11
32.24731382946678
 21
47.70772478283732
 31
0.0
  0
LINE
  5
45D
330
17
100
AcDbEntity
  8
E_COLUMNAS
100
AcDbLine
 10
28.779303280245806
 20
41.75229081262371
 30
0.0
 11
28.779303280245806
 21
45.38251083774964
 31
0.0
  0
LINE
  5
45E
330
17
100
AcDbEntity
  8
E_COLUMNAS
100
AcDbLine
 10
33.18387673148103
 20
47.23487522819721
 30
0.0
 11
33.18387673148103
 21
50.86509525332314
 31
0.0
  0
LINE
  5
45F
330
17
100
AcDbEntity
  8
E_COLUMNAS
100
AcDbLine
 10
29.71586618226005
 20
44.90966128310953
 30
0.0
 11
29.71586618226005
 21
48.539881308235465
 31
0.0
  0
LINE
  5
460
330
17
100
AcDbEntity
  8
E_COLUMNAS
100
AcDbLine
 10
26.247855633039073
 20
42.58444733802186
 30
0.0
 11
26.247855633039073
 21
46.2146673631478
 31
0.0
  0
LINE
  5
461
330
17
100
AcDbEntity
  8
E_COLUMNAS
100
AcDbLine
 10
41.21847143783283
 20
44.59368277802047
 30
0.0
 11
41.21847143783283
 21
48.2239028031464
 31
0.0
  0
LINE
  5
462
330
17
100
AcDbEntity
  8
E_COLUMNAS
100
AcDbLine
 10
37.750460888611855
 20
42.2684688329328
 30
0.0
 11
37.750460888611855
 21
45.89868885805873
 31
0.0
  0
LINE
  5
463
330
17
100
AcDbEntity
  8
E_COLUMNAS
100
AcDbLine
 10
34.28245033939088
 20
39.94325488784512
 30
0.0
 11
34.28245033939088
 21
43.57347491297106
 31
0.0
  0
LINE
  5
464
330
17
100
AcDbEntity
  8
E_VIGAS_ACERO
100
AcDbLine
 10
33.18387673148103
 20
50.86509525332314
 30
0.0
 11
35.71532437868777
 21
50.03293872792499
 31
0.0
  0
LINE
  5
465
330
17
100
AcDbEntity
  8
E_VIGAS_ACERO
100
AcDbLine
 10
29.71586618226005
 20
48.539881308235465
 30
0.0
 11
33.18387673148103
 21
50.86509525332314
 31
0.0
  0
LINE
  5
466
330
17
100
AcDbEntity
  8
E_VIGAS_ACERO
100
AcDbLine
 10
26.247855633039073
 20
46.2146673631478
 30
0.0
 11
29.71586618226005
 21
48.539881308235465
 31
0.0
  0
LINE
  5
467
330
17
100
AcDbEntity
  8
E_VIGAS_ACERO
100
AcDbLine
 10
26.247855633039073
 20
46.2146673631478
 30
0.0
 11
28.779303280245806
 21
45.38251083774964
 31
0.0
  0
LINE
  5
468
330
17
100
AcDbEntity
  8
E_VIGAS_ACERO
100
AcDbLine
 10
28.779303280245806
 20
45.38251083774964
 30
0.0
 11
34.28245033939088
 21
43.57347491297106
 31
0.0
  0
LINE
  5
469
330
17
100
AcDbEntity
  8
E_VIGAS_ACERO
100
AcDbLine
 10
34.28245033939088
 20
43.57347491297106
 30
0.0
 11
38.18968475138388
 21
42.28905940637826
 31
0.0
  0
LINE
  5
46A
330
17
100
AcDbEntity
  8
E_VIGAS_ACERO
100
AcDbLine
 10
38.18968475138388
 20
42.28905940637826
 30
0.0
 11
40.50100651622481
 21
41.529264317971254
 31
0.0
  0
LINE
  5
46B
330
17
100
AcDbEntity
  8
E_VIGAS_ACERO
100
AcDbLine
 10
40.50100651622481
 20
41.529264317971254
 30
0.0
 11
44.40824092821781
 21
40.24484881137846
 31
0.0
  0
LINE
  5
46C
330
17
100
AcDbEntity
  8
E_VIGAS_ACERO
100
AcDbLine
 10
44.40824092821781
 20
40.24484881137846
 30
0.0
 11
46.71956269305874
 21
39.48505372297145
 31
0.0
  0
LINE
  5
46D
330
17
100
AcDbEntity
  8
E_VIGAS_ACERO
100
AcDbLine
 10
29.71586618226005
 20
48.539881308235465
 30
0.0
 11
32.24731382946678
 21
47.70772478283732
 31
0.0
  0
LINE
  5
46E
330
17
100
AcDbEntity
  8
E_VIGAS_ACERO
100
AcDbLine
 10
32.24731382946678
 20
47.70772478283732
 30
0.0
 11
37.750460888611855
 21
45.89868885805873
 31
0.0
  0
LINE
  5
46F
330
17
100
AcDbEntity
  8
E_VIGAS_ACERO
100
AcDbLine
 10
37.750460888611855
 20
45.89868885805873
 30
0.0
 11
41.65769530060486
 21
44.61427335146593
 31
0.0
  0
LINE
  5
470
330
17
100
AcDbEntity
  8
E_VIGAS_ACERO
100
AcDbLine
 10
41.65769530060486
 20
44.61427335146593
 30
0.0
 11
43.96901706544579
 21
43.85447826305893
 31
0.0
  0
LINE
  5
471
330
17
100
AcDbEntity
  8
E_VIGAS_ACERO
100
AcDbLine
 10
43.96901706544579
 20
43.85447826305893
 30
0.0
 11
47.876251477438785
 21
42.57006275646613
 31
0.0
  0
LINE
  5
472
330
17
100
AcDbEntity
  8
E_VIGAS_ACERO
100
AcDbLine
 10
47.876251477438785
 20
42.57006275646613
 30
0.0
 11
50.18757324227971
 21
41.810267668059126
 31
0.0
  0
LINE
  5
473
330
17
100
AcDbEntity
  8
E_VIGAS_ACERO
100
AcDbLine
 10
46.71956269305874
 20
39.48505372297145
 30
0.0
 11
50.18757324227971
 21
41.810267668059126
 31
0.0
  0
LINE
  5
474
330
17
100
AcDbEntity
  8
E_VIGAS_ACERO
100
AcDbLine
 10
44.40824092821781
 20
40.24484881137846
 30
0.0
 11
47.876251477438785
 21
42.57006275646613
 31
0.0
  0
LINE
  5
475
330
17
100
AcDbEntity
  8
E_VIGAS_ACERO
100
AcDbLine
 10
40.50100651622481
 20
41.529264317971254
 30
0.0
 11
43.96901706544579
 21
43.85447826305893
 31
0.0
  0
LINE
  5
476
330
17
100
AcDbEntity
  8
E_VIGAS_ACERO
100
AcDbLine
 10
38.18968475138388
 20
42.28905940637826
 30
0.0
 11
41.65769530060486
 21
44.61427335146593
 31
0.0
  0
LINE
  5
477
330
17
100
AcDbEntity
  8
E_VIGAS_ACERO
100
AcDbLine
 10
34.28245033939088
 20
43.57347491297106
 30
0.0
 11
37.750460888611855
 21
45.89868885805873
 31
0.0
  0
LINE
  5
478
330
17
100
AcDbEntity
  8
E_VIGAS_ACERO
100
AcDbLine
 10
37.750460888611855
 20
45.89868885805873
 30
0.0
 11
41.21847143783283
 21
48.2239028031464
 31
0.0
  0
LINE
  5
479
330
17
100
AcDbEntity
  8
E_VIGAS_ACERO
100
AcDbLine
 10
35.71532437868777
 20
50.03293872792499
 30
0.0
 11
41.21847143783283
 21
48.2239028031464
 31
0.0
  0
LINE
  5
47A
330
17
100
AcDbEntity
  8
E_VIGAS_ACERO
100
AcDbLine
 10
28.779303280245806
 20
45.38251083774964
 30
0.0
 11
32.24731382946678
 21
47.70772478283732
 31
0.0
  0
LINE
  5
47B
330
17
100
AcDbEntity
  8
E_VIGAS_ACERO
100
AcDbLine
 10
32.24731382946678
 20
47.70772478283732
 30
0.0
 11
35.71532437868777
 21
50.03293872792499
 31
0.0
  0
LINE
  5
47C
330
17
100
AcDbEntity
  8
E_VIGAS_ACERO
100
AcDbLine
 10
28.779303280245806
 20
45.38251083774964
 30
0.0
 11
27.392099060557417
 21
44.45242525971457
 31
0.0
  0
LINE
  5
47D
330
17
100
AcDbEntity
  8
E_VIGAS_ACERO
100
AcDbLine
 10
27.392099060557417
 20
44.45242525971457
 30
0.0
 11
24.860651413350684
 21
45.28458178511272
 31
0.0
  0
LINE
  5
47E
330
17
100
AcDbEntity
  8
E_VIGAS_ACERO
100
AcDbLine
 10
24.860651413350684
 20
45.28458178511272
 30
0.0
 11
26.247855633039073
 21
46.2146673631478
 31
0.0
  0
LINE
  5
47F
330
17
100
AcDbEntity
  8
E_COLUMNAS
100
AcDbLine
 10
27.392099060557417
 20
40.82220523458864
 30
0.0
 11
27.392099060557417
 21
44.45242525971457
 31
0.0
  0
LINE
  5
480
330
17
100
AcDbEntity
  8
E_COLUMNAS
100
AcDbLine
 10
24.860651413350684
 20
41.654361759986784
 30
0.0
 11
24.860651413350684
 21
45.28458178511272
 31
0.0
  0
LINE
  5
481
330
17
100
AcDbEntity
  8
E_COLUMNAS
100
AcDbLine
 10
41.65769530060486
 20
40.98405332634
 30
0.0
 11
41.65769530060486
 21
44.61427335146593
 31
0.0
  0
LINE
  5
482
330
17
100
AcDbEntity
  8
E_COLUMNAS
100
AcDbLine
 10
38.18968475138388
 20
38.65883938125233
 30
0.0
 11
38.18968475138388
 21
42.28905940637826
 31
0.0
  0
LINE
  5
483
330
17
100
AcDbEntity
  8
E_COLUMNAS
100
AcDbLine
 10
43.96901706544579
 20
40.22425823793299
 30
0.0
 11
43.96901706544579
 21
43.85447826305893
 31
0.0
  0
LINE
  5
484
330
17
100
AcDbEntity
  8
E_COLUMNAS
100
AcDbLine
 10
40.50100651622481
 20
37.89904429284532
 30
0.0
 11
40.50100651622481
 21
41.529264317971254
 31
0.0
  0
LINE
  5
485
330
17
100
AcDbEntity
  8
E_COLUMNAS
100
AcDbLine
 10
47.876251477438785
 20
38.9398427313402
 30
0.0
 11
47.876251477438785
 21
42.57006275646613
 31
0.0
  0
LINE
  5
486
330
17
100
AcDbEntity
  8
E_COLUMNAS
100
AcDbLine
 10
44.40824092821781
 20
36.614628786252524
 30
0.0
 11
44.40824092821781
 21
40.24484881137846
 31
0.0
  0
LINE
  5
487
330
17
100
AcDbEntity
  8
E_COLUMNAS
100
AcDbLine
 10
50.18757324227971
 20
38.18004764293319
 30
0.0
 11
50.18757324227971
 21
41.810267668059126
 31
0.0
  0
LINE
  5
488
330
17
100
AcDbEntity
  8
E_COLUMNAS
100
AcDbLine
 10
46.71956269305874
 20
35.854833697845514
 30
0.0
 11
46.71956269305874
 21
39.48505372297145
 31
0.0
  0
LINE
  5
489
330
17
100
AcDbEntity
  8
E_ARMADO_FINO
100
AcDbLine
 10
33.62310059425305
 20
47.25546580164267
 30
0.0
 11
37.09111114347403
 21
49.58067974673034
 31
0.0
  0
LINE
  5
48A
330
17
100
AcDbEntity
  8
E_ARMADO_FINO
100
AcDbLine
 10
34.998887359039315
 20
46.803206820448025
 30
0.0
 11
38.46689790826029
 21
49.1284207655357
 31
0.0
  0
LINE
  5
48B
330
17
100
AcDbEntity
  8
E_ARMADO_FINO
100
AcDbLine
 10
36.374674123825585
 20
46.35094783925338
 30
0.0
 11
39.84268467304656
 21
48.67616178434105
 31
0.0
  0
LINE
  5
48C
330
17
100
AcDbEntity
  8
E_ARMADO_FINO
100
AcDbLine
 10
30.981590005863417
 20
48.12380304553639
 30
0.0
 11
34.449600555084395
 21
50.44901699062407
 31
0.0
  0
LINE
  5
48D
330
17
100
AcDbEntity
  8
E_ARMADO_FINO
100
AcDbLine
 10
27.513579456642443
 20
45.798589100448716
 30
0.0
 11
30.981590005863417
 21
48.12380304553639
 31
0.0
  0
LINE
  5
48E
330
17
100
AcDbEntity
  8
E_ARMADO_FINO
100
AcDbLine
 10
30.155090045032075
 20
44.930251856554996
 30
0.0
 11
33.62310059425305
 21
47.25546580164267
 31
0.0
  0
LINE
  5
48F
330
17
100
AcDbEntity
  8
E_ARMADO_FINO
100
AcDbLine
 10
31.530876809818345
 20
44.47799287536035
 30
0.0
 11
34.998887359039315
 21
46.803206820448025
 31
0.0
  0
LINE
  5
490
330
17
100
AcDbEntity
  8
E_ARMADO_FINO
100
AcDbLine
 10
32.90666357460461
 20
44.025733894165704
 30
0.0
 11
36.374674123825585
 21
46.35094783925338
 31
0.0
  0
LINE
  5
491
330
17
100
AcDbEntity
  8
E_ARMADO_FINO
100
AcDbLine
 10
39.34568826779088
 20
43.06413072140749
 30
0.0
 11
35.438453855797874
 21
44.34854622800028
 31
0.0
  0
LINE
  5
492
330
17
100
AcDbEntity
  8
E_ARMADO_FINO
100
AcDbLine
 10
40.50169178419787
 20
43.83920203643671
 30
0.0
 11
36.59445737220486
 21
45.1236175430295
 31
0.0
  0
LINE
  5
493
330
17
100
AcDbEntity
  8
E_ARMADO_FINO
100
AcDbLine
 10
41.6570100326318
 20
42.30433563300048
 30
0.0
 11
39.34568826779088
 21
43.06413072140749
 31
0.0
  0
LINE
  5
494
330
17
100
AcDbEntity
  8
E_ARMADO_FINO
100
AcDbLine
 10
42.8130135490388
 20
43.0794069480297
 30
0.0
 11
40.50169178419787
 21
43.83920203643671
 31
0.0
  0
LINE
  5
495
330
17
100
AcDbEntity
  8
E_ARMADO_FINO
100
AcDbLine
 10
45.564244444624805
 20
41.01992012640768
 30
0.0
 11
41.6570100326318
 21
42.30433563300048
 31
0.0
  0
LINE
  5
496
330
17
100
AcDbEntity
  8
E_ARMADO_FINO
100
AcDbLine
 10
46.720247961031795
 20
41.794991441436906
 30
0.0
 11
42.8130135490388
 21
43.0794069480297
 31
0.0
  0
LINE
  5
497
330
17
100
AcDbEntity
  8
E_ARMADO_FINO
100
AcDbLine
 10
47.87556620946573
 20
40.26012503800068
 30
0.0
 11
45.564244444624805
 21
41.01992012640768
 31
0.0
  0
LINE
  5
498
330
17
100
AcDbEntity
  8
E_ARMADO_FINO
100
AcDbLine
 10
49.03156972587273
 20
41.0351963530299
 30
0.0
 11
46.720247961031795
 21
41.794991441436906
 31
0.0
  0
LINE
  5
499
330
17
100
AcDbEntity
  8
E_ARMADO_FINO
100
AcDbLine
 10
38.906464405018845
 20
43.04354014796202
 30
0.0
 11
42.813698817011854
 21
41.759124641369226
 31
0.0
  0
LINE
  5
49A
330
17
100
AcDbEntity
  8
E_ARMADO_FINO
100
AcDbLine
 10
42.813698817011854
 20
41.759124641369226
 30
0.0
 11
45.12502058185278
 21
40.99932955296222
 31
0.0
  0
LINE
  5
49B
330
17
100
AcDbEntity
  8
E_ARMADO_FINO
100
AcDbLine
 10
45.12502058185278
 20
40.99932955296222
 30
0.0
 11
49.03225499384578
 21
39.71491404636942
 31
0.0
  0
LINE
  5
49C
330
17
100
AcDbEntity
  8
E_ARMADO_FINO
100
AcDbLine
 10
49.03225499384578
 20
39.71491404636942
 30
0.0
 11
51.34357675868671
 21
38.95511895796242
 31
0.0
  0
LINE
  5
49D
330
17
100
AcDbEntity
  8
E_VIGAS_ACERO
100
AcDbLine
 10
50.18757324227971
 20
38.18004764293319
 30
0.0
 11
51.34357675868671
 21
38.95511895796242
 31
0.0
  0
LINE
  5
49E
330
17
100
AcDbEntity
  8
E_VIGAS_ACERO
100
AcDbLine
 10
47.876251477438785
 20
38.9398427313402
 30
0.0
 11
49.03225499384578
 21
39.71491404636942
 31
0.0
  0
LINE
  5
49F
330
17
100
AcDbEntity
  8
E_VIGAS_ACERO
100
AcDbLine
 10
43.96901706544579
 20
40.22425823793299
 30
0.0
 11
45.12502058185278
 21
40.99932955296222
 31
0.0
  0
LINE
  5
4A0
330
17
100
AcDbEntity
  8
E_VIGAS_ACERO
100
AcDbLine
 10
41.65769530060486
 20
40.98405332634
 30
0.0
 11
42.813698817011854
 21
41.759124641369226
 31
0.0
  0
LINE
  5
4A1
330
17
100
AcDbEntity
  8
E_ARMADO_FINO
100
AcDbLine
 10
39.21473200939404
 20
46.88044585709575
 30
0.0
 11
43.12196642138704
 21
45.59603035050295
 31
0.0
  0
LINE
  5
4A2
330
17
100
AcDbEntity
  8
E_ARMADO_FINO
100
AcDbLine
 10
43.12196642138704
 20
45.59603035050295
 30
0.0
 11
45.433288186227976
 21
44.83623526209595
 31
0.0
  0
LINE
  5
4A3
330
17
100
AcDbEntity
  8
E_ARMADO_FINO
100
AcDbLine
 10
45.433288186227976
 20
44.83623526209595
 30
0.0
 11
49.34052259822097
 21
43.551819755503146
 31
0.0
  0
LINE
  5
4A4
330
17
100
AcDbEntity
  8
E_ARMADO_FINO
100
AcDbLine
 10
49.34052259822097
 20
43.551819755503146
 30
0.0
 11
51.65184436306191
 21
42.79202466709614
 31
0.0
  0
LINE
  5
4A5
330
17
100
AcDbEntity
  8
E_VIGAS_ACERO
100
AcDbLine
 10
50.18757324227971
 20
41.810267668059126
 30
0.0
 11
51.65184436306191
 21
42.79202466709614
 31
0.0
  0
LINE
  5
4A6
330
17
100
AcDbEntity
  8
E_VIGAS_ACERO
100
AcDbLine
 10
47.876251477438785
 20
42.57006275646613
 30
0.0
 11
49.34052259822097
 21
43.551819755503146
 31
0.0
  0
LINE
  5
4A7
330
17
100
AcDbEntity
  8
E_VIGAS_ACERO
100
AcDbLine
 10
43.96901706544579
 20
43.85447826305893
 30
0.0
 11
45.433288186227976
 21
44.83623526209595
 31
0.0
  0
LINE
  5
4A8
330
17
100
AcDbEntity
  8
E_VIGAS_ACERO
100
AcDbLine
 10
41.65769530060486
 20
44.61427335146593
 30
0.0
 11
43.12196642138704
 21
45.59603035050295
 31
0.0
  0
LINE
  5
4A9
330
17
100
AcDbEntity
  8
E_ARMADO_FINO
100
AcDbLine
 10
27.24972534725847
 20
43.256175811047186
 30
0.0
 11
29.7811729944652
 21
42.42401928564904
 31
0.0
  0
LINE
  5
4AA
330
17
100
AcDbEntity
  8
E_VIGAS_ACERO
100
AcDbLine
 10
20.109276907193365
 20
35.93925594990452
 30
0.0
 11
18.29323837767549
 21
36.536237805081456
 31
0.0
  0
LINE
  5
4AB
330
17
100
AcDbEntity
  8
E_ARMADO_FINO
100
AcDbLine
 10
18.29323837767549
 20
36.536237805081456
 30
0.0
 11
21.37591442142747
 21
38.60309464515939
 31
0.0
  0
LINE
  5
4AC
330
17
100
AcDbEntity
  8
E_VIGAS_ACERO
100
AcDbLine
 10
21.37591442142747
 20
38.60309464515939
 30
0.0
 11
23.191952950945343
 21
38.00611278998245
 31
0.0
  0
LINE
  5
4AD
330
17
100
AcDbEntity
  8
E_ARMADO_FINO
100
AcDbLine
 10
21.37591442142747
 20
38.60309464515939
 30
0.0
 11
24.45859046517945
 21
40.66995148523732
 31
0.0
  0
LINE
  5
4AE
330
17
100
AcDbEntity
  8
E_VIGAS_ACERO
100
AcDbLine
 10
24.45859046517945
 20
40.66995148523732
 30
0.0
 11
26.274628994697323
 21
40.072969630060385
 31
0.0
  0
LINE
  5
4AF
330
17
100
AcDbEntity
  8
E_ARMADO_FINO
100
AcDbLine
 10
25.697540927124567
 20
42.76535093049972
 30
0.0
 11
26.69941064134396
 21
43.43707940352505
 31
0.0
  0
LINE
  5
4B0
330
17
100
AcDbEntity
  8
E_ARMADO_FINO
100
AcDbLine
 10
26.69941064134396
 20
43.43707940352505
 30
0.0
 11
29.16555147634554
 21
45.09056487558739
 31
0.0
  0
LINE
  5
4B1
330
17
100
AcDbEntity
  8
E_ARMADO_FINO
100
AcDbLine
 10
29.16555147634554
 20
45.09056487558739
 30
0.0
 11
32.63356202556652
 21
47.415778820675065
 31
0.0
  0
LINE
  5
4B2
330
17
100
AcDbEntity
  8
E_ARMADO_FINO
100
AcDbLine
 10
32.63356202556652
 20
47.415778820675065
 30
0.0
 11
33.01889653103552
 21
47.67413592568481
 31
0.0
  0
LINE
  5
4B3
330
17
100
AcDbEntity
  8
E_ARMADO_FINO
100
AcDbLine
 10
33.01889653103552
 20
47.67413592568481
 30
0.0
 11
33.569211236950025
 21
47.49323233320695
 31
0.0
  0
LINE
  5
4B4
330
17
100
AcDbEntity
  8
E_ARMADO_FINO
100
AcDbLine
 10
33.569211236950025
 20
47.49323233320695
 30
0.0
 11
34.83493506055339
 21
47.07715407050787
 31
0.0
  0
LINE
  5
4B5
330
17
100
AcDbEntity
  8
E_ARMADO_FINO
100
AcDbLine
 10
34.83493506055339
 20
47.07715407050787
 30
0.0
 11
36.10065888415676
 21
46.6610758078088
 31
0.0
  0
LINE
  5
4B6
330
17
100
AcDbEntity
  8
E_ARMADO_FINO
100
AcDbLine
 10
26.247855633039073
 20
42.58444733802186
 30
0.0
 11
25.697540927124567
 21
42.76535093049972
 31
0.0
  0
LINE
  5
4B7
330
17
100
AcDbEntity
  8
E_ARMADO_FINO
100
AcDbLine
 10
27.24972534725847
 20
43.256175811047186
 30
0.0
 11
26.69941064134396
 21
43.43707940352505
 31
0.0
  0
LINE
  5
4B8
330
17
100
AcDbEntity
  8
E_ARMADO_FINO
100
AcDbLine
 10
29.71586618226005
 20
44.90966128310953
 30
0.0
 11
29.16555147634554
 21
45.09056487558739
 31
0.0
  0
LINE
  5
4B9
330
17
100
AcDbEntity
  8
E_ARMADO_FINO
100
AcDbLine
 10
33.18387673148103
 20
47.23487522819721
 30
0.0
 11
32.63356202556652
 21
47.415778820675065
 31
0.0
  0
LINE
  5
4BA
330
17
100
AcDbEntity
  8
E_ARMADO_FINO
100
AcDbLine
 10
33.18387673148103
 20
47.23487522819721
 30
0.0
 11
33.569211236950025
 21
47.49323233320695
 31
0.0
  0
LINE
  5
4BB
330
17
100
AcDbEntity
  8
E_ARMADO_FINO
100
AcDbLine
 10
34.449600555084395
 20
46.81879696549813
 30
0.0
 11
34.83493506055339
 21
47.07715407050787
 31
0.0
  0
LINE
  5
4BC
330
17
100
AcDbEntity
  8
E_ARMADO_FINO
100
AcDbLine
 10
39.183334927908746
 20
48.72793264788673
 30
0.0
 11
38.63302022199423
 21
48.90883624036459
 31
0.0
  0
LINE
  5
4BD
330
17
100
AcDbEntity
  8
E_ARMADO_FINO
100
AcDbLine
 10
38.63302022199423
 20
48.90883624036459
 30
0.0
 11
35.550344178242256
 21
46.84197940028666
 31
0.0
  0
LINE
  5
4BE
330
17
100
AcDbEntity
  8
E_ARMADO_FINO
100
AcDbLine
 10
38.63302022199423
 20
48.90883624036459
 30
0.0
 11
42.10103077121521
 21
51.23405018545226
 31
0.0
  0
LINE
  5
4BF
330
17
100
AcDbEntity
  8
E_ARMADO_FINO
100
AcDbLine
 10
42.10103077121521
 20
51.23405018545226
 30
0.0
 11
43.98916984801329
 21
52.5
 31
0.0
  0
LINE
  5
4C0
330
17
100
AcDbEntity
  8
E_ARMADO_FINO
100
AcDbLine
 10
43.98916984801329
 20
52.5
 30
0.0
 11
44.53948455392781
 21
52.31909640752214
 31
0.0
  0
LINE
  5
4C1
330
17
100
AcDbEntity
  8
E_ARMADO_FINO
100
AcDbLine
 10
42.65134547712972
 20
51.05314659297441
 30
0.0
 11
42.10103077121521
 21
51.23405018545226
 31
0.0
  0
LINE
  5
4C2
330
17
100
AcDbEntity
  8
E_VIGAS_ACERO
100
AcDbLine
 10
42.10103077121521
 20
47.60383016032633
 30
0.0
 11
43.98916984801329
 21
48.869779974874064
 31
0.0
  0
LINE
  5
4C3
330
17
100
AcDbEntity
  8
E_VIGAS_ACERO
100
AcDbLine
 10
43.98916984801329
 20
48.869779974874064
 30
0.0
 11
44.53948455392781
 21
48.6888763823962
 31
0.0
  0
LINE
  5
4C4
330
17
100
AcDbEntity
  8
E_ARMADO
100
AcDbLine
 10
42.65134547712972
 20
51.05314659297441
 30
0.0
 11
44.53948455392781
 21
48.6888763823962
 31
0.0
  0
LINE
  5
4C5
330
17
100
AcDbEntity
  8
E_ARMADO
100
AcDbLine
 10
44.53948455392781
 20
48.6888763823962
 30
0.0
 11
44.53948455392781
 21
52.31909640752214
 31
0.0
  0
LINE
  5
4C6
330
17
100
AcDbEntity
  8
E_ARMADO_FINO
100
AcDbLine
 10
25.697540927124567
 20
46.39557095562565
 30
0.0
 11
26.69941064134396
 21
47.06729942865098
 31
0.0
  0
LINE
  5
4C7
330
17
100
AcDbEntity
  8
E_ARMADO_FINO
100
AcDbLine
 10
26.69941064134396
 20
47.06729942865098
 30
0.0
 11
29.16555147634554
 21
48.720784900713326
 31
0.0
  0
LINE
  5
4C8
330
17
100
AcDbEntity
  8
E_ARMADO_FINO
100
AcDbLine
 10
29.16555147634554
 20
48.720784900713326
 30
0.0
 11
32.63356202556652
 21
51.045998845801
 31
0.0
  0
LINE
  5
4C9
330
17
100
AcDbEntity
  8
E_ARMADO_FINO
100
AcDbLine
 10
32.63356202556652
 20
51.045998845801
 30
0.0
 11
33.01889653103552
 21
51.304355950810745
 31
0.0
  0
LINE
  5
4CA
330
17
100
AcDbEntity
  8
E_ARMADO_FINO
100
AcDbLine
 10
33.01889653103552
 20
51.304355950810745
 30
0.0
 11
33.569211236950025
 21
51.123452358332884
 31
0.0
  0
LINE
  5
4CB
330
17
100
AcDbEntity
  8
E_ARMADO_FINO
100
AcDbLine
 10
33.569211236950025
 20
51.123452358332884
 30
0.0
 11
34.83493506055339
 21
50.70737409563381
 31
0.0
  0
LINE
  5
4CC
330
17
100
AcDbEntity
  8
E_ARMADO_FINO
100
AcDbLine
 10
34.83493506055339
 20
50.70737409563381
 30
0.0
 11
36.10065888415676
 21
50.291295832934736
 31
0.0
  0
LINE
  5
4CD
330
17
100
AcDbEntity
  8
E_ARMADO_FINO
100
AcDbLine
 10
26.247855633039073
 20
46.2146673631478
 30
0.0
 11
25.697540927124567
 21
46.39557095562565
 31
0.0
  0
LINE
  5
4CE
330
17
100
AcDbEntity
  8
E_ARMADO_FINO
100
AcDbLine
 10
27.24972534725847
 20
46.88639583617312
 30
0.0
 11
26.69941064134396
 21
47.06729942865098
 31
0.0
  0
LINE
  5
4CF
330
17
100
AcDbEntity
  8
E_ARMADO_FINO
100
AcDbLine
 10
29.71586618226005
 20
48.539881308235465
 30
0.0
 11
29.16555147634554
 21
48.720784900713326
 31
0.0
  0
LINE
  5
4D0
330
17
100
AcDbEntity
  8
E_ARMADO_FINO
100
AcDbLine
 10
33.18387673148103
 20
50.86509525332314
 30
0.0
 11
32.63356202556652
 21
51.045998845801
 31
0.0
  0
LINE
  5
4D1
330
17
100
AcDbEntity
  8
E_ARMADO_FINO
100
AcDbLine
 10
33.18387673148103
 20
50.86509525332314
 30
0.0
 11
33.569211236950025
 21
51.123452358332884
 31
0.0
  0
LINE
  5
4D2
330
17
100
AcDbEntity
  8
E_ARMADO_FINO
100
AcDbLine
 10
34.449600555084395
 20
50.44901699062407
 30
0.0
 11
34.83493506055339
 21
50.70737409563381
 31
0.0
  0
LINE
  5
4D3
330
17
100
AcDbEntity
  8
E_ARMADO_FINO
100
AcDbLine
 10
36.10065888415676
 20
50.291295832934736
 30
0.0
 11
37.47644564894303
 21
49.83903685174009
 31
0.0
  0
LINE
  5
4D4
330
17
100
AcDbEntity
  8
E_ARMADO_FINO
100
AcDbLine
 10
35.71532437868777
 20
50.03293872792499
 30
0.0
 11
36.10065888415676
 21
50.291295832934736
 31
0.0
  0
LINE
  5
4D5
330
17
100
AcDbEntity
  8
E_ARMADO_FINO
100
AcDbLine
 10
37.47644564894303
 20
49.83903685174009
 30
0.0
 11
38.8522324137293
 21
49.386777870545444
 31
0.0
  0
LINE
  5
4D6
330
17
100
AcDbEntity
  8
E_ARMADO_FINO
100
AcDbLine
 10
37.09111114347403
 20
49.58067974673034
 30
0.0
 11
37.47644564894303
 21
49.83903685174009
 31
0.0
  0
LINE
  5
4D7
330
17
100
AcDbEntity
  8
E_ARMADO_FINO
100
AcDbLine
 10
38.8522324137293
 20
49.386777870545444
 30
0.0
 11
40.22801917851557
 21
48.9345188893508
 31
0.0
  0
LINE
  5
4D8
330
17
100
AcDbEntity
  8
E_ARMADO_FINO
100
AcDbLine
 10
38.46689790826029
 20
49.1284207655357
 30
0.0
 11
38.8522324137293
 21
49.386777870545444
 31
0.0
  0
LINE
  5
4D9
330
17
100
AcDbEntity
  8
E_ARMADO_FINO
100
AcDbLine
 10
40.22801917851557
 20
48.9345188893508
 30
0.0
 11
41.603805943301836
 21
48.482259908156145
 31
0.0
  0
LINE
  5
4DA
330
17
100
AcDbEntity
  8
E_ARMADO_FINO
100
AcDbLine
 10
39.84268467304656
 20
48.67616178434105
 30
0.0
 11
40.22801917851557
 21
48.9345188893508
 31
0.0
  0
LINE
  5
4DB
330
17
100
AcDbEntity
  8
E_ARMADO_FINO
100
AcDbLine
 10
41.21847143783283
 20
48.2239028031464
 30
0.0
 11
41.603805943301836
 21
48.482259908156145
 31
0.0
  0
LINE
  5
4DC
330
17
100
AcDbEntity
  8
E_ARMADO_FINO
100
AcDbLine
 10
24.892162706164832
 20
36.56164456381411
 30
0.0
 11
25.778432068743527
 21
37.15586590533652
 31
0.0
  0
LINE
  5
4DD
330
17
100
AcDbEntity
  8
E_ARMADO_FINO
100
AcDbLine
 10
19.228773377730153
 20
36.2287016978691
 30
0.0
 11
22.31144942148213
 21
38.29555853794703
 31
0.0
  0
LINE
  5
4DE
330
17
100
AcDbEntity
  8
E_ARMADO_FINO
100
AcDbLine
 10
26.162738672252942
 20
33.949316432648075
 30
0.0
 11
25.612423966338437
 21
34.130220025125936
 31
0.0
  0
LINE
  5
4DF
330
17
100
AcDbEntity
  8
E_ARMADO_FINO
100
AcDbLine
 10
26.162738672252942
 20
33.949316432648075
 30
0.0
 11
29.245414716004923
 21
36.01617327272601
 31
0.0
  0
LINE
  5
4E0
330
17
100
AcDbEntity
  8
E_ARMADO_FINO
100
AcDbLine
 10
29.245414716004923
 20
36.01617327272601
 30
0.0
 11
28.695100010090417
 21
36.19707686520387
 31
0.0
  0
LINE
  5
4E1
330
17
100
AcDbEntity
  8
E_ARMADO_FINO
100
AcDbLine
 10
29.245414716004923
 20
36.01617327272601
 30
0.0
 11
32.328090759756904
 21
38.08303011280394
 31
0.0
  0
LINE
  5
4E2
330
17
100
AcDbEntity
  8
E_ARMADO_FINO
100
AcDbLine
 10
32.328090759756904
 20
38.08303011280394
 30
0.0
 11
31.777776053842395
 21
38.2639337052818
 31
0.0
  0
LINE
  5
4E3
330
17
100
AcDbEntity
  8
E_ARMADO_FINO
100
AcDbLine
 10
32.328090759756904
 20
38.08303011280394
 30
0.0
 11
34.832765045305386
 21
39.76235129536727
 31
0.0
  0
LINE
  5
4E4
330
17
100
AcDbEntity
  8
E_ARMADO_FINO
100
AcDbLine
 10
18.29323837767549
 20
36.536237805081456
 30
0.0
 11
17.907903872206493
 21
36.27788070007171
 31
0.0
  0
LINE
  5
4E5
330
17
100
AcDbEntity
  8
E_ARMADO_FINO
100
AcDbLine
 10
17.907903872206493
 20
36.27788070007171
 30
0.0
 11
19.72394240172437
 21
35.680898844894784
 31
0.0
  0
LINE
  5
4E6
330
17
100
AcDbEntity
  8
E_ARMADO_FINO
100
AcDbLine
 10
19.72394240172437
 20
35.680898844894784
 30
0.0
 11
25.22708946086944
 21
33.87186292011619
 31
0.0
  0
LINE
  5
4E7
330
17
100
AcDbEntity
  8
E_ARMADO_FINO
100
AcDbLine
 10
25.22708946086944
 20
33.87186292011619
 30
0.0
 11
25.777404166783946
 21
33.69095932763834
 31
0.0
  0
LINE
  5
4E8
330
17
100
AcDbEntity
  8
E_ARMADO_FINO
100
AcDbLine
 10
25.777404166783946
 20
33.69095932763834
 30
0.0
 11
26.162738672252942
 21
33.949316432648075
 31
0.0
  0
LINE
  5
4E9
330
17
100
AcDbEntity
  8
E_ARMADO_FINO
100
AcDbLine
 10
25.612423966338437
 20
34.130220025125936
 30
0.0
 11
25.22708946086944
 21
33.87186292011619
 31
0.0
  0
LINE
  5
4EA
330
17
100
AcDbEntity
  8
E_ARMADO_FINO
100
AcDbLine
 10
23.961479848594916
 20
34.67293080255951
 30
0.0
 11
23.57614534312592
 21
34.41457369754977
 31
0.0
  0
LINE
  5
4EB
330
17
100
AcDbEntity
  8
E_ARMADO_FINO
100
AcDbLine
 10
22.69575602499155
 20
35.08900906525859
 30
0.0
 11
22.310421519522553
 21
34.830651960248844
 31
0.0
  0
LINE
  5
4EC
330
17
100
AcDbEntity
  8
E_ARMADO_FINO
100
AcDbLine
 10
21.37500073079673
 20
35.52317768720545
 30
0.0
 11
20.989666225327735
 21
35.2648205821957
 31
0.0
  0
LINE
  5
4ED
330
17
100
AcDbEntity
  8
E_ARMADO_FINO
100
AcDbLine
 10
20.109276907193365
 20
35.93925594990452
 30
0.0
 11
19.72394240172437
 21
35.680898844894784
 31
0.0
  0
LINE
  5
4EE
330
17
100
AcDbEntity
  8
E_ARMADO_FINO
100
AcDbLine
 10
19.228773377730153
 20
36.2287016978691
 30
0.0
 11
18.843438872261157
 21
35.970344592859355
 31
0.0
  0
LINE
  5
4EF
330
17
100
AcDbEntity
  8
E_ARMADO_FINO
100
AcDbLine
 10
42.73663191591805
 20
45.33767324549321
 30
0.0
 11
45.04795368075898
 21
44.577878157086204
 31
0.0
  0
LINE
  5
4F0
330
17
100
AcDbEntity
  8
E_ARMADO_FINO
100
AcDbLine
 10
48.95518809275198
 20
43.29346265049341
 30
0.0
 11
51.26650985759291
 21
42.5336675620864
 31
0.0
  0
LINE
  5
4F1
330
17
100
AcDbEntity
  8
E_ARMADO_FINO
100
AcDbLine
 10
41.603805943301836
 20
48.482259908156145
 30
0.0
 11
42.15412064921634
 21
48.30135631567829
 31
0.0
  0
LINE
  5
4F2
330
17
100
AcDbEntity
  8
E_ARMADO_FINO
100
AcDbLine
 10
41.21847143783283
 20
48.2239028031464
 30
0.0
 11
41.76878614374734
 21
48.04299921066855
 31
0.0
  0
LINE
  5
4F3
330
17
100
AcDbEntity
  8
E_ARMADO_FINO
100
AcDbLine
 10
39.76504671530856
 20
46.69954226461789
 30
0.0
 11
41.76878614374734
 21
48.04299921066855
 31
0.0
  0
LINE
  5
4F4
330
17
100
AcDbEntity
  8
E_ARMADO_FINO
100
AcDbLine
 10
41.76878614374734
 20
48.04299921066855
 30
0.0
 11
42.15412064921634
 21
48.30135631567829
 31
0.0
  0
LINE
  5
4F5
330
17
100
AcDbEntity
  8
E_ARMADO_FINO
100
AcDbLine
 10
27.513579456642443
 20
47.756060682624465
 30
0.0
 11
26.12637523695405
 21
46.825975104589396
 31
0.0
  0
LINE
  5
4F6
330
17
100
AcDbEntity
  8
E_ARMADO_FINO
100
AcDbLine
 10
26.247855633039073
 20
48.17213894532354
 30
0.0
 11
28.779303280245806
 21
47.33998241992539
 31
0.0
  0
LINE
  5
4F7
330
17
100
AcDbEntity
  8
E_ARMADO_FINO
100
AcDbLine
 10
28.779303280245806
 20
47.33998241992539
 30
0.0
 11
27.392099060557417
 21
46.40989684189032
 31
0.0
  0
LINE
  5
4F8
330
17
100
AcDbEntity
  8
E_ARMADO_FINO
100
AcDbLine
 10
27.392099060557417
 20
46.40989684189032
 30
0.0
 11
24.860651413350684
 21
47.24205336728847
 31
0.0
  0
LINE
  5
4F9
330
17
100
AcDbEntity
  8
E_ARMADO_FINO
100
AcDbLine
 10
24.860651413350684
 20
47.24205336728847
 30
0.0
 11
26.247855633039073
 21
48.17213894532354
 31
0.0
  0
LINE
  5
4FA
330
17
100
AcDbEntity
  8
E_ARMADO_FINO
100
AcDbLine
 10
51.65184436306191
 20
42.79202466709614
 30
0.0
 11
52.09209612779351
 21
42.647301793113854
 31
0.0
  0
LINE
  5
4FB
330
17
100
AcDbEntity
  8
E_ARMADO_FINO
100
AcDbLine
 10
51.26650985759291
 20
42.5336675620864
 30
0.0
 11
51.70676162232452
 21
42.38894468810412
 31
0.0
  0
LINE
  5
4FC
330
17
100
AcDbEntity
  8
E_ARMADO_FINO
100
AcDbLine
 10
50.18757324227971
 20
41.810267668059126
 30
0.0
 11
50.627825007011324
 21
41.66554479407684
 31
0.0
  0
LINE
  5
4FD
330
17
100
AcDbEntity
  8
E_ARMADO_FINO
100
AcDbLine
 10
49.03156972587273
 20
41.0351963530299
 30
0.0
 11
49.47182149060433
 21
40.890473479047614
 31
0.0
  0
LINE
  5
4FE
330
17
100
AcDbEntity
  8
E_ARMADO_FINO
100
AcDbLine
 10
47.87556620946573
 20
40.26012503800068
 30
0.0
 11
48.315817974197344
 21
40.11540216401839
 31
0.0
  0
LINE
  5
4FF
330
17
100
AcDbEntity
  8
E_ARMADO_FINO
100
AcDbLine
 10
46.71956269305874
 20
39.48505372297145
 30
0.0
 11
47.15981445779035
 21
39.34033084898917
 31
0.0
  0
LINE
  5
500
330
17
100
AcDbEntity
  8
E_ARMADO_FINO
100
AcDbLine
 10
46.71956269305874
 20
39.48505372297145
 30
0.0
 11
46.334228187589744
 21
39.22669661796171
 31
0.0
  0
LINE
  5
501
330
17
100
AcDbEntity
  8
E_ARMADO_FINO
100
AcDbLine
 10
44.40824092821781
 20
40.24484881137846
 30
0.0
 11
44.02290642274882
 21
39.98649170636872
 31
0.0
  0
LINE
  5
502
330
17
100
AcDbEntity
  8
E_ARMADO_FINO
100
AcDbLine
 10
40.50100651622481
 20
41.529264317971254
 30
0.0
 11
40.115672010755816
 21
41.27090721296151
 31
0.0
  0
LINE
  5
503
330
17
100
AcDbEntity
  8
E_ARMADO_FINO
100
AcDbLine
 10
38.18968475138388
 20
42.28905940637826
 30
0.0
 11
37.80435024591489
 21
42.03070230136852
 31
0.0
  0
LINE
  5
504
330
17
100
AcDbEntity
  8
E_ARMADO_FINO
100
AcDbLine
 10
34.28245033939088
 20
43.57347491297106
 30
0.0
 11
33.89711583392188
 21
43.315117807961315
 31
0.0
  0
LINE
  5
505
330
17
100
AcDbEntity
  8
E_ARMADO_FINO
100
AcDbLine
 10
32.90666357460461
 20
44.025733894165704
 30
0.0
 11
32.52132906913561
 21
43.76737678915596
 31
0.0
  0
LINE
  5
506
330
17
100
AcDbEntity
  8
E_ARMADO_FINO
100
AcDbLine
 10
31.530876809818345
 20
44.47799287536035
 30
0.0
 11
31.145542304349345
 21
44.21963577035061
 31
0.0
  0
LINE
  5
507
330
17
100
AcDbEntity
  8
E_ARMADO_FINO
100
AcDbLine
 10
30.155090045032075
 20
44.930251856554996
 30
0.0
 11
29.76975553956308
 21
44.67189475154525
 31
0.0
  0
LINE
  5
508
330
17
100
AcDbEntity
  8
E_ARMADO_FINO
100
AcDbLine
 10
28.39396877477681
 20
45.1241537327399
 30
0.0
 11
33.89711583392188
 21
43.315117807961315
 31
0.0
  0
LINE
  5
509
330
17
100
AcDbEntity
  8
E_ARMADO_FINO
100
AcDbLine
 10
33.89711583392188
 20
43.315117807961315
 30
0.0
 11
37.80435024591489
 21
42.03070230136852
 31
0.0
  0
LINE
  5
50A
330
17
100
AcDbEntity
  8
E_ARMADO_FINO
100
AcDbLine
 10
37.80435024591489
 20
42.03070230136852
 30
0.0
 11
40.115672010755816
 21
41.27090721296151
 31
0.0
  0
LINE
  5
50B
330
17
100
AcDbEntity
  8
E_ARMADO_FINO
100
AcDbLine
 10
40.115672010755816
 20
41.27090721296151
 30
0.0
 11
44.02290642274882
 21
39.98649170636872
 31
0.0
  0
LINE
  5
50C
330
17
100
AcDbEntity
  8
E_ARMADO_FINO
100
AcDbLine
 10
44.02290642274882
 20
39.98649170636872
 30
0.0
 11
46.334228187589744
 21
39.22669661796171
 31
0.0
  0
LINE
  5
50D
330
17
100
AcDbEntity
  8
E_ARMADO_FINO
100
AcDbLine
 10
46.334228187589744
 20
39.22669661796171
 30
0.0
 11
46.77447995232134
 21
39.081973743979425
 31
0.0
  0
LINE
  5
50E
330
17
100
AcDbEntity
  8
E_ARMADO_FINO
100
AcDbLine
 10
46.77447995232134
 20
39.081973743979425
 30
0.0
 11
47.15981445779035
 21
39.34033084898917
 31
0.0
  0
LINE
  5
50F
330
17
100
AcDbEntity
  8
E_ARMADO_FINO
100
AcDbLine
 10
47.15981445779035
 20
39.34033084898917
 30
0.0
 11
48.315817974197344
 21
40.11540216401839
 31
0.0
  0
LINE
  5
510
330
17
100
AcDbEntity
  8
E_ARMADO_FINO
100
AcDbLine
 10
48.315817974197344
 20
40.11540216401839
 30
0.0
 11
49.47182149060433
 21
40.890473479047614
 31
0.0
  0
LINE
  5
511
330
17
100
AcDbEntity
  8
E_ARMADO_FINO
100
AcDbLine
 10
49.47182149060433
 20
40.890473479047614
 30
0.0
 11
50.627825007011324
 21
41.66554479407684
 31
0.0
  0
LINE
  5
512
330
17
100
AcDbEntity
  8
E_ARMADO_FINO
100
AcDbLine
 10
50.627825007011324
 20
41.66554479407684
 30
0.0
 11
51.70676162232452
 21
42.38894468810412
 31
0.0
  0
LINE
  5
513
330
17
100
AcDbEntity
  8
E_ARMADO_FINO
100
AcDbLine
 10
51.70676162232452
 20
42.38894468810412
 30
0.0
 11
52.09209612779351
 21
42.647301793113854
 31
0.0
  0
LINE
  5
514
330
17
100
AcDbEntity
  8
E_COLUMNAS
100
AcDbLine
 10
28.779303280245806
 20
45.38251083774964
 30
0.0
 11
28.779303280245806
 21
47.33998241992539
 31
0.0
  0
LINE
  5
515
330
17
100
AcDbEntity
  8
E_COLUMNAS
100
AcDbLine
 10
27.392099060557417
 20
44.45242525971457
 30
0.0
 11
27.392099060557417
 21
46.40989684189032
 31
0.0
  0
LINE
  5
516
330
17
100
AcDbEntity
  8
E_COLUMNAS
100
AcDbLine
 10
26.247855633039073
 20
46.2146673631478
 30
0.0
 11
26.247855633039073
 21
48.17213894532354
 31
0.0
  0
LINE
  5
517
330
17
100
AcDbEntity
  8
E_COLUMNAS
100
AcDbLine
 10
24.860651413350684
 20
45.28458178511272
 30
0.0
 11
24.860651413350684
 21
47.24205336728847
 31
0.0
  0
TEXT
  5
518
330
17
100
AcDbEntity
  8
E_TITULO
100
AcDbText
 10
3.0
 20
53.0
 30
0.0
 40
0.26
  1
VISTA SUR-OESTE   (ESC 1:74)
  7
KUBIEC
 11
3.0
 21
53.0
 31
0.0
100
AcDbText
  0
LINE
  5
519
330
17
100
AcDbEntity
  8
E_VIGAS_ACERO
100
AcDbLine
 10
31.98897624730015
 20
9.377143623958764
 30
0.0
 11
28.935899283827617
 21
10.3807740646277
 31
0.0
  0
LINE
  5
51A
330
17
100
AcDbEntity
  8
E_ARMADO
100
AcDbLine
 10
23.077909511390626
 20
10.811198867668962
 30
0.0
 11
23.077909511390633
 21
13.688342491627722
 31
0.0
  0
LINE
  5
51B
330
17
100
AcDbEntity
  8
E_VIGAS_ACERO
100
AcDbLine
 10
28.935899283827617
 20
10.3807740646277
 30
0.0
 11
24.574360764581144
 21
11.814531837011895
 31
0.0
  0
LINE
  5
51C
330
17
100
AcDbEntity
  8
E_VIGAS_ACERO
100
AcDbLine
 10
34.73756018173171
 20
11.220000098262114
 30
0.0
 11
31.684483218259178
 21
12.223630538931051
 31
0.0
  0
LINE
  5
51D
330
17
100
AcDbEntity
  8
E_VIGAS_ACERO
100
AcDbLine
 10
31.684483218259178
 20
12.223630538931051
 30
0.0
 11
27.322944699012705
 21
13.657388311315247
 31
0.0
  0
LINE
  5
51E
330
17
100
AcDbEntity
  8
E_COLUMNAS
100
AcDbLine
 10
31.98897624730015
 20
6.5
 30
0.0
 11
31.98897624730015
 21
9.377143623958764
 31
0.0
  0
LINE
  5
51F
330
17
100
AcDbEntity
  8
E_ARMADO
100
AcDbLine
 10
39.95986965715167
 20
14.721427399438484
 30
0.0
 11
38.913100412532515
 21
15.06552926481069
 31
0.0
  0
LINE
  5
520
330
17
100
AcDbEntity
  8
E_COLUMNAS
100
AcDbLine
 10
28.935899283827617
 20
7.503630440668935
 30
0.0
 11
28.935899283827617
 21
10.3807740646277
 31
0.0
  0
LINE
  5
521
330
17
100
AcDbEntity
  8
E_COLUMNAS
100
AcDbLine
 10
28.935899283827617
 20
10.3807740646277
 30
0.0
 11
28.935899283827617
 21
13.257917688586463
 31
0.0
  0
LINE
  5
522
330
17
100
AcDbEntity
  8
E_COLUMNAS
100
AcDbLine
 10
34.73756018173171
 20
8.34285647430335
 30
0.0
 11
34.73756018173171
 21
11.220000098262114
 31
0.0
  0
LINE
  5
523
330
17
100
AcDbEntity
  8
E_ARMADO_FINO
100
AcDbLine
 10
26.886790847088054
 20
16.67790771251243
 30
0.0
 11
27.322944699012705
 21
16.53453193527401
 31
0.0
  0
LINE
  5
524
330
17
100
AcDbEntity
  8
E_COLUMNAS
100
AcDbLine
 10
31.684483218259178
 20
9.346486914972287
 30
0.0
 11
31.684483218259178
 21
12.223630538931051
 31
0.0
  0
LINE
  5
525
330
17
100
AcDbEntity
  8
E_COLUMNAS
100
AcDbLine
 10
31.684483218259178
 20
12.223630538931051
 30
0.0
 11
31.684483218259178
 21
15.100774162889813
 31
0.0
  0
LINE
  5
526
330
17
100
AcDbEntity
  8
E_COLUMNAS
100
AcDbLine
 10
37.48614411616327
 20
10.185712948606703
 30
0.0
 11
37.48614411616327
 21
13.062856572565467
 31
0.0
  0
LINE
  5
527
330
17
100
AcDbEntity
  8
E_ARMADO_FINO
100
AcDbLine
 10
23.077909511390633
 20
13.688342491627722
 30
0.0
 11
22.641755659465986
 21
13.83171826886614
 31
0.0
  0
LINE
  5
528
330
17
100
AcDbEntity
  8
E_COLUMNAS
100
AcDbLine
 10
34.43306715269074
 20
11.189343389275638
 30
0.0
 11
34.43306715269074
 21
14.066487013234404
 31
0.0
  0
LINE
  5
529
330
17
100
AcDbEntity
  8
E_COLUMNAS
100
AcDbLine
 10
34.43306715269074
 20
14.066487013234404
 30
0.0
 11
34.43306715269074
 21
16.943630637193166
 31
0.0
  0
LINE
  5
52A
330
17
100
AcDbEntity
  8
E_COLUMNAS
100
AcDbLine
 10
40.234728050594825
 20
12.028569422910056
 30
0.0
 11
40.234728050594825
 21
14.905713046868819
 31
0.0
  0
LINE
  5
52B
330
17
100
AcDbEntity
  8
E_ARMADO_FINO
100
AcDbLine
 10
24.138206912656496
 20
14.835051238209077
 30
0.0
 11
24.574360764581144
 21
14.691675460970659
 31
0.0
  0
LINE
  5
52C
330
17
100
AcDbEntity
  8
E_COLUMNAS
100
AcDbLine
 10
37.18165108712229
 20
13.032199863578992
 30
0.0
 11
37.18165108712229
 21
15.909343487537756
 31
0.0
  0
LINE
  5
52D
330
17
100
AcDbEntity
  8
E_COLUMNAS
100
AcDbLine
 10
37.18165108712229
 20
15.909343487537756
 30
0.0
 11
37.18165108712229
 21
18.78648711149652
 31
0.0
  0
LINE
  5
52E
330
17
100
AcDbEntity
  8
E_COLUMNAS
100
AcDbLine
 10
42.98331198502638
 20
13.871425897213408
 30
0.0
 11
42.98331198502638
 21
16.748569521172172
 31
0.0
  0
LINE
  5
52F
330
17
100
AcDbEntity
  8
E_ARMADO_FINO
100
AcDbLine
 10
26.886790847088054
 20
16.67790771251243
 30
0.0
 11
29.635374781519616
 21
18.520764186815782
 31
0.0
  0
LINE
  5
530
330
17
100
AcDbEntity
  8
E_COLUMNAS
100
AcDbLine
 10
39.93023502155385
 20
14.875056337882345
 30
0.0
 11
39.93023502155385
 21
17.752199961841107
 31
0.0
  0
LINE
  5
531
330
17
100
AcDbEntity
  8
E_COLUMNAS
100
AcDbLine
 10
39.93023502155385
 20
17.752199961841107
 30
0.0
 11
39.93023502155385
 21
20.629343585799873
 31
0.0
  0
LINE
  5
532
330
17
100
AcDbEntity
  8
E_COLUMNAS
100
AcDbLine
 10
36.43937487154411
 20
10.52981481397891
 30
0.0
 11
36.43937487154411
 21
13.406958437937673
 31
0.0
  0
LINE
  5
533
330
17
100
AcDbEntity
  8
E_COLUMNAS
100
AcDbLine
 10
36.43937487154411
 20
13.406958437937673
 30
0.0
 11
36.43937487154411
 21
16.284102061896437
 31
0.0
  0
LINE
  5
534
330
17
100
AcDbEntity
  8
E_COLUMNAS
100
AcDbLine
 10
39.18795880597567
 20
12.372671288282262
 30
0.0
 11
39.18795880597567
 21
15.249814912241026
 31
0.0
  0
LINE
  5
535
330
17
100
AcDbEntity
  8
E_COLUMNAS
100
AcDbLine
 10
39.18795880597567
 20
15.249814912241026
 30
0.0
 11
39.18795880597567
 21
18.12695853619979
 31
0.0
  0
LINE
  5
536
330
17
100
AcDbEntity
  8
E_COLUMNAS
100
AcDbLine
 10
41.936542740407226
 20
14.215527762585614
 30
0.0
 11
41.936542740407226
 21
17.092671386544378
 31
0.0
  0
LINE
  5
537
330
17
100
AcDbEntity
  8
E_COLUMNAS
100
AcDbLine
 10
41.936542740407226
 20
17.092671386544378
 30
0.0
 11
41.936542740407226
 21
19.96981501050314
 31
0.0
  0
LINE
  5
538
330
17
100
AcDbEntity
  8
E_COLUMNAS
100
AcDbLine
 10
24.574360764581144
 20
11.814531837011895
 30
0.0
 11
24.574360764581144
 21
14.691675460970659
 31
0.0
  0
LINE
  5
539
330
17
100
AcDbEntity
  8
E_VIGAS_ACERO
100
AcDbLine
 10
37.48614411616327
 20
13.062856572565467
 30
0.0
 11
36.43937487154411
 21
13.406958437937673
 31
0.0
  0
LINE
  5
53A
330
17
100
AcDbEntity
  8
E_COLUMNAS
100
AcDbLine
 10
27.322944699012705
 20
13.657388311315247
 30
0.0
 11
27.322944699012705
 21
16.53453193527401
 31
0.0
  0
LINE
  5
53B
330
17
100
AcDbEntity
  8
E_VIGAS_ACERO
100
AcDbLine
 10
36.43937487154411
 20
13.406958437937673
 30
0.0
 11
34.43306715269074
 21
14.066487013234404
 31
0.0
  0
LINE
  5
53C
330
17
100
AcDbEntity
  8
E_COLUMNAS
100
AcDbLine
 10
30.071528633444263
 20
15.500244785618598
 30
0.0
 11
30.071528633444263
 21
18.377388409577364
 31
0.0
  0
LINE
  5
53D
330
17
100
AcDbEntity
  8
E_VIGAS_ACERO
100
AcDbLine
 10
34.43306715269074
 20
14.066487013234404
 30
0.0
 11
30.071528633444263
 21
15.500244785618598
 31
0.0
  0
LINE
  5
53E
330
17
100
AcDbEntity
  8
E_COLUMNAS
100
AcDbLine
 10
32.82011256787582
 20
17.34310125992195
 30
0.0
 11
32.82011256787582
 21
20.220244883880714
 31
0.0
  0
LINE
  5
53F
330
17
100
AcDbEntity
  8
E_ARMADO_FINO
100
AcDbLine
 10
26.886790847088054
 20
16.67790771251243
 30
0.0
 11
24.138206912656496
 21
14.835051238209077
 31
0.0
  0
LINE
  5
540
330
17
100
AcDbEntity
  8
E_COLUMNAS
100
AcDbLine
 10
35.568696502307375
 20
19.185957734225305
 30
0.0
 11
35.568696502307375
 21
22.063101358184067
 31
0.0
  0
LINE
  5
541
330
17
100
AcDbEntity
  8
E_ARMADO_FINO
100
AcDbLine
 10
24.138206912656496
 20
14.835051238209077
 30
0.0
 11
22.641755659465986
 21
13.83171826886614
 31
0.0
  0
LINE
  5
542
330
17
100
AcDbEntity
  8
E_ARMADO_FINO
100
AcDbLine
 10
29.635374781519616
 20
18.520764186815782
 30
0.0
 11
30.071528633444263
 21
18.377388409577364
 31
0.0
  0
LINE
  5
543
330
17
100
AcDbEntity
  8
E_VIGAS_ACERO
100
AcDbLine
 10
40.234728050594825
 20
14.905713046868819
 30
0.0
 11
39.18795880597567
 21
15.249814912241026
 31
0.0
  0
LINE
  5
544
330
17
100
AcDbEntity
  8
E_VIGAS_ACERO
100
AcDbLine
 10
39.18795880597567
 20
15.249814912241026
 30
0.0
 11
37.18165108712229
 21
15.909343487537756
 31
0.0
  0
LINE
  5
545
330
17
100
AcDbEntity
  8
E_VIGAS_ACERO
100
AcDbLine
 10
42.98331198502638
 20
16.748569521172172
 30
0.0
 11
41.936542740407226
 21
17.092671386544378
 31
0.0
  0
LINE
  5
546
330
17
100
AcDbEntity
  8
E_VIGAS_ACERO
100
AcDbLine
 10
41.936542740407226
 20
17.092671386544378
 30
0.0
 11
39.93023502155385
 21
17.752199961841107
 31
0.0
  0
LINE
  5
547
330
17
100
AcDbEntity
  8
E_VIGAS_ACERO
100
AcDbLine
 10
39.93023502155385
 20
17.752199961841107
 30
0.0
 11
39.58131194001413
 21
17.866900583631843
 31
0.0
  0
LINE
  5
548
330
17
100
AcDbEntity
  8
E_VIGAS_ACERO
100
AcDbLine
 10
37.18165108712229
 20
15.909343487537756
 30
0.0
 11
36.832728005582574
 21
16.024044109328493
 31
0.0
  0
LINE
  5
549
330
17
100
AcDbEntity
  8
E_VIGAS_ACERO
100
AcDbLine
 10
42.98331198502638
 20
16.748569521172172
 30
0.0
 11
44.082745558799004
 21
17.485712110893513
 31
0.0
  0
LINE
  5
54A
330
17
100
AcDbEntity
  8
E_VIGAS_ACERO
100
AcDbLine
 10
41.936542740407226
 20
17.092671386544378
 30
0.0
 11
43.03597631417985
 21
17.82981397626572
 31
0.0
  0
LINE
  5
54B
330
17
100
AcDbEntity
  8
E_VIGAS_ACERO
100
AcDbLine
 10
39.93023502155385
 20
17.752199961841107
 30
0.0
 11
41.02966859532647
 21
18.489342551562448
 31
0.0
  0
LINE
  5
54C
330
17
100
AcDbEntity
  8
E_VIGAS_ACERO
100
AcDbLine
 10
42.98331198502638
 20
16.748569521172172
 30
0.0
 11
43.85561968887568
 21
16.46181796669533
 31
0.0
  0
LINE
  5
54D
330
17
100
AcDbEntity
  8
E_VIGAS_ACERO
100
AcDbLine
 10
40.234728050594825
 20
14.905713046868819
 30
0.0
 11
41.10703575444412
 21
14.618961492391978
 31
0.0
  0
LINE
  5
54E
330
17
100
AcDbEntity
  8
E_VIGAS_ACERO
100
AcDbLine
 10
42.98331198502638
 20
16.748569521172172
 30
0.0
 11
40.234728050594825
 21
14.905713046868819
 31
0.0
  0
LINE
  5
54F
330
17
100
AcDbEntity
  8
E_VIGAS_ACERO
100
AcDbLine
 10
40.234728050594825
 20
14.905713046868819
 30
0.0
 11
37.48614411616327
 21
13.062856572565467
 31
0.0
  0
LINE
  5
550
330
17
100
AcDbEntity
  8
E_VIGAS_ACERO
100
AcDbLine
 10
37.48614411616327
 20
13.062856572565467
 30
0.0
 11
34.73756018173171
 21
11.220000098262114
 31
0.0
  0
LINE
  5
551
330
17
100
AcDbEntity
  8
E_VIGAS_ACERO
100
AcDbLine
 10
34.73756018173171
 20
11.220000098262114
 30
0.0
 11
31.98897624730015
 21
9.377143623958764
 31
0.0
  0
LINE
  5
552
330
17
100
AcDbEntity
  8
E_VIGAS_ACERO
100
AcDbLine
 10
39.93023502155385
 20
17.752199961841107
 30
0.0
 11
37.18165108712229
 21
15.909343487537756
 31
0.0
  0
LINE
  5
553
330
17
100
AcDbEntity
  8
E_VIGAS_ACERO
100
AcDbLine
 10
37.18165108712229
 20
15.909343487537756
 30
0.0
 11
34.43306715269074
 21
14.066487013234404
 31
0.0
  0
LINE
  5
554
330
17
100
AcDbEntity
  8
E_VIGAS_ACERO
100
AcDbLine
 10
34.43306715269074
 20
14.066487013234404
 30
0.0
 11
31.684483218259178
 21
12.223630538931051
 31
0.0
  0
LINE
  5
555
330
17
100
AcDbEntity
  8
E_VIGAS_ACERO
100
AcDbLine
 10
31.684483218259178
 20
12.223630538931051
 30
0.0
 11
28.935899283827617
 21
10.3807740646277
 31
0.0
  0
LINE
  5
556
330
17
100
AcDbEntity
  8
E_VIGAS_ACERO
100
AcDbLine
 10
37.48614411616327
 20
13.062856572565467
 30
0.0
 11
38.35845182001256
 21
12.776105018088627
 31
0.0
  0
LINE
  5
557
330
17
100
AcDbEntity
  8
E_VIGAS_ACERO
100
AcDbLine
 10
34.73756018173171
 20
11.220000098262114
 30
0.0
 11
35.609867885581004
 21
10.933248543785275
 31
0.0
  0
LINE
  5
558
330
17
100
AcDbEntity
  8
E_VIGAS_ACERO
100
AcDbLine
 10
31.98897624730015
 20
9.377143623958764
 30
0.0
 11
32.861283951149446
 21
9.090392069481924
 31
0.0
  0
LINE
  5
559
330
17
100
AcDbEntity
  8
E_ARMADO_FINO
100
AcDbLine
 10
29.635374781519616
 20
18.520764186815782
 30
0.0
 11
31.467764071140653
 21
19.749335169684684
 31
0.0
  0
LINE
  5
55A
330
17
100
AcDbEntity
  8
E_VIGAS_ACERO
100
AcDbLine
 10
28.935899283827617
 20
10.3807740646277
 30
0.0
 11
27.439448030637106
 21
9.377441095284762
 31
0.0
  0
LINE
  5
55B
330
17
100
AcDbEntity
  8
E_ARMADO_FINO
100
AcDbLine
 10
44.9550532626483
 20
17.198960556416672
 30
0.0
 11
43.85561968887568
 21
16.46181796669533
 31
0.0
  0
LINE
  5
55C
330
17
100
AcDbEntity
  8
E_ARMADO_FINO
100
AcDbLine
 10
43.85561968887568
 20
16.46181796669533
 30
0.0
 11
41.10703575444412
 21
14.618961492391978
 31
0.0
  0
LINE
  5
55D
330
17
100
AcDbEntity
  8
E_ARMADO_FINO
100
AcDbLine
 10
41.10703575444412
 20
14.618961492391978
 30
0.0
 11
38.35845182001256
 21
12.776105018088627
 31
0.0
  0
LINE
  5
55E
330
17
100
AcDbEntity
  8
E_ARMADO_FINO
100
AcDbLine
 10
38.35845182001256
 20
12.776105018088627
 30
0.0
 11
35.609867885581004
 21
10.933248543785275
 31
0.0
  0
LINE
  5
55F
330
17
100
AcDbEntity
  8
E_ARMADO_FINO
100
AcDbLine
 10
35.609867885581004
 20
10.933248543785275
 30
0.0
 11
32.861283951149446
 21
9.090392069481924
 31
0.0
  0
LINE
  5
560
330
17
100
AcDbEntity
  8
E_ARMADO
100
AcDbLine
 10
36.47923519276756
 20
18.315534901396774
 30
0.0
 11
37.48238905219425
 21
17.98577061374841
 31
0.0
  0
LINE
  5
561
330
17
100
AcDbEntity
  8
E_VIGAS_ACERO
100
AcDbLine
 10
27.439448030637106
 20
9.377441095284762
 30
0.0
 11
23.077909511390626
 21
10.811198867668962
 31
0.0
  0
LINE
  5
562
330
17
100
AcDbEntity
  8
E_VIGAS_ACERO
100
AcDbLine
 10
41.936542740407226
 20
17.092671386544378
 30
0.0
 11
39.18795880597567
 21
15.249814912241026
 31
0.0
  0
LINE
  5
563
330
17
100
AcDbEntity
  8
E_ARMADO_FINO
100
AcDbLine
 10
39.18795880597567
 20
15.249814912241026
 30
0.0
 11
36.43937487154411
 21
13.406958437937673
 31
0.0
  0
LINE
  5
564
330
17
100
AcDbEntity
  8
E_ARMADO
100
AcDbLine
 10
36.47923519276756
 20
15.438391277438011
 30
0.0
 11
37.48238905219425
 21
15.108626989789645
 31
0.0
  0
LINE
  5
565
330
17
100
AcDbEntity
  8
E_ARMADO_FINO
100
AcDbLine
 10
42.89350289233706
 20
25.666782086888368
 30
0.0
 11
44.9434259963829
 21
24.992915933867796
 31
0.0
  0
LINE
  5
566
330
17
100
AcDbEntity
  8
E_ARMADO_FINO
100
AcDbLine
 10
38.18480494654898
 20
15.579579199889391
 30
0.0
 11
35.43622101211742
 21
13.736722725586038
 31
0.0
  0
LINE
  5
567
330
17
100
AcDbEntity
  8
E_ARMADO_FINO
100
AcDbLine
 10
35.361327056115925
 20
16.141548548425373
 30
0.0
 11
32.97922097960857
 21
14.544406270695802
 31
0.0
  0
LINE
  5
568
330
17
100
AcDbEntity
  8
E_ARMADO_FINO
100
AcDbLine
 10
33.90748088303377
 20
16.61946780588677
 30
0.0
 11
31.52537480652642
 21
15.0223255281572
 31
0.0
  0
LINE
  5
569
330
17
100
AcDbEntity
  8
E_ARMADO_FINO
100
AcDbLine
 10
32.97922097960857
 20
14.544406270695802
 30
0.0
 11
30.230637045177016
 21
12.70154979639245
 31
0.0
  0
LINE
  5
56A
330
17
100
AcDbEntity
  8
E_ARMADO_FINO
100
AcDbLine
 10
31.52537480652642
 20
15.0223255281572
 30
0.0
 11
28.776790872094864
 21
13.179469053853847
 31
0.0
  0
LINE
  5
56B
330
17
100
AcDbEntity
  8
E_ARMADO_FINO
100
AcDbLine
 10
36.468451795005755
 20
13.397400052788447
 30
0.0
 11
33.7198678605742
 21
11.554543578485095
 31
0.0
  0
LINE
  5
56C
330
17
100
AcDbEntity
  8
E_ARMADO_FINO
100
AcDbLine
 10
35.45075947384825
 20
13.731943533011425
 30
0.0
 11
32.702175539416686
 21
11.889087058708071
 31
0.0
  0
LINE
  5
56D
330
17
100
AcDbEntity
  8
E_ARMADO_FINO
100
AcDbLine
 10
33.7198678605742
 20
11.554543578485095
 30
0.0
 11
30.971283926142647
 21
9.711687104181738
 31
0.0
  0
LINE
  5
56E
330
17
100
AcDbEntity
  8
E_ARMADO_FINO
100
AcDbLine
 10
32.702175539416686
 20
11.889087058708071
 30
0.0
 11
29.95359160498513
 21
10.04623058440472
 31
0.0
  0
LINE
  5
56F
330
17
100
AcDbEntity
  8
E_ARMADO_FINO
100
AcDbLine
 10
30.230637045177016
 20
12.70154979639245
 30
0.0
 11
27.48205311074546
 21
10.858693322089097
 31
0.0
  0
LINE
  5
570
330
17
100
AcDbEntity
  8
E_ARMADO_FINO
100
AcDbLine
 10
28.776790872094864
 20
13.179469053853847
 30
0.0
 11
26.028206937663306
 21
11.336612579550494
 31
0.0
  0
LINE
  5
571
330
17
100
AcDbEntity
  8
E_ARMADO_FINO
100
AcDbLine
 10
27.48205311074546
 20
10.858693322089097
 30
0.0
 11
25.985601857554947
 21
9.855360352746162
 31
0.0
  0
LINE
  5
572
330
17
100
AcDbEntity
  8
E_ARMADO_FINO
100
AcDbLine
 10
26.028206937663306
 20
11.336612579550494
 30
0.0
 11
24.531755684472795
 21
10.33327961020756
 31
0.0
  0
LINE
  5
573
330
17
100
AcDbEntity
  8
E_ARMADO_FINO
100
AcDbLine
 10
41.14250738157145
 20
16.560290627301185
 30
0.0
 11
39.13619966271806
 21
17.219819202597918
 31
0.0
  0
LINE
  5
574
330
17
100
AcDbEntity
  8
E_ARMADO_FINO
100
AcDbLine
 10
39.13619966271806
 20
17.219819202597918
 30
0.0
 11
38.78727658117835
 21
17.334519824388654
 31
0.0
  0
LINE
  5
575
330
17
100
AcDbEntity
  8
E_ARMADO_FINO
100
AcDbLine
 10
36.466250147658364
 20
15.77832991275471
 30
0.0
 11
36.81517322919808
 21
15.663629290963975
 31
0.0
  0
LINE
  5
576
330
17
100
AcDbEntity
  8
E_ARMADO_FINO
100
AcDbLine
 10
28.935899283827617
 20
13.257917688586463
 30
0.0
 11
27.439448030637106
 21
12.254584719243526
 31
0.0
  0
LINE
  5
577
330
17
100
AcDbEntity
  8
E_ARMADO_FINO
100
AcDbLine
 10
27.439448030637106
 20
12.254584719243526
 30
0.0
 11
23.077909511390633
 21
13.688342491627722
 31
0.0
  0
LINE
  5
578
330
17
100
AcDbEntity
  8
E_ARMADO_FINO
100
AcDbLine
 10
23.077909511390633
 20
13.688342491627722
 30
0.0
 11
24.574360764581144
 21
14.691675460970659
 31
0.0
  0
LINE
  5
579
330
17
100
AcDbEntity
  8
E_VIGAS_ACERO
100
AcDbLine
 10
28.935899283827617
 20
13.257917688586463
 30
0.0
 11
24.574360764581144
 21
14.691675460970659
 31
0.0
  0
LINE
  5
57A
330
17
100
AcDbEntity
  8
E_VIGAS_ACERO
100
AcDbLine
 10
34.43306715269074
 20
16.943630637193166
 30
0.0
 11
31.684483218259178
 21
15.100774162889813
 31
0.0
  0
LINE
  5
57B
330
17
100
AcDbEntity
  8
E_VIGAS_ACERO
100
AcDbLine
 10
31.684483218259178
 20
15.100774162889813
 30
0.0
 11
28.935899283827617
 21
13.257917688586463
 31
0.0
  0
LINE
  5
57C
330
17
100
AcDbEntity
  8
E_VIGAS_ACERO
100
AcDbLine
 10
36.43937487154411
 20
16.284102061896437
 30
0.0
 11
34.43306715269074
 21
16.943630637193166
 31
0.0
  0
LINE
  5
57D
330
17
100
AcDbEntity
  8
E_ARMADO_FINO
100
AcDbLine
 10
42.00784806902023
 20
25.072972778501732
 30
0.0
 11
44.057771173066065
 21
24.39910662548116
 31
0.0
  0
LINE
  5
57E
330
17
100
AcDbEntity
  8
E_VIGAS_ACERO
100
AcDbLine
 10
39.18795880597567
 20
18.12695853619979
 30
0.0
 11
36.43937487154411
 21
16.284102061896437
 31
0.0
  0
LINE
  5
57F
330
17
100
AcDbEntity
  8
E_VIGAS_ACERO
100
AcDbLine
 10
41.936542740407226
 20
19.96981501050314
 30
0.0
 11
39.18795880597567
 21
18.12695853619979
 31
0.0
  0
LINE
  5
580
330
17
100
AcDbEntity
  8
E_VIGAS_ACERO
100
AcDbLine
 10
41.936542740407226
 20
19.96981501050314
 30
0.0
 11
39.93023502155385
 21
20.629343585799873
 31
0.0
  0
LINE
  5
581
330
17
100
AcDbEntity
  8
E_VIGAS_ACERO
100
AcDbLine
 10
39.93023502155385
 20
20.629343585799873
 30
0.0
 11
35.568696502307375
 21
22.063101358184067
 31
0.0
  0
LINE
  5
582
330
17
100
AcDbEntity
  8
E_VIGAS_ACERO
100
AcDbLine
 10
35.568696502307375
 20
22.063101358184067
 30
0.0
 11
32.472004153642374
 21
23.081069376576846
 31
0.0
  0
LINE
  5
583
330
17
100
AcDbEntity
  8
E_VIGAS_ACERO
100
AcDbLine
 10
32.472004153642374
 20
23.081069376576846
 30
0.0
 11
30.64015797555886
 21
23.68324764097821
 31
0.0
  0
LINE
  5
584
330
17
100
AcDbEntity
  8
E_VIGAS_ACERO
100
AcDbLine
 10
30.64015797555886
 20
23.68324764097821
 30
0.0
 11
27.543465626893862
 21
24.701215659370988
 31
0.0
  0
LINE
  5
585
330
17
100
AcDbEntity
  8
E_VIGAS_ACERO
100
AcDbLine
 10
27.543465626893862
 20
24.701215659370988
 30
0.0
 11
25.711619448810346
 21
25.303393923772347
 31
0.0
  0
LINE
  5
586
330
17
100
AcDbEntity
  8
E_VIGAS_ACERO
100
AcDbLine
 10
39.18795880597567
 20
18.12695853619979
 30
0.0
 11
37.18165108712229
 21
18.78648711149652
 31
0.0
  0
LINE
  5
587
330
17
100
AcDbEntity
  8
E_VIGAS_ACERO
100
AcDbLine
 10
37.18165108712229
 20
18.78648711149652
 30
0.0
 11
32.82011256787582
 21
20.220244883880714
 31
0.0
  0
LINE
  5
588
330
17
100
AcDbEntity
  8
E_VIGAS_ACERO
100
AcDbLine
 10
32.82011256787582
 20
20.220244883880714
 30
0.0
 11
29.72342021921082
 21
21.238212902273492
 31
0.0
  0
LINE
  5
589
330
17
100
AcDbEntity
  8
E_VIGAS_ACERO
100
AcDbLine
 10
29.72342021921082
 20
21.238212902273492
 30
0.0
 11
27.891574041127303
 21
21.840391166674856
 31
0.0
  0
LINE
  5
58A
330
17
100
AcDbEntity
  8
E_VIGAS_ACERO
100
AcDbLine
 10
27.891574041127303
 20
21.840391166674856
 30
0.0
 11
24.794881692462308
 21
22.858359185067634
 31
0.0
  0
LINE
  5
58B
330
17
100
AcDbEntity
  8
E_VIGAS_ACERO
100
AcDbLine
 10
24.794881692462308
 20
22.858359185067634
 30
0.0
 11
22.963035514378785
 21
23.460537449468998
 31
0.0
  0
LINE
  5
58C
330
17
100
AcDbEntity
  8
E_VIGAS_ACERO
100
AcDbLine
 10
25.711619448810346
 20
25.303393923772347
 30
0.0
 11
22.963035514378785
 21
23.460537449468998
 31
0.0
  0
LINE
  5
58D
330
17
100
AcDbEntity
  8
E_VIGAS_ACERO
100
AcDbLine
 10
27.543465626893862
 20
24.701215659370988
 30
0.0
 11
24.794881692462308
 21
22.858359185067634
 31
0.0
  0
LINE
  5
58E
330
17
100
AcDbEntity
  8
E_VIGAS_ACERO
100
AcDbLine
 10
30.64015797555886
 20
23.68324764097821
 30
0.0
 11
27.891574041127303
 21
21.840391166674856
 31
0.0
  0
LINE
  5
58F
330
17
100
AcDbEntity
  8
E_VIGAS_ACERO
100
AcDbLine
 10
32.472004153642374
 20
23.081069376576846
 30
0.0
 11
29.72342021921082
 21
21.238212902273492
 31
0.0
  0
LINE
  5
590
330
17
100
AcDbEntity
  8
E_VIGAS_ACERO
100
AcDbLine
 10
35.568696502307375
 20
22.063101358184067
 30
0.0
 11
32.82011256787582
 21
20.220244883880714
 31
0.0
  0
LINE
  5
591
330
17
100
AcDbEntity
  8
E_VIGAS_ACERO
100
AcDbLine
 10
32.82011256787582
 20
20.220244883880714
 30
0.0
 11
30.071528633444263
 21
18.377388409577364
 31
0.0
  0
LINE
  5
592
330
17
100
AcDbEntity
  8
E_VIGAS_ACERO
100
AcDbLine
 10
30.071528633444263
 20
18.377388409577364
 30
0.0
 11
27.322944699012705
 21
16.53453193527401
 31
0.0
  0
LINE
  5
593
330
17
100
AcDbEntity
  8
E_VIGAS_ACERO
100
AcDbLine
 10
27.322944699012705
 20
16.53453193527401
 30
0.0
 11
24.574360764581144
 21
14.691675460970659
 31
0.0
  0
LINE
  5
594
330
17
100
AcDbEntity
  8
E_VIGAS_ACERO
100
AcDbLine
 10
31.684483218259178
 20
15.100774162889813
 30
0.0
 11
27.322944699012705
 21
16.53453193527401
 31
0.0
  0
LINE
  5
595
330
17
100
AcDbEntity
  8
E_VIGAS_ACERO
100
AcDbLine
 10
34.43306715269074
 20
16.943630637193166
 30
0.0
 11
30.071528633444263
 21
18.377388409577364
 31
0.0
  0
LINE
  5
596
330
17
100
AcDbEntity
  8
E_VIGAS_ACERO
100
AcDbLine
 10
39.93023502155385
 20
20.629343585799873
 30
0.0
 11
37.18165108712229
 21
18.78648711149652
 31
0.0
  0
LINE
  5
597
330
17
100
AcDbEntity
  8
E_VIGAS_ACERO
100
AcDbLine
 10
37.18165108712229
 20
18.78648711149652
 30
0.0
 11
34.43306715269074
 21
16.943630637193166
 31
0.0
  0
LINE
  5
598
330
17
100
AcDbEntity
  8
E_VIGAS_ACERO
100
AcDbLine
 10
35.568696502307375
 20
22.063101358184067
 30
0.0
 11
37.55378489939683
 21
23.394053256292043
 31
0.0
  0
LINE
  5
599
330
17
100
AcDbEntity
  8
E_VIGAS_ACERO
100
AcDbLine
 10
37.55378489939683
 20
23.394053256292043
 30
0.0
 11
39.99697061889155
 21
25.032147900117245
 31
0.0
  0
LINE
  5
59A
330
17
100
AcDbEntity
  8
E_VIGAS_ACERO
100
AcDbLine
 10
39.99697061889155
 20
25.032147900117245
 30
0.0
 11
42.44015633838627
 21
26.670242543942447
 31
0.0
  0
LINE
  5
59B
330
17
100
AcDbEntity
  8
E_VIGAS_ACERO
100
AcDbLine
 10
42.44015633838627
 20
26.670242543942447
 30
0.0
 11
46.80169485763274
 21
25.236484771558253
 31
0.0
  0
LINE
  5
59C
330
17
100
AcDbEntity
  8
E_VIGAS_ACERO
100
AcDbLine
 10
46.80169485763274
 20
25.236484771558253
 30
0.0
 11
44.358509138138025
 21
23.59839012773305
 31
0.0
  0
LINE
  5
59D
330
17
100
AcDbEntity
  8
E_VIGAS_ACERO
100
AcDbLine
 10
44.358509138138025
 20
23.59839012773305
 30
0.0
 11
39.99697061889155
 21
25.032147900117245
 31
0.0
  0
LINE
  5
59E
330
17
100
AcDbEntity
  8
E_VIGAS_ACERO
100
AcDbLine
 10
44.358509138138025
 20
23.59839012773305
 30
0.0
 11
41.915323418643304
 21
21.96029548390785
 31
0.0
  0
LINE
  5
59F
330
17
100
AcDbEntity
  8
E_VIGAS_ACERO
100
AcDbLine
 10
41.915323418643304
 20
21.96029548390785
 30
0.0
 11
37.55378489939683
 21
23.394053256292043
 31
0.0
  0
LINE
  5
5A0
330
17
100
AcDbEntity
  8
E_VIGAS_ACERO
100
AcDbLine
 10
36.87715805808132
 20
21.63297402646881
 30
0.0
 11
38.86224645517078
 21
22.963925924576785
 31
0.0
  0
LINE
  5
5A1
330
17
100
AcDbEntity
  8
E_VIGAS_ACERO
100
AcDbLine
 10
39.93023502155385
 20
20.629343585799873
 30
0.0
 11
41.02966859532647
 21
21.366486175521214
 31
0.0
  0
LINE
  5
5A2
330
17
100
AcDbEntity
  8
E_VIGAS_ACERO
100
AcDbLine
 10
41.02966859532647
 20
21.366486175521214
 30
0.0
 11
43.03597631417985
 21
20.706957600224484
 31
0.0
  0
LINE
  5
5A3
330
17
100
AcDbEntity
  8
E_VIGAS_ACERO
100
AcDbLine
 10
43.03597631417985
 20
20.706957600224484
 30
0.0
 11
41.936542740407226
 21
19.96981501050314
 31
0.0
  0
LINE
  5
5A4
330
17
100
AcDbEntity
  8
E_COLUMNAS
100
AcDbLine
 10
41.02966859532647
 20
18.489342551562448
 30
0.0
 11
41.02966859532647
 21
21.366486175521214
 31
0.0
  0
LINE
  5
5A5
330
17
100
AcDbEntity
  8
E_COLUMNAS
100
AcDbLine
 10
43.03597631417985
 20
17.82981397626572
 30
0.0
 11
43.03597631417985
 21
20.706957600224484
 31
0.0
  0
LINE
  5
5A6
330
17
100
AcDbEntity
  8
E_COLUMNAS
100
AcDbLine
 10
41.915323418643304
 20
19.083151859949083
 30
0.0
 11
41.915323418643304
 21
21.96029548390785
 31
0.0
  0
LINE
  5
5A7
330
17
100
AcDbEntity
  8
E_COLUMNAS
100
AcDbLine
 10
37.55378489939683
 20
20.51690963233328
 30
0.0
 11
37.55378489939683
 21
23.394053256292043
 31
0.0
  0
LINE
  5
5A8
330
17
100
AcDbEntity
  8
E_COLUMNAS
100
AcDbLine
 10
44.358509138138025
 20
20.721246503774285
 30
0.0
 11
44.358509138138025
 21
23.59839012773305
 31
0.0
  0
LINE
  5
5A9
330
17
100
AcDbEntity
  8
E_COLUMNAS
100
AcDbLine
 10
39.99697061889155
 20
22.155004276158483
 30
0.0
 11
39.99697061889155
 21
25.032147900117245
 31
0.0
  0
LINE
  5
5AA
330
17
100
AcDbEntity
  8
E_COLUMNAS
100
AcDbLine
 10
46.80169485763274
 20
22.359341147599487
 30
0.0
 11
46.80169485763274
 21
25.236484771558253
 31
0.0
  0
LINE
  5
5AB
330
17
100
AcDbEntity
  8
E_COLUMNAS
100
AcDbLine
 10
42.44015633838627
 20
23.793098919983684
 30
0.0
 11
42.44015633838627
 21
26.670242543942447
 31
0.0
  0
LINE
  5
5AC
330
17
100
AcDbEntity
  8
E_COLUMNAS
100
AcDbLine
 10
29.72342021921082
 20
18.36106927831473
 30
0.0
 11
29.72342021921082
 21
21.238212902273492
 31
0.0
  0
LINE
  5
5AD
330
17
100
AcDbEntity
  8
E_COLUMNAS
100
AcDbLine
 10
32.472004153642374
 20
20.203925752618083
 30
0.0
 11
32.472004153642374
 21
23.081069376576846
 31
0.0
  0
LINE
  5
5AE
330
17
100
AcDbEntity
  8
E_COLUMNAS
100
AcDbLine
 10
27.891574041127303
 20
18.96324754271609
 30
0.0
 11
27.891574041127303
 21
21.840391166674856
 31
0.0
  0
LINE
  5
5AF
330
17
100
AcDbEntity
  8
E_COLUMNAS
100
AcDbLine
 10
30.64015797555886
 20
20.806104017019443
 30
0.0
 11
30.64015797555886
 21
23.68324764097821
 31
0.0
  0
LINE
  5
5B0
330
17
100
AcDbEntity
  8
E_COLUMNAS
100
AcDbLine
 10
24.794881692462308
 20
19.98121556110887
 30
0.0
 11
24.794881692462308
 21
22.858359185067634
 31
0.0
  0
LINE
  5
5B1
330
17
100
AcDbEntity
  8
E_COLUMNAS
100
AcDbLine
 10
27.543465626893862
 20
21.82407203541222
 30
0.0
 11
27.543465626893862
 21
24.701215659370988
 31
0.0
  0
LINE
  5
5B2
330
17
100
AcDbEntity
  8
E_COLUMNAS
100
AcDbLine
 10
22.963035514378785
 20
20.583393825510232
 30
0.0
 11
22.963035514378785
 21
23.460537449468998
 31
0.0
  0
LINE
  5
5B3
330
17
100
AcDbEntity
  8
E_COLUMNAS
100
AcDbLine
 10
25.711619448810346
 20
22.426250299813585
 30
0.0
 11
25.711619448810346
 21
25.303393923772347
 31
0.0
  0
LINE
  5
5B4
330
17
100
AcDbEntity
  8
E_ARMADO_FINO
100
AcDbLine
 10
27.845514654015997
 20
13.616357131682513
 30
0.0
 11
26.349063400825486
 21
12.613024162339576
 31
0.0
  0
LINE
  5
5B5
330
17
100
AcDbEntity
  8
E_ARMADO_FINO
100
AcDbLine
 10
26.755130024204384
 20
13.974796574778562
 30
0.0
 11
25.258678771013873
 21
12.971463605435625
 31
0.0
  0
LINE
  5
5B6
330
17
100
AcDbEntity
  8
E_ARMADO_FINO
100
AcDbLine
 10
25.664745394392764
 20
14.333236017874608
 30
0.0
 11
24.168294141202253
 21
13.329903048531675
 31
0.0
  0
LINE
  5
5B7
330
17
100
AcDbEntity
  8
E_ARMADO_FINO
100
AcDbLine
 10
30.594098588447558
 20
15.459213605985864
 30
0.0
 11
27.845514654015997
 21
13.616357131682513
 31
0.0
  0
LINE
  5
5B8
330
17
100
AcDbEntity
  8
E_ARMADO_FINO
100
AcDbLine
 10
29.503713958635938
 20
15.817653049081914
 30
0.0
 11
26.755130024204384
 21
13.974796574778562
 31
0.0
  0
LINE
  5
5B9
330
17
100
AcDbEntity
  8
E_ARMADO_FINO
100
AcDbLine
 10
28.41332932882432
 20
16.17609249217796
 30
0.0
 11
25.664745394392764
 21
14.333236017874608
 31
0.0
  0
LINE
  5
5BA
330
17
100
AcDbEntity
  8
E_ARMADO_FINO
100
AcDbLine
 10
33.342682522879116
 20
17.302070080289216
 30
0.0
 11
30.594098588447558
 21
15.459213605985864
 31
0.0
  0
LINE
  5
5BB
330
17
100
AcDbEntity
  8
E_ARMADO_FINO
100
AcDbLine
 10
32.25229789306749
 20
17.660509523385265
 30
0.0
 11
29.503713958635938
 21
15.817653049081914
 31
0.0
  0
LINE
  5
5BC
330
17
100
AcDbEntity
  8
E_ARMADO_FINO
100
AcDbLine
 10
31.16191326325588
 20
18.018948966481314
 30
0.0
 11
28.41332932882432
 21
16.17609249217796
 31
0.0
  0
LINE
  5
5BD
330
17
100
AcDbEntity
  8
E_ARMADO_FINO
100
AcDbLine
 10
36.091266457310674
 20
19.14492655459257
 30
0.0
 11
33.342682522879116
 21
17.302070080289216
 31
0.0
  0
LINE
  5
5BE
330
17
100
AcDbEntity
  8
E_ARMADO_FINO
100
AcDbLine
 10
35.00088182749906
 20
19.50336599768862
 30
0.0
 11
32.25229789306749
 21
17.660509523385265
 31
0.0
  0
LINE
  5
5BF
330
17
100
AcDbEntity
  8
E_ARMADO_FINO
100
AcDbLine
 10
33.910497197687434
 20
19.861805440784668
 30
0.0
 11
31.16191326325588
 21
18.018948966481314
 31
0.0
  0
LINE
  5
5C0
330
17
100
AcDbEntity
  8
E_ARMADO_FINO
100
AcDbLine
 10
38.18480494654898
 20
18.456722823848153
 30
0.0
 11
35.43622101211742
 21
16.6138663495448
 31
0.0
  0
LINE
  5
5C1
330
17
100
AcDbEntity
  8
E_ARMADO_FINO
100
AcDbLine
 10
44.7517717535869
 20
25.91035092457882
 30
0.0
 11
43.89665675176375
 21
25.33701779924
 31
0.0
  0
LINE
  5
5C2
330
17
100
AcDbEntity
  8
E_ARMADO_FINO
100
AcDbLine
 10
38.83985039174223
 20
20.987783028895922
 30
0.0
 11
36.091266457310674
 21
19.14492655459257
 31
0.0
  0
LINE
  5
5C3
330
17
100
AcDbEntity
  8
E_ARMADO_FINO
100
AcDbLine
 10
37.74946576193061
 20
21.346222471991968
 30
0.0
 11
35.00088182749906
 21
19.50336599768862
 31
0.0
  0
LINE
  5
5C4
330
17
100
AcDbEntity
  8
E_ARMADO_FINO
100
AcDbLine
 10
36.65908113211899
 20
21.704661915088018
 30
0.0
 11
33.910497197687434
 21
19.861805440784668
 31
0.0
  0
LINE
  5
5C5
330
17
100
AcDbEntity
  8
E_ARMADO_FINO
100
AcDbLine
 10
43.355355278711336
 20
23.928154415381414
 30
0.0
 11
40.912169559216615
 21
22.290059771556212
 31
0.0
  0
LINE
  5
5C6
330
17
100
AcDbEntity
  8
E_ARMADO_FINO
100
AcDbLine
 10
42.30858603409218
 20
24.272256280753624
 30
0.0
 11
39.865400314597466
 21
22.63416163692842
 31
0.0
  0
LINE
  5
5C7
330
17
100
AcDbEntity
  8
E_ARMADO_FINO
100
AcDbLine
 10
41.30543217466549
 20
24.602020568401986
 30
0.0
 11
38.86224645517078
 21
22.963925924576785
 31
0.0
  0
LINE
  5
5C8
330
17
100
AcDbEntity
  8
E_ARMADO_FINO
100
AcDbLine
 10
45.79854099820605
 20
25.566249059206616
 30
0.0
 11
43.355355278711336
 21
23.928154415381414
 31
0.0
  0
LINE
  5
5C9
330
17
100
AcDbEntity
  8
E_ARMADO_FINO
100
AcDbLine
 10
43.74861789416021
 20
26.240115212227188
 30
0.0
 11
41.30543217466549
 21
24.602020568401986
 31
0.0
  0
LINE
  5
5CA
330
17
100
AcDbEntity
  8
E_ARMADO_FINO
100
AcDbLine
 10
31.555809508831857
 20
22.466783885142394
 30
0.0
 11
34.65250185749686
 21
21.448815866749616
 31
0.0
  0
LINE
  5
5CB
330
17
100
AcDbEntity
  8
E_ARMADO_FINO
100
AcDbLine
 10
30.639614864021336
 20
21.852498393707943
 30
0.0
 11
33.736307212686334
 21
20.834530375315165
 31
0.0
  0
LINE
  5
5CC
330
17
100
AcDbEntity
  8
E_ARMADO_FINO
100
AcDbLine
 10
29.72396333074834
 20
23.068962149543758
 30
0.0
 11
31.555809508831857
 21
22.466783885142394
 31
0.0
  0
LINE
  5
5CD
330
17
100
AcDbEntity
  8
E_ARMADO_FINO
100
AcDbLine
 10
28.807768685937823
 20
22.454676658109307
 30
0.0
 11
30.639614864021336
 21
21.852498393707943
 31
0.0
  0
LINE
  5
5CE
330
17
100
AcDbEntity
  8
E_ARMADO_FINO
100
AcDbLine
 10
26.627270982083342
 20
24.086930167936536
 30
0.0
 11
29.72396333074834
 21
23.068962149543758
 31
0.0
  0
LINE
  5
5CF
330
17
100
AcDbEntity
  8
E_ARMADO_FINO
100
AcDbLine
 10
25.711076337272825
 20
23.472644676502085
 30
0.0
 11
28.807768685937823
 21
22.454676658109307
 31
0.0
  0
LINE
  5
5D0
330
17
100
AcDbEntity
  8
E_ARMADO_FINO
100
AcDbLine
 10
24.795424803999826
 20
24.689108432337896
 30
0.0
 11
26.627270982083342
 21
24.086930167936536
 31
0.0
  0
LINE
  5
5D1
330
17
100
AcDbEntity
  8
E_ARMADO_FINO
100
AcDbLine
 10
23.879230159189305
 20
24.07482294090345
 30
0.0
 11
25.711076337272825
 21
23.472644676502085
 31
0.0
  0
LINE
  5
5D2
330
17
100
AcDbEntity
  8
E_COLUMNAS
100
AcDbLine
 10
34.43306715269074
 20
16.943630637193166
 30
0.0
 11
34.43306715269074
 21
19.820774261151932
 31
0.0
  0
LINE
  5
5D3
330
17
100
AcDbEntity
  8
E_COLUMNAS
100
AcDbLine
 10
37.18165108712229
 20
18.78648711149652
 30
0.0
 11
37.18165108712229
 21
21.663630735455282
 31
0.0
  0
LINE
  5
5D4
330
17
100
AcDbEntity
  8
E_COLUMNAS
100
AcDbLine
 10
39.93023502155385
 20
20.629343585799873
 30
0.0
 11
39.93023502155385
 21
23.506487209758635
 31
0.0
  0
LINE
  5
5D5
330
17
100
AcDbEntity
  8
E_COLUMNAS
100
AcDbLine
 10
36.43937487154411
 20
16.284102061896437
 30
0.0
 11
36.43937487154411
 21
19.1612456858552
 31
0.0
  0
LINE
  5
5D6
330
17
100
AcDbEntity
  8
E_COLUMNAS
100
AcDbLine
 10
39.18795880597567
 20
18.12695853619979
 30
0.0
 11
39.18795880597567
 21
21.004102160158553
 31
0.0
  0
LINE
  5
5D7
330
17
100
AcDbEntity
  8
E_COLUMNAS
100
AcDbLine
 10
41.936542740407226
 20
19.96981501050314
 30
0.0
 11
41.936542740407226
 21
22.846958634461906
 31
0.0
  0
LINE
  5
5D8
330
17
100
AcDbEntity
  8
E_COLUMNAS
100
AcDbLine
 10
30.071528633444263
 20
18.377388409577364
 30
0.0
 11
30.071528633444263
 21
21.254532033536126
 31
0.0
  0
LINE
  5
5D9
330
17
100
AcDbEntity
  8
E_COLUMNAS
100
AcDbLine
 10
32.82011256787582
 20
20.220244883880714
 30
0.0
 11
32.82011256787582
 21
23.09738850783948
 31
0.0
  0
LINE
  5
5DA
330
17
100
AcDbEntity
  8
E_COLUMNAS
100
AcDbLine
 10
35.568696502307375
 20
22.063101358184067
 30
0.0
 11
35.568696502307375
 21
24.940244982142833
 31
0.0
  0
LINE
  5
5DB
330
17
100
AcDbEntity
  8
E_VIGAS_ACERO
100
AcDbLine
 10
36.43937487154411
 20
19.1612456858552
 30
0.0
 11
34.43306715269074
 21
19.820774261151932
 31
0.0
  0
LINE
  5
5DC
330
17
100
AcDbEntity
  8
E_VIGAS_ACERO
100
AcDbLine
 10
39.18795880597567
 20
21.004102160158553
 30
0.0
 11
36.43937487154411
 21
19.1612456858552
 31
0.0
  0
LINE
  5
5DD
330
17
100
AcDbEntity
  8
E_VIGAS_ACERO
100
AcDbLine
 10
41.936542740407226
 20
22.846958634461906
 30
0.0
 11
39.18795880597567
 21
21.004102160158553
 31
0.0
  0
LINE
  5
5DE
330
17
100
AcDbEntity
  8
E_VIGAS_ACERO
100
AcDbLine
 10
41.936542740407226
 20
22.846958634461906
 30
0.0
 11
39.93023502155385
 21
23.506487209758635
 31
0.0
  0
LINE
  5
5DF
330
17
100
AcDbEntity
  8
E_VIGAS_ACERO
100
AcDbLine
 10
39.93023502155385
 20
23.506487209758635
 30
0.0
 11
35.568696502307375
 21
24.940244982142833
 31
0.0
  0
LINE
  5
5E0
330
17
100
AcDbEntity
  8
E_VIGAS_ACERO
100
AcDbLine
 10
35.568696502307375
 20
24.940244982142833
 30
0.0
 11
32.472004153642374
 21
25.958213000535608
 31
0.0
  0
LINE
  5
5E1
330
17
100
AcDbEntity
  8
E_VIGAS_ACERO
100
AcDbLine
 10
32.472004153642374
 20
25.958213000535608
 30
0.0
 11
30.64015797555886
 21
26.56039126493697
 31
0.0
  0
LINE
  5
5E2
330
17
100
AcDbEntity
  8
E_VIGAS_ACERO
100
AcDbLine
 10
30.64015797555886
 20
26.56039126493697
 30
0.0
 11
27.543465626893862
 21
27.57835928332975
 31
0.0
  0
LINE
  5
5E3
330
17
100
AcDbEntity
  8
E_VIGAS_ACERO
100
AcDbLine
 10
27.543465626893862
 20
27.57835928332975
 30
0.0
 11
25.711619448810346
 21
28.180537547731113
 31
0.0
  0
LINE
  5
5E4
330
17
100
AcDbEntity
  8
E_VIGAS_ACERO
100
AcDbLine
 10
39.18795880597567
 20
21.004102160158553
 30
0.0
 11
37.18165108712229
 21
21.663630735455282
 31
0.0
  0
LINE
  5
5E5
330
17
100
AcDbEntity
  8
E_VIGAS_ACERO
100
AcDbLine
 10
37.18165108712229
 20
21.663630735455282
 30
0.0
 11
32.82011256787582
 21
23.09738850783948
 31
0.0
  0
LINE
  5
5E6
330
17
100
AcDbEntity
  8
E_VIGAS_ACERO
100
AcDbLine
 10
32.82011256787582
 20
23.09738850783948
 30
0.0
 11
29.72342021921082
 21
24.115356526232258
 31
0.0
  0
LINE
  5
5E7
330
17
100
AcDbEntity
  8
E_VIGAS_ACERO
100
AcDbLine
 10
29.72342021921082
 20
24.115356526232258
 30
0.0
 11
27.891574041127303
 21
24.71753479063362
 31
0.0
  0
LINE
  5
5E8
330
17
100
AcDbEntity
  8
E_VIGAS_ACERO
100
AcDbLine
 10
27.891574041127303
 20
24.71753479063362
 30
0.0
 11
24.794881692462308
 21
25.735502809026396
 31
0.0
  0
LINE
  5
5E9
330
17
100
AcDbEntity
  8
E_VIGAS_ACERO
100
AcDbLine
 10
24.794881692462308
 20
25.735502809026396
 30
0.0
 11
22.963035514378785
 21
26.33768107342776
 31
0.0
  0
LINE
  5
5EA
330
17
100
AcDbEntity
  8
E_VIGAS_ACERO
100
AcDbLine
 10
25.711619448810346
 20
28.180537547731113
 30
0.0
 11
22.963035514378785
 21
26.33768107342776
 31
0.0
  0
LINE
  5
5EB
330
17
100
AcDbEntity
  8
E_VIGAS_ACERO
100
AcDbLine
 10
27.543465626893862
 20
27.57835928332975
 30
0.0
 11
24.794881692462308
 21
25.735502809026396
 31
0.0
  0
LINE
  5
5EC
330
17
100
AcDbEntity
  8
E_VIGAS_ACERO
100
AcDbLine
 10
30.64015797555886
 20
26.56039126493697
 30
0.0
 11
27.891574041127303
 21
24.71753479063362
 31
0.0
  0
LINE
  5
5ED
330
17
100
AcDbEntity
  8
E_VIGAS_ACERO
100
AcDbLine
 10
32.472004153642374
 20
25.958213000535608
 30
0.0
 11
29.72342021921082
 21
24.115356526232258
 31
0.0
  0
LINE
  5
5EE
330
17
100
AcDbEntity
  8
E_VIGAS_ACERO
100
AcDbLine
 10
35.568696502307375
 20
24.940244982142833
 30
0.0
 11
32.82011256787582
 21
23.09738850783948
 31
0.0
  0
LINE
  5
5EF
330
17
100
AcDbEntity
  8
E_VIGAS_ACERO
100
AcDbLine
 10
32.82011256787582
 20
23.09738850783948
 30
0.0
 11
30.071528633444263
 21
21.254532033536126
 31
0.0
  0
LINE
  5
5F0
330
17
100
AcDbEntity
  8
E_VIGAS_ACERO
100
AcDbLine
 10
34.43306715269074
 20
19.820774261151932
 30
0.0
 11
30.071528633444263
 21
21.254532033536126
 31
0.0
  0
LINE
  5
5F1
330
17
100
AcDbEntity
  8
E_VIGAS_ACERO
100
AcDbLine
 10
39.93023502155385
 20
23.506487209758635
 30
0.0
 11
37.18165108712229
 21
21.663630735455282
 31
0.0
  0
LINE
  5
5F2
330
17
100
AcDbEntity
  8
E_VIGAS_ACERO
100
AcDbLine
 10
37.18165108712229
 20
21.663630735455282
 30
0.0
 11
34.43306715269074
 21
19.820774261151932
 31
0.0
  0
LINE
  5
5F3
330
17
100
AcDbEntity
  8
E_VIGAS_ACERO
100
AcDbLine
 10
39.93023502155385
 20
23.506487209758635
 30
0.0
 11
41.02966859532647
 21
24.243629799479976
 31
0.0
  0
LINE
  5
5F4
330
17
100
AcDbEntity
  8
E_VIGAS_ACERO
100
AcDbLine
 10
41.02966859532647
 20
24.243629799479976
 30
0.0
 11
43.03597631417985
 21
23.584101224183247
 31
0.0
  0
LINE
  5
5F5
330
17
100
AcDbEntity
  8
E_VIGAS_ACERO
100
AcDbLine
 10
43.03597631417985
 20
23.584101224183247
 30
0.0
 11
41.936542740407226
 21
22.846958634461906
 31
0.0
  0
LINE
  5
5F6
330
17
100
AcDbEntity
  8
E_COLUMNAS
100
AcDbLine
 10
41.02966859532647
 20
21.366486175521214
 30
0.0
 11
41.02966859532647
 21
24.243629799479976
 31
0.0
  0
LINE
  5
5F7
330
17
100
AcDbEntity
  8
E_COLUMNAS
100
AcDbLine
 10
43.03597631417985
 20
20.706957600224484
 30
0.0
 11
43.03597631417985
 21
23.584101224183247
 31
0.0
  0
LINE
  5
5F8
330
17
100
AcDbEntity
  8
E_COLUMNAS
100
AcDbLine
 10
29.72342021921082
 20
21.238212902273492
 30
0.0
 11
29.72342021921082
 21
24.115356526232258
 31
0.0
  0
LINE
  5
5F9
330
17
100
AcDbEntity
  8
E_COLUMNAS
100
AcDbLine
 10
32.472004153642374
 20
23.081069376576846
 30
0.0
 11
32.472004153642374
 21
25.958213000535608
 31
0.0
  0
LINE
  5
5FA
330
17
100
AcDbEntity
  8
E_COLUMNAS
100
AcDbLine
 10
27.891574041127303
 20
21.840391166674856
 30
0.0
 11
27.891574041127303
 21
24.71753479063362
 31
0.0
  0
LINE
  5
5FB
330
17
100
AcDbEntity
  8
E_COLUMNAS
100
AcDbLine
 10
30.64015797555886
 20
23.68324764097821
 30
0.0
 11
30.64015797555886
 21
26.56039126493697
 31
0.0
  0
LINE
  5
5FC
330
17
100
AcDbEntity
  8
E_COLUMNAS
100
AcDbLine
 10
24.794881692462308
 20
22.858359185067634
 30
0.0
 11
24.794881692462308
 21
25.735502809026396
 31
0.0
  0
LINE
  5
5FD
330
17
100
AcDbEntity
  8
E_COLUMNAS
100
AcDbLine
 10
27.543465626893862
 20
24.701215659370988
 30
0.0
 11
27.543465626893862
 21
27.57835928332975
 31
0.0
  0
LINE
  5
5FE
330
17
100
AcDbEntity
  8
E_COLUMNAS
100
AcDbLine
 10
22.963035514378785
 20
23.460537449468998
 30
0.0
 11
22.963035514378785
 21
26.33768107342776
 31
0.0
  0
LINE
  5
5FF
330
17
100
AcDbEntity
  8
E_COLUMNAS
100
AcDbLine
 10
25.711619448810346
 20
25.303393923772347
 30
0.0
 11
25.711619448810346
 21
28.180537547731113
 31
0.0
  0
LINE
  5
600
330
17
100
AcDbEntity
  8
E_ARMADO_FINO
100
AcDbLine
 10
36.091266457310674
 20
22.02207017855133
 30
0.0
 11
33.342682522879116
 21
20.17921370424798
 31
0.0
  0
LINE
  5
601
330
17
100
AcDbEntity
  8
E_ARMADO_FINO
100
AcDbLine
 10
35.00088182749906
 20
22.38050962164738
 30
0.0
 11
32.25229789306749
 21
20.53765314734403
 31
0.0
  0
LINE
  5
602
330
17
100
AcDbEntity
  8
E_ARMADO_FINO
100
AcDbLine
 10
33.910497197687434
 20
22.73894906474343
 30
0.0
 11
31.16191326325588
 21
20.896092590440077
 31
0.0
  0
LINE
  5
603
330
17
100
AcDbEntity
  8
E_ARMADO_FINO
100
AcDbLine
 10
38.18480494654898
 20
21.33386644780692
 30
0.0
 11
35.43622101211742
 21
19.491009973503566
 31
0.0
  0
LINE
  5
604
330
17
100
AcDbEntity
  8
E_ARMADO_FINO
100
AcDbLine
 10
40.93338888098054
 20
23.176722922110272
 30
0.0
 11
38.18480494654898
 21
21.33386644780692
 31
0.0
  0
LINE
  5
605
330
17
100
AcDbEntity
  8
E_ARMADO_FINO
100
AcDbLine
 10
38.83985039174223
 20
23.864926652854685
 30
0.0
 11
36.091266457310674
 21
22.02207017855133
 31
0.0
  0
LINE
  5
606
330
17
100
AcDbEntity
  8
E_ARMADO_FINO
100
AcDbLine
 10
37.74946576193061
 20
24.223366095950734
 30
0.0
 11
35.00088182749906
 21
22.38050962164738
 31
0.0
  0
LINE
  5
607
330
17
100
AcDbEntity
  8
E_ARMADO_FINO
100
AcDbLine
 10
36.65908113211899
 20
24.581805539046783
 30
0.0
 11
33.910497197687434
 21
22.73894906474343
 31
0.0
  0
LINE
  5
608
330
17
100
AcDbEntity
  8
E_ARMADO_FINO
100
AcDbLine
 10
31.555809508831857
 20
25.343927509101157
 30
0.0
 11
34.65250185749686
 21
24.325959490708378
 31
0.0
  0
LINE
  5
609
330
17
100
AcDbEntity
  8
E_ARMADO_FINO
100
AcDbLine
 10
30.639614864021336
 20
24.72964201766671
 30
0.0
 11
33.736307212686334
 21
23.71167399927393
 31
0.0
  0
LINE
  5
60A
330
17
100
AcDbEntity
  8
E_ARMADO_FINO
100
AcDbLine
 10
29.72396333074834
 20
25.94610577350252
 30
0.0
 11
31.555809508831857
 21
25.343927509101157
 31
0.0
  0
LINE
  5
60B
330
17
100
AcDbEntity
  8
E_ARMADO_FINO
100
AcDbLine
 10
28.807768685937823
 20
25.331820282068072
 30
0.0
 11
30.639614864021336
 21
24.72964201766671
 31
0.0
  0
LINE
  5
60C
330
17
100
AcDbEntity
  8
E_ARMADO_FINO
100
AcDbLine
 10
26.627270982083342
 20
26.9640737918953
 30
0.0
 11
29.72396333074834
 21
25.94610577350252
 31
0.0
  0
LINE
  5
60D
330
17
100
AcDbEntity
  8
E_ARMADO_FINO
100
AcDbLine
 10
25.711076337272825
 20
26.349788300460848
 30
0.0
 11
28.807768685937823
 21
25.331820282068072
 31
0.0
  0
LINE
  5
60E
330
17
100
AcDbEntity
  8
E_ARMADO_FINO
100
AcDbLine
 10
24.795424803999826
 20
27.566252056296662
 30
0.0
 11
26.627270982083342
 21
26.9640737918953
 31
0.0
  0
LINE
  5
60F
330
17
100
AcDbEntity
  8
E_ARMADO_FINO
100
AcDbLine
 10
23.879230159189305
 20
26.95196656486221
 30
0.0
 11
25.711076337272825
 21
26.349788300460848
 31
0.0
  0
LINE
  5
610
330
17
100
AcDbEntity
  8
E_ARMADO_FINO
100
AcDbLine
 10
31.903917923065297
 20
19.605959392446263
 30
0.0
 11
28.807225574400302
 21
20.62392741083904
 31
0.0
  0
LINE
  5
611
330
17
100
AcDbEntity
  8
E_ARMADO_FINO
100
AcDbLine
 10
28.807225574400302
 20
20.62392741083904
 30
0.0
 11
26.975379396316782
 21
21.226105675240404
 31
0.0
  0
LINE
  5
612
330
17
100
AcDbEntity
  8
E_ARMADO_FINO
100
AcDbLine
 10
26.975379396316782
 20
21.226105675240404
 30
0.0
 11
23.878687047651788
 21
22.244073693633183
 31
0.0
  0
LINE
  5
613
330
17
100
AcDbEntity
  8
E_ARMADO_FINO
100
AcDbLine
 10
23.878687047651788
 20
22.244073693633183
 30
0.0
 11
22.046840869568268
 21
22.846251958034546
 31
0.0
  0
LINE
  5
614
330
17
100
AcDbEntity
  8
E_VIGAS_ACERO
100
AcDbLine
 10
22.963035514378785
 20
23.460537449468998
 30
0.0
 11
22.046840869568268
 21
22.846251958034546
 31
0.0
  0
LINE
  5
615
330
17
100
AcDbEntity
  8
E_VIGAS_ACERO
100
AcDbLine
 10
24.794881692462308
 20
22.858359185067634
 30
0.0
 11
23.878687047651788
 21
22.244073693633183
 31
0.0
  0
LINE
  5
616
330
17
100
AcDbEntity
  8
E_VIGAS_ACERO
100
AcDbLine
 10
27.891574041127303
 20
21.840391166674856
 30
0.0
 11
26.975379396316782
 21
21.226105675240404
 31
0.0
  0
LINE
  5
617
330
17
100
AcDbEntity
  8
E_VIGAS_ACERO
100
AcDbLine
 10
29.72342021921082
 20
21.238212902273492
 30
0.0
 11
28.807225574400302
 21
20.62392741083904
 31
0.0
  0
LINE
  5
618
330
17
100
AcDbEntity
  8
E_ARMADO_FINO
100
AcDbLine
 10
31.65959935111583
 20
22.319293552022508
 30
0.0
 11
28.56290700245083
 21
23.337261570415286
 31
0.0
  0
LINE
  5
619
330
17
100
AcDbEntity
  8
E_ARMADO_FINO
100
AcDbLine
 10
28.56290700245083
 20
23.337261570415286
 30
0.0
 11
26.73106082436731
 21
23.93943983481665
 31
0.0
  0
LINE
  5
61A
330
17
100
AcDbEntity
  8
E_ARMADO_FINO
100
AcDbLine
 10
26.73106082436731
 20
23.93943983481665
 30
0.0
 11
23.634368475702317
 21
24.95740785320943
 31
0.0
  0
LINE
  5
61B
330
17
100
AcDbEntity
  8
E_ARMADO_FINO
100
AcDbLine
 10
23.634368475702317
 20
24.95740785320943
 30
0.0
 11
21.802522297618797
 21
25.55958611761079
 31
0.0
  0
LINE
  5
61C
330
17
100
AcDbEntity
  8
E_VIGAS_ACERO
100
AcDbLine
 10
22.963035514378785
 20
26.33768107342776
 30
0.0
 11
21.802522297618797
 21
25.55958611761079
 31
0.0
  0
LINE
  5
61D
330
17
100
AcDbEntity
  8
E_VIGAS_ACERO
100
AcDbLine
 10
24.794881692462308
 20
25.735502809026396
 30
0.0
 11
23.634368475702317
 21
24.95740785320943
 31
0.0
  0
LINE
  5
61E
330
17
100
AcDbEntity
  8
E_VIGAS_ACERO
100
AcDbLine
 10
27.891574041127303
 20
24.71753479063362
 30
0.0
 11
26.73106082436731
 21
23.93943983481665
 31
0.0
  0
LINE
  5
61F
330
17
100
AcDbEntity
  8
E_VIGAS_ACERO
100
AcDbLine
 10
29.72342021921082
 20
24.115356526232258
 30
0.0
 11
28.56290700245083
 21
23.337261570415286
 31
0.0
  0
LINE
  5
620
330
17
100
AcDbEntity
  8
E_ARMADO_FINO
100
AcDbLine
 10
41.14250738157145
 20
19.43743425125995
 30
0.0
 11
39.13619966271806
 21
20.09696282655668
 31
0.0
  0
LINE
  5
621
330
17
100
AcDbEntity
  8
E_VIGAS_ACERO
100
AcDbLine
 10
46.80169485763274
 20
25.236484771558253
 30
0.0
 11
48.24100256898408
 21
24.763344706671468
 31
0.0
  0
LINE
  5
622
330
17
100
AcDbEntity
  8
E_ARMADO_FINO
100
AcDbLine
 10
48.24100256898408
 20
24.763344706671468
 30
0.0
 11
45.79781684948936
 21
23.125250062846266
 31
0.0
  0
LINE
  5
623
330
17
100
AcDbEntity
  8
E_VIGAS_ACERO
100
AcDbLine
 10
45.79781684948936
 20
23.125250062846266
 30
0.0
 11
44.358509138138025
 21
23.59839012773305
 31
0.0
  0
LINE
  5
624
330
17
100
AcDbEntity
  8
E_ARMADO_FINO
100
AcDbLine
 10
45.79781684948936
 20
23.125250062846266
 30
0.0
 11
43.354631129994644
 21
21.487155419021065
 31
0.0
  0
LINE
  5
625
330
17
100
AcDbEntity
  8
E_VIGAS_ACERO
100
AcDbLine
 10
43.354631129994644
 20
21.487155419021065
 30
0.0
 11
41.915323418643304
 21
21.96029548390785
 31
0.0
  0
LINE
  5
626
330
17
100
AcDbEntity
  8
E_ARMADO_FINO
100
AcDbLine
 10
42.37269659233188
 20
19.826439233264722
 30
0.0
 11
41.57866123349609
 21
19.294058474021533
 31
0.0
  0
LINE
  5
627
330
17
100
AcDbEntity
  8
E_ARMADO_FINO
100
AcDbLine
 10
41.57866123349609
 20
19.294058474021533
 30
0.0
 11
39.62411265790032
 21
17.98358275896137
 31
0.0
  0
LINE
  5
628
330
17
100
AcDbEntity
  8
E_ARMADO_FINO
100
AcDbLine
 10
39.62411265790032
 20
17.98358275896137
 30
0.0
 11
36.87552872346876
 21
16.14072628465802
 31
0.0
  0
LINE
  5
629
330
17
100
AcDbEntity
  8
E_ARMADO_FINO
100
AcDbLine
 10
36.87552872346876
 20
16.14072628465802
 30
0.0
 11
36.57013050853192
 21
15.935964454179867
 31
0.0
  0
LINE
  5
62A
330
17
100
AcDbEntity
  8
E_ARMADO_FINO
100
AcDbLine
 10
36.57013050853192
 20
15.935964454179867
 30
0.0
 11
36.133976656607274
 21
16.079340231418286
 31
0.0
  0
LINE
  5
62B
330
17
100
AcDbEntity
  8
E_ARMADO_FINO
100
AcDbLine
 10
36.133976656607274
 20
16.079340231418286
 30
0.0
 11
35.130822797180585
 21
16.409104519066652
 31
0.0
  0
LINE
  5
62C
330
17
100
AcDbEntity
  8
E_ARMADO_FINO
100
AcDbLine
 10
35.130822797180585
 20
16.409104519066652
 30
0.0
 11
34.127668937753896
 21
16.73886880671502
 31
0.0
  0
LINE
  5
62D
330
17
100
AcDbEntity
  8
E_ARMADO_FINO
100
AcDbLine
 10
41.936542740407226
 20
19.96981501050314
 30
0.0
 11
42.37269659233188
 21
19.826439233264722
 31
0.0
  0
LINE
  5
62E
330
17
100
AcDbEntity
  8
E_ARMADO_FINO
100
AcDbLine
 10
41.14250738157145
 20
19.43743425125995
 30
0.0
 11
41.57866123349609
 21
19.294058474021533
 31
0.0
  0
LINE
  5
62F
330
17
100
AcDbEntity
  8
E_ARMADO_FINO
100
AcDbLine
 10
39.18795880597567
 20
18.12695853619979
 30
0.0
 11
39.62411265790032
 21
17.98358275896137
 31
0.0
  0
LINE
  5
630
330
17
100
AcDbEntity
  8
E_ARMADO_FINO
100
AcDbLine
 10
36.43937487154411
 20
16.284102061896437
 30
0.0
 11
36.87552872346876
 21
16.14072628465802
 31
0.0
  0
LINE
  5
631
330
17
100
AcDbEntity
  8
E_ARMADO_FINO
100
AcDbLine
 10
36.43937487154411
 20
16.284102061896437
 30
0.0
 11
36.133976656607274
 21
16.079340231418286
 31
0.0
  0
LINE
  5
632
330
17
100
AcDbEntity
  8
E_ARMADO_FINO
100
AcDbLine
 10
35.43622101211742
 20
16.6138663495448
 30
0.0
 11
35.130822797180585
 21
16.409104519066652
 31
0.0
  0
LINE
  5
633
330
17
100
AcDbEntity
  8
E_ARMADO_FINO
100
AcDbLine
 10
31.684483218259178
 20
15.100774162889813
 30
0.0
 11
32.120637070183825
 21
14.957398385651395
 31
0.0
  0
LINE
  5
634
330
17
100
AcDbEntity
  8
E_ARMADO_FINO
100
AcDbLine
 10
32.120637070183825
 20
14.957398385651395
 30
0.0
 11
34.56382278967854
 21
16.5954930294766
 31
0.0
  0
LINE
  5
635
330
17
100
AcDbEntity
  8
E_ARMADO_FINO
100
AcDbLine
 10
32.120637070183825
 20
14.957398385651395
 30
0.0
 11
29.372053135752264
 21
13.114541911348043
 31
0.0
  0
LINE
  5
636
330
17
100
AcDbEntity
  8
E_ARMADO_FINO
100
AcDbLine
 10
29.372053135752264
 20
13.114541911348043
 30
0.0
 11
27.875601882561753
 21
12.111208942005106
 31
0.0
  0
LINE
  5
637
330
17
100
AcDbEntity
  8
E_ARMADO_FINO
100
AcDbLine
 10
27.875601882561753
 20
12.111208942005106
 30
0.0
 11
27.439448030637106
 21
12.254584719243526
 31
0.0
  0
LINE
  5
638
330
17
100
AcDbEntity
  8
E_ARMADO_FINO
100
AcDbLine
 10
28.935899283827617
 20
13.257917688586463
 30
0.0
 11
29.372053135752264
 21
13.114541911348043
 31
0.0
  0
LINE
  5
639
330
17
100
AcDbEntity
  8
E_VIGAS_ACERO
100
AcDbLine
 10
29.372053135752264
 20
10.23739828738928
 30
0.0
 11
27.875601882561753
 21
9.234065318046342
 31
0.0
  0
LINE
  5
63A
330
17
100
AcDbEntity
  8
E_VIGAS_ACERO
100
AcDbLine
 10
27.875601882561753
 20
9.234065318046342
 30
0.0
 11
27.439448030637106
 21
9.377441095284762
 31
0.0
  0
LINE
  5
63B
330
17
100
AcDbEntity
  8
E_ARMADO
100
AcDbLine
 10
28.935899283827617
 20
13.257917688586463
 30
0.0
 11
27.439448030637106
 21
9.377441095284762
 31
0.0
  0
LINE
  5
63C
330
17
100
AcDbEntity
  8
E_ARMADO
100
AcDbLine
 10
27.439448030637106
 20
9.377441095284762
 30
0.0
 11
27.439448030637106
 21
12.254584719243526
 31
0.0
  0
LINE
  5
63D
330
17
100
AcDbEntity
  8
E_ARMADO_FINO
100
AcDbLine
 10
42.37269659233188
 20
22.703582857223488
 30
0.0
 11
41.57866123349609
 21
22.171202097980295
 31
0.0
  0
LINE
  5
63E
330
17
100
AcDbEntity
  8
E_ARMADO_FINO
100
AcDbLine
 10
41.57866123349609
 20
22.171202097980295
 30
0.0
 11
39.62411265790032
 21
20.860726382920134
 31
0.0
  0
LINE
  5
63F
330
17
100
AcDbEntity
  8
E_ARMADO_FINO
100
AcDbLine
 10
39.62411265790032
 20
20.860726382920134
 30
0.0
 11
36.87552872346876
 21
19.01786990861678
 31
0.0
  0
LINE
  5
640
330
17
100
AcDbEntity
  8
E_ARMADO_FINO
100
AcDbLine
 10
36.87552872346876
 20
19.01786990861678
 30
0.0
 11
36.57013050853192
 21
18.813108078138633
 31
0.0
  0
LINE
  5
641
330
17
100
AcDbEntity
  8
E_ARMADO_FINO
100
AcDbLine
 10
36.57013050853192
 20
18.813108078138633
 30
0.0
 11
36.133976656607274
 21
18.95648385537705
 31
0.0
  0
LINE
  5
642
330
17
100
AcDbEntity
  8
E_ARMADO_FINO
100
AcDbLine
 10
36.133976656607274
 20
18.95648385537705
 30
0.0
 11
35.130822797180585
 21
19.286248143025418
 31
0.0
  0
LINE
  5
643
330
17
100
AcDbEntity
  8
E_ARMADO_FINO
100
AcDbLine
 10
35.130822797180585
 20
19.286248143025418
 30
0.0
 11
34.127668937753896
 21
19.61601243067378
 31
0.0
  0
LINE
  5
644
330
17
100
AcDbEntity
  8
E_ARMADO_FINO
100
AcDbLine
 10
41.936542740407226
 20
22.846958634461906
 30
0.0
 11
42.37269659233188
 21
22.703582857223488
 31
0.0
  0
LINE
  5
645
330
17
100
AcDbEntity
  8
E_ARMADO_FINO
100
AcDbLine
 10
41.14250738157145
 20
22.314577875218713
 30
0.0
 11
41.57866123349609
 21
22.171202097980295
 31
0.0
  0
LINE
  5
646
330
17
100
AcDbEntity
  8
E_ARMADO_FINO
100
AcDbLine
 10
39.18795880597567
 20
21.004102160158553
 30
0.0
 11
39.62411265790032
 21
20.860726382920134
 31
0.0
  0
LINE
  5
647
330
17
100
AcDbEntity
  8
E_ARMADO_FINO
100
AcDbLine
 10
36.43937487154411
 20
19.1612456858552
 30
0.0
 11
36.87552872346876
 21
19.01786990861678
 31
0.0
  0
LINE
  5
648
330
17
100
AcDbEntity
  8
E_ARMADO_FINO
100
AcDbLine
 10
36.43937487154411
 20
19.1612456858552
 30
0.0
 11
36.133976656607274
 21
18.95648385537705
 31
0.0
  0
LINE
  5
649
330
17
100
AcDbEntity
  8
E_ARMADO_FINO
100
AcDbLine
 10
35.43622101211742
 20
19.491009973503566
 30
0.0
 11
35.130822797180585
 21
19.286248143025418
 31
0.0
  0
LINE
  5
64A
330
17
100
AcDbEntity
  8
E_ARMADO_FINO
100
AcDbLine
 10
34.127668937753896
 20
19.61601243067378
 30
0.0
 11
33.03728430794227
 21
19.97445187376983
 31
0.0
  0
LINE
  5
64B
330
17
100
AcDbEntity
  8
E_ARMADO_FINO
100
AcDbLine
 10
34.43306715269074
 20
19.820774261151932
 30
0.0
 11
34.127668937753896
 21
19.61601243067378
 31
0.0
  0
LINE
  5
64C
330
17
100
AcDbEntity
  8
E_ARMADO_FINO
100
AcDbLine
 10
33.03728430794227
 20
19.97445187376983
 30
0.0
 11
31.946899678130656
 21
20.33289131686588
 31
0.0
  0
LINE
  5
64D
330
17
100
AcDbEntity
  8
E_ARMADO_FINO
100
AcDbLine
 10
33.342682522879116
 20
20.17921370424798
 30
0.0
 11
33.03728430794227
 21
19.97445187376983
 31
0.0
  0
LINE
  5
64E
330
17
100
AcDbEntity
  8
E_ARMADO_FINO
100
AcDbLine
 10
31.946899678130656
 20
20.33289131686588
 30
0.0
 11
30.856515048319043
 21
20.69133075996193
 31
0.0
  0
LINE
  5
64F
330
17
100
AcDbEntity
  8
E_ARMADO_FINO
100
AcDbLine
 10
32.25229789306749
 20
20.53765314734403
 30
0.0
 11
31.946899678130656
 21
20.33289131686588
 31
0.0
  0
LINE
  5
650
330
17
100
AcDbEntity
  8
E_ARMADO_FINO
100
AcDbLine
 10
30.856515048319043
 20
20.69133075996193
 30
0.0
 11
29.766130418507423
 21
21.049770203057978
 31
0.0
  0
LINE
  5
651
330
17
100
AcDbEntity
  8
E_ARMADO_FINO
100
AcDbLine
 10
31.16191326325588
 20
20.896092590440077
 30
0.0
 11
30.856515048319043
 21
20.69133075996193
 31
0.0
  0
LINE
  5
652
330
17
100
AcDbEntity
  8
E_ARMADO_FINO
100
AcDbLine
 10
30.071528633444263
 20
21.254532033536126
 30
0.0
 11
29.766130418507423
 21
21.049770203057978
 31
0.0
  0
LINE
  5
653
330
17
100
AcDbEntity
  8
E_ARMADO_FINO
100
AcDbLine
 10
43.011001928446916
 20
24.743208490853366
 30
0.0
 11
42.30858603409218
 21
24.272256280753624
 31
0.0
  0
LINE
  5
654
330
17
100
AcDbEntity
  8
E_ARMADO_FINO
100
AcDbLine
 10
47.49954102071218
 20
25.007083527976782
 30
0.0
 11
45.05635530121746
 21
23.36898888415158
 31
0.0
  0
LINE
  5
655
330
17
100
AcDbEntity
  8
E_ARMADO_FINO
100
AcDbLine
 10
42.00400248646162
 20
26.813618321180865
 30
0.0
 11
42.44015633838627
 21
26.670242543942447
 31
0.0
  0
LINE
  5
656
330
17
100
AcDbEntity
  8
E_ARMADO_FINO
100
AcDbLine
 10
42.00400248646162
 20
26.813618321180865
 30
0.0
 11
39.5608167669669
 21
25.175523677355663
 31
0.0
  0
LINE
  5
657
330
17
100
AcDbEntity
  8
E_ARMADO_FINO
100
AcDbLine
 10
39.5608167669669
 20
25.175523677355663
 30
0.0
 11
39.99697061889155
 21
25.032147900117245
 31
0.0
  0
LINE
  5
658
330
17
100
AcDbEntity
  8
E_ARMADO_FINO
100
AcDbLine
 10
39.5608167669669
 20
25.175523677355663
 30
0.0
 11
37.11763104747219
 21
23.53742903353046
 31
0.0
  0
LINE
  5
659
330
17
100
AcDbEntity
  8
E_ARMADO_FINO
100
AcDbLine
 10
37.11763104747219
 20
23.53742903353046
 30
0.0
 11
37.55378489939683
 21
23.394053256292043
 31
0.0
  0
LINE
  5
65A
330
17
100
AcDbEntity
  8
E_ARMADO_FINO
100
AcDbLine
 10
37.11763104747219
 20
23.53742903353046
 30
0.0
 11
35.13254265038273
 21
22.206477135422485
 31
0.0
  0
LINE
  5
65B
330
17
100
AcDbEntity
  8
E_ARMADO_FINO
100
AcDbLine
 10
48.24100256898408
 20
24.763344706671468
 30
0.0
 11
48.546400783920916
 21
24.96810653714962
 31
0.0
  0
LINE
  5
65C
330
17
100
AcDbEntity
  8
E_ARMADO_FINO
100
AcDbLine
 10
48.546400783920916
 20
24.96810653714962
 30
0.0
 11
47.10709307256958
 21
25.4412466020364
 31
0.0
  0
LINE
  5
65D
330
17
100
AcDbEntity
  8
E_ARMADO_FINO
100
AcDbLine
 10
47.10709307256958
 20
25.4412466020364
 30
0.0
 11
42.74555455332311
 21
26.875004374420598
 31
0.0
  0
LINE
  5
65E
330
17
100
AcDbEntity
  8
E_ARMADO_FINO
100
AcDbLine
 10
42.74555455332311
 20
26.875004374420598
 30
0.0
 11
42.30940070139846
 21
27.018380151659017
 31
0.0
  0
LINE
  5
65F
330
17
100
AcDbEntity
  8
E_ARMADO_FINO
100
AcDbLine
 10
42.30940070139846
 20
27.018380151659017
 30
0.0
 11
42.00400248646162
 21
26.813618321180865
 31
0.0
  0
LINE
  5
660
330
17
100
AcDbEntity
  8
E_ARMADO_FINO
100
AcDbLine
 10
42.44015633838627
 20
26.670242543942447
 30
0.0
 11
42.74555455332311
 21
26.875004374420598
 31
0.0
  0
LINE
  5
661
330
17
100
AcDbEntity
  8
E_ARMADO_FINO
100
AcDbLine
 10
43.74861789416021
 20
26.240115212227188
 30
0.0
 11
44.05401610909705
 21
26.444877042705336
 31
0.0
  0
LINE
  5
662
330
17
100
AcDbEntity
  8
E_ARMADO_FINO
100
AcDbLine
 10
44.7517717535869
 20
25.91035092457882
 30
0.0
 11
45.05716996852374
 21
26.115112755056973
 31
0.0
  0
LINE
  5
663
330
17
100
AcDbEntity
  8
E_ARMADO_FINO
100
AcDbLine
 10
45.79854099820605
 20
25.566249059206616
 30
0.0
 11
46.103939213142894
 21
25.771010889684767
 31
0.0
  0
LINE
  5
664
330
17
100
AcDbEntity
  8
E_ARMADO_FINO
100
AcDbLine
 10
46.80169485763274
 20
25.236484771558253
 30
0.0
 11
47.10709307256958
 21
25.4412466020364
 31
0.0
  0
LINE
  5
665
330
17
100
AcDbEntity
  8
E_ARMADO_FINO
100
AcDbLine
 10
47.49954102071218
 20
25.007083527976782
 30
0.0
 11
47.804939235649016
 21
25.21184535845493
 31
0.0
  0
LINE
  5
666
330
17
100
AcDbEntity
  8
E_ARMADO_FINO
100
AcDbLine
 10
28.868305217387668
 20
23.542023400893438
 30
0.0
 11
27.03645903930415
 21
24.1442016652948
 31
0.0
  0
LINE
  5
667
330
17
100
AcDbEntity
  8
E_ARMADO_FINO
100
AcDbLine
 10
23.939766690639157
 20
25.162169683687576
 30
0.0
 11
22.107920512555637
 21
25.76434794808894
 31
0.0
  0
LINE
  5
668
330
17
100
AcDbEntity
  8
E_ARMADO_FINO
100
AcDbLine
 10
29.766130418507423
 20
21.049770203057978
 30
0.0
 11
29.329976566582776
 21
21.193145980296396
 31
0.0
  0
LINE
  5
669
330
17
100
AcDbEntity
  8
E_ARMADO_FINO
100
AcDbLine
 10
30.071528633444263
 20
21.254532033536126
 30
0.0
 11
29.635374781519616
 21
21.397907810774548
 31
0.0
  0
LINE
  5
66A
330
17
100
AcDbEntity
  8
E_ARMADO_FINO
100
AcDbLine
 10
31.22344549919118
 20
22.46266932926093
 30
0.0
 11
29.635374781519616
 21
21.397907810774548
 31
0.0
  0
LINE
  5
66B
330
17
100
AcDbEntity
  8
E_ARMADO_FINO
100
AcDbLine
 10
29.635374781519616
 20
21.397907810774548
 30
0.0
 11
29.329976566582776
 21
21.193145980296396
 31
0.0
  0
LINE
  5
66C
330
17
100
AcDbEntity
  8
E_ARMADO_FINO
100
AcDbLine
 10
40.93338888098054
 20
24.728123895813525
 30
0.0
 11
42.03282245475316
 21
25.46526648553487
 31
0.0
  0
LINE
  5
66D
330
17
100
AcDbEntity
  8
E_ARMADO_FINO
100
AcDbLine
 10
41.936542740407226
 20
24.398359608165162
 30
0.0
 11
39.93023502155385
 21
25.05788818346189
 31
0.0
  0
LINE
  5
66E
330
17
100
AcDbEntity
  8
E_ARMADO_FINO
100
AcDbLine
 10
39.93023502155385
 20
25.05788818346189
 30
0.0
 11
41.02966859532647
 21
25.795030773183232
 31
0.0
  0
LINE
  5
66F
330
17
100
AcDbEntity
  8
E_ARMADO_FINO
100
AcDbLine
 10
41.02966859532647
 20
25.795030773183232
 30
0.0
 11
43.03597631417985
 21
25.135502197886503
 31
0.0
  0
LINE
  5
670
330
17
100
AcDbEntity
  8
E_ARMADO_FINO
100
AcDbLine
 10
43.03597631417985
 20
25.135502197886503
 30
0.0
 11
41.936542740407226
 21
24.398359608165162
 31
0.0
  0
LINE
  5
671
330
17
100
AcDbEntity
  8
E_ARMADO_FINO
100
AcDbLine
 10
21.802522297618797
 20
25.55958611761079
 30
0.0
 11
21.453599216079077
 21
25.674286739401524
 31
0.0
  0
LINE
  5
672
330
17
100
AcDbEntity
  8
E_ARMADO_FINO
100
AcDbLine
 10
22.107920512555637
 20
25.76434794808894
 30
0.0
 11
21.758997431015917
 21
25.879048569879675
 31
0.0
  0
LINE
  5
673
330
17
100
AcDbEntity
  8
E_ARMADO_FINO
100
AcDbLine
 10
22.963035514378785
 20
26.33768107342776
 30
0.0
 11
22.614112432839068
 21
26.452381695218495
 31
0.0
  0
LINE
  5
674
330
17
100
AcDbEntity
  8
E_ARMADO_FINO
100
AcDbLine
 10
23.879230159189305
 20
26.95196656486221
 30
0.0
 11
23.53030707764959
 21
27.066667186652946
 31
0.0
  0
LINE
  5
675
330
17
100
AcDbEntity
  8
E_ARMADO_FINO
100
AcDbLine
 10
24.795424803999826
 20
27.566252056296662
 30
0.0
 11
24.44650172246011
 21
27.680952678087397
 31
0.0
  0
LINE
  5
676
330
17
100
AcDbEntity
  8
E_ARMADO_FINO
100
AcDbLine
 10
25.711619448810346
 20
28.180537547731113
 30
0.0
 11
25.36269636727063
 21
28.29523816952185
 31
0.0
  0
LINE
  5
677
330
17
100
AcDbEntity
  8
E_ARMADO_FINO
100
AcDbLine
 10
25.711619448810346
 20
28.180537547731113
 30
0.0
 11
26.017017663747183
 21
28.38529937820926
 31
0.0
  0
LINE
  5
678
330
17
100
AcDbEntity
  8
E_ARMADO_FINO
100
AcDbLine
 10
27.543465626893862
 20
27.57835928332975
 30
0.0
 11
27.848863841830703
 21
27.7831211138079
 31
0.0
  0
LINE
  5
679
330
17
100
AcDbEntity
  8
E_ARMADO_FINO
100
AcDbLine
 10
30.64015797555886
 20
26.56039126493697
 30
0.0
 11
30.9455561904957
 21
26.765153095415123
 31
0.0
  0
LINE
  5
67A
330
17
100
AcDbEntity
  8
E_ARMADO_FINO
100
AcDbLine
 10
32.472004153642374
 20
25.958213000535608
 30
0.0
 11
32.77740236857922
 21
26.16297483101376
 31
0.0
  0
LINE
  5
67B
330
17
100
AcDbEntity
  8
E_ARMADO_FINO
100
AcDbLine
 10
35.568696502307375
 20
24.940244982142833
 30
0.0
 11
35.87409471724421
 21
25.14500681262098
 31
0.0
  0
LINE
  5
67C
330
17
100
AcDbEntity
  8
E_ARMADO_FINO
100
AcDbLine
 10
36.65908113211899
 20
24.581805539046783
 30
0.0
 11
36.96447934705583
 21
24.78656736952493
 31
0.0
  0
LINE
  5
67D
330
17
100
AcDbEntity
  8
E_ARMADO_FINO
100
AcDbLine
 10
37.74946576193061
 20
24.223366095950734
 30
0.0
 11
38.05486397686745
 21
24.428127926428882
 31
0.0
  0
LINE
  5
67E
330
17
100
AcDbEntity
  8
E_ARMADO_FINO
100
AcDbLine
 10
38.83985039174223
 20
23.864926652854685
 30
0.0
 11
39.14524860667907
 21
24.069688483332833
 31
0.0
  0
LINE
  5
67F
330
17
100
AcDbEntity
  8
E_ARMADO_FINO
100
AcDbLine
 10
40.235633236490685
 20
23.711249040236787
 30
0.0
 11
35.87409471724421
 21
25.14500681262098
 31
0.0
  0
LINE
  5
680
330
17
100
AcDbEntity
  8
E_ARMADO_FINO
100
AcDbLine
 10
35.87409471724421
 20
25.14500681262098
 30
0.0
 11
32.77740236857922
 21
26.16297483101376
 31
0.0
  0
LINE
  5
681
330
17
100
AcDbEntity
  8
E_ARMADO_FINO
100
AcDbLine
 10
32.77740236857922
 20
26.16297483101376
 30
0.0
 11
30.9455561904957
 21
26.765153095415123
 31
0.0
  0
LINE
  5
682
330
17
100
AcDbEntity
  8
E_ARMADO_FINO
100
AcDbLine
 10
30.9455561904957
 20
26.765153095415123
 30
0.0
 11
27.848863841830703
 21
27.7831211138079
 31
0.0
  0
LINE
  5
683
330
17
100
AcDbEntity
  8
E_ARMADO_FINO
100
AcDbLine
 10
27.848863841830703
 20
27.7831211138079
 30
0.0
 11
26.017017663747183
 21
28.38529937820926
 31
0.0
  0
LINE
  5
684
330
17
100
AcDbEntity
  8
E_ARMADO_FINO
100
AcDbLine
 10
26.017017663747183
 20
28.38529937820926
 30
0.0
 11
25.668094582207466
 21
28.5
 31
0.0
  0
LINE
  5
685
330
17
100
AcDbEntity
  8
E_ARMADO_FINO
100
AcDbLine
 10
25.668094582207466
 20
28.5
 30
0.0
 11
25.36269636727063
 21
28.29523816952185
 31
0.0
  0
LINE
  5
686
330
17
100
AcDbEntity
  8
E_ARMADO_FINO
100
AcDbLine
 10
25.36269636727063
 20
28.29523816952185
 30
0.0
 11
24.44650172246011
 21
27.680952678087397
 31
0.0
  0
LINE
  5
687
330
17
100
AcDbEntity
  8
E_ARMADO_FINO
100
AcDbLine
 10
24.44650172246011
 20
27.680952678087397
 30
0.0
 11
23.53030707764959
 21
27.066667186652946
 31
0.0
  0
LINE
  5
688
330
17
100
AcDbEntity
  8
E_ARMADO_FINO
100
AcDbLine
 10
23.53030707764959
 20
27.066667186652946
 30
0.0
 11
22.614112432839068
 21
26.452381695218495
 31
0.0
  0
LINE
  5
689
330
17
100
AcDbEntity
  8
E_ARMADO_FINO
100
AcDbLine
 10
22.614112432839068
 20
26.452381695218495
 30
0.0
 11
21.758997431015917
 21
25.879048569879675
 31
0.0
  0
LINE
  5
68A
330
17
100
AcDbEntity
  8
E_ARMADO_FINO
100
AcDbLine
 10
21.758997431015917
 20
25.879048569879675
 30
0.0
 11
21.453599216079077
 21
25.674286739401524
 31
0.0
  0
LINE
  5
68B
330
17
100
AcDbEntity
  8
E_COLUMNAS
100
AcDbLine
 10
39.93023502155385
 20
23.506487209758635
 30
0.0
 11
39.93023502155385
 21
25.05788818346189
 31
0.0
  0
LINE
  5
68C
330
17
100
AcDbEntity
  8
E_COLUMNAS
100
AcDbLine
 10
41.02966859532647
 20
24.243629799479976
 30
0.0
 11
41.02966859532647
 21
25.795030773183232
 31
0.0
  0
LINE
  5
68D
330
17
100
AcDbEntity
  8
E_COLUMNAS
100
AcDbLine
 10
41.936542740407226
 20
22.846958634461906
 30
0.0
 11
41.936542740407226
 21
24.398359608165162
 31
0.0
  0
LINE
  5
68E
330
17
100
AcDbEntity
  8
E_COLUMNAS
100
AcDbLine
 10
43.03597631417985
 20
23.584101224183247
 30
0.0
 11
43.03597631417985
 21
25.135502197886503
 31
0.0
  0
TEXT
  5
68F
330
17
100
AcDbEntity
  8
E_TITULO
100
AcDbText
 10
3.0
 20
29.0
 30
0.0
 40
0.26
  1
VISTA NOR-ESTE   (ESC 1:94)
  7
KUBIEC
 11
3.0
 21
29.0
 31
0.0
100
AcDbText
  0
TEXT
  5
690
330
17
100
AcDbEntity
  8
E_TEXTO
100
AcDbText
 10
44.0
 20
54.0
 30
0.0
 40
0.17
  1
LEYENDA
  7
KUBIEC
 11
44.0
 21
54.0
 31
0.0
100
AcDbText
  0
TEXT
  5
691
330
17
100
AcDbEntity
  8
E_TEXTO
100
AcDbText
 10
44.0
 20
53.65
 30
0.0
 40
0.17
  1
grueso: columnas []200X200X8 y []250X200X8
  7
KUBIEC
 11
44.0
 21
53.65
 31
0.0
100
AcDbText
  0
TEXT
  5
692
330
17
100
AcDbEntity
  8
E_TEXTO
100
AcDbText
 10
44.0
 20
53.3
 30
0.0
 40
0.17
  1
medio: vigas principales VK220, VK250 y VK270
  7
KUBIEC
 11
44.0
 21
53.3
 31
0.0
100
AcDbText
  0
TEXT
  5
693
330
17
100
AcDbEntity
  8
E_TEXTO
100
AcDbText
 10
44.0
 20
52.95
 30
0.0
 40
0.17
  1
fino: vigas y viguetas VK150, VK180 y VK200
  7
KUBIEC
 11
44.0
 21
52.95
 31
0.0
100
AcDbText
  0
TEXT
  5
694
330
17
100
AcDbEntity
  8
E_TEXTO
100
AcDbText
 10
44.0
 20
52.6
 30
0.0
 40
0.17
  1
puntales y columnetas []100X100X3
  7
KUBIEC
 11
44.0
 21
52.6
 31
0.0
100
AcDbText
  0
ENDSEC
  0
SECTION
  2
OBJECTS
  0
DICTIONARY
  5
A
330
0
100
AcDbDictionary
281
1
  3
ACAD_CIP_PREVIOUS_PRODUCT_INFO
350
391
  3
ACAD_COLOR
350
B
  3
ACAD_DETAILVIEWSTYLE
350
383
  3
ACAD_GROUP
350
C
  3
ACAD_LAST_SAVED_VERSION_INFO
350
392
  3
ACAD_LAYOUT
350
D
  3
ACAD_MATERIAL
350
E
  3
ACAD_MLEADERSTYLE
350
F
  3
ACAD_MLINESTYLE
350
10
  3
ACAD_PLOTSETTINGS
350
11
  3
ACAD_PLOTSTYLENAME
350
12
  3
ACAD_SCALELIST
350
14
  3
ACAD_SECTIONVIEWSTYLE
350
381
  3
ACAD_TABLESTYLE
350
15
  3
ACAD_VISUALSTYLE
350
16
  3
AcDbVariableDictionary
350
394
  3
EZDXF_META
350
2D
  0
DICTIONARY
  5
B
330
A
100
AcDbDictionary
281
1
  0
DICTIONARY
  5
C
330
A
100
AcDbDictionary
281
1
  0
DICTIONARY
  5
D
330
A
100
AcDbDictionary
281
1
  3
Layout1
350
1E
  3
Model
350
1A
  0
DICTIONARY
  5
E
330
A
100
AcDbDictionary
281
1
  3
ByBlock
350
39C
  3
ByLayer
350
39D
  3
Global
350
39E
  0
DICTIONARY
  5
F
330
A
100
AcDbDictionary
281
1
  3
Standard
350
2C
  0
DICTIONARY
  5
10
330
A
100
AcDbDictionary
281
1
  3
Standard
350
22
  0
DICTIONARY
  5
11
330
A
100
AcDbDictionary
281
1
  0
ACDBDICTIONARYWDFLT
  5
12
330
A
100
AcDbDictionary
281
1
  3
Normal
350
13
100
AcDbDictionaryWithDefault
340
13
  0
ACDBPLACEHOLDER
  5
13
330
12
  0
DICTIONARY
  5
14
330
A
100
AcDbDictionary
281
1
  3
A0
350
370
  3
A1
350
371
  3
A2
350
372
  3
A3
350
373
  3
A4
350
374
  3
A5
350
375
  3
A6
350
376
  3
A7
350
377
  3
A8
350
378
  3
A9
350
379
  3
B0
350
37A
  3
B1
350
37B
  3
B2
350
37C
  3
B3
350
37D
  3
B4
350
37E
  3
B5
350
37F
  3
B6
350
380
  0
DICTIONARY
  5
15
330
A
100
AcDbDictionary
281
1
  3
Standard
350
36F
  0
DICTIONARY
  5
16
330
A
100
AcDbDictionary
281
1
  3
2dWireframe
350
5A
  3
Basic
350
5B
  3
Brighten
350
5C
  3
ColorChange
350
5D
  3
Conceptual
350
5E
  3
Dim
350
5F
  3
EdgeColorOff
350
60
  3
Facepattern
350
61
  3
Flat
350
62
  3
FlatWithEdges
350
63
  3
Gouraud
350
64
  3
GouraudWithEdges
350
65
  3
Hidden
350
66
  3
JitterOff
350
67
  3
Linepattern
350
68
  3
Modeling
350
69
  3
OverhangOff
350
6A
  3
Realistic
350
6B
  3
Shaded
350
6C
  3
Shaded with edges
350
6D
  3
Shades of Gray
350
6E
  3
Sketchy
350
6F
  3
Thicken
350
70
  3
Wireframe
350
71
  3
X-Ray
350
72
  0
LAYOUT
  5
1A
330
D
100
AcDbPlotSettings
  1

  2
Microsoft Print to PDF
  4
A3
  6

 40
7.5
 41
20.0
 42
7.5
 43
20.0
 44
420.0
 45
297.0
 46
0.0
 47
0.0
 48
0.0
 49
0.0
140
0.0
141
0.0
142
1.0
143
1.0
 70
1024
 72
1
 73
0
 74
5
  7

 75
16
 76
0
 77
2
 78
300
147
1.0
148
0.0
149
0.0
100
AcDbLayout
  1
Model
 70
1
 71
0
 10
0.0
 20
0.0
 11
420.0
 21
297.0
 12
0.0
 22
0.0
 32
0.0
 14
1e+20
 24
1e+20
 34
1e+20
 15
-1e+20
 25
-1e+20
 35
-1e+20
146
0.0
 13
0.0
 23
0.0
 33
0.0
 16
1.0
 26
0.0
 36
0.0
 17
0.0
 27
1.0
 37
0.0
 76
1
330
17
331
23
  0
LAYOUT
  5
1E
330
D
100
AcDbPlotSettings
  1

  2
Microsoft Print to PDF
  4
A3
  6

 40
7.5
 41
20.0
 42
7.5
 43
20.0
 44
420.0
 45
297.0
 46
0.0
 47
0.0
 48
0.0
 49
0.0
140
0.0
141
0.0
142
1.0
143
1.0
 70
0
 72
1
 73
0
 74
5
  7

 75
16
 76
0
 77
2
 78
300
147
1.0
148
0.0
149
0.0
100
AcDbLayout
  1
Layout1
 70
1
 71
1
 10
0.0
 20
0.0
 11
420.0
 21
297.0
 12
0.0
 22
0.0
 32
0.0
 14
1e+20
 24
1e+20
 34
1e+20
 15
-1e+20
 25
-1e+20
 35
-1e+20
146
0.0
 13
0.0
 23
0.0
 33
0.0
 16
1.0
 26
0.0
 36
0.0
 17
0.0
 27
1.0
 37
0.0
 76
0
330
1B
  0
MLINESTYLE
  5
22
102
{ACAD_REACTORS
330
10
102
}
330
10
100
AcDbMlineStyle
  2
STANDARD
 70
0
  3

 62
0
 51
90.0
 52
90.0
 71
2
 49
0.5
 62
0
  6
ByLayer
 49
-0.5
 62
0
  6
ByLayer
  0
MLEADERSTYLE
  5
2C
102
{ACAD_REACTORS
330
F
102
}
330
F
100
AcDbMLeaderStyle
179
2
170
2
171
1
172
0
 90
2
 40
0.0
 41
0.0
173
1
 91
-1056964608
340
0
 92
-2
290
1
 42
2.0
291
1
 43
8.0
  3
Standard
341
0
 44
4.0
300

342
29
174
1
175
1
176
0
178
1
 93
-1056964608
 45
4.0
292
0
297
0
 46
4.0
293
1
343
0
 94
-1056964608
 47
1.0
 49
1.0
140
1.0
294
1
141
0.0
177
0
142
1.0
295
0
296
0
143
3.75
271
0
272
9
273
9
298
1
  0
DICTIONARY
  5
2D
330
A
100
AcDbDictionary
280
1
281
1
  3
CREATED_BY_EZDXF
360
2E
  3
WRITTEN_BY_EZDXF
360
36B
  0
DICTIONARYVAR
  5
2E
330
2D
100
DictionaryVariables
280
0
  1
1.4.4 @ 2026-10-03T00:24:18.230819+00:00
  0
VISUALSTYLE
  5
5A
102
{ACAD_REACTORS
330
16
102
}
330
16
100
AcDbVisualStyle
  2
2dWireframe
 70
4
177
2
291
0
 70
58
 90
2
176
1
 90
2
176
1
 90
0
176
1
 90
0
176
1
 40
0.6
176
1
 40
30.0
176
1
 62
7
420
3271557119
176
1
 90
1
176
1
 90
4
176
1
 62
7
176
1
 62
257
176
1
 90
1
176
1
 90
1
176
1
 40
1.0
176
1
 90
8
176
1
 62
7
176
1
 40
1.0
176
1
 90
1
176
1
 90
6
176
1
 90
2
176
1
 62
7
176
1
 90
5
176
1
 90
0
176
1
 90
0
176
1
290
0
176
1
 90
1
176
1
 40
0.0
176
1
 90
0
176
1
290
1
176
1
290
1
176
1
290
0
176
1
290
0
290
0
176
1
290
0
290
0
176
1
290
0
176
1
290
0
176
1
 90
50
176
1
 40
0.0
176
1
 40
1.0
176
1
 90
0
176
1
 62
18
176
1
 90
50
176
1
 90
3
176
1
 62
5
420
3254780159
176
1
290
0
176
1
 90
50
176
1
 90
50
176
1
 90
50
176
1
290
0
176
1
 90
50
176
1
 62
0
176
0
 40
1.0
176
0
 90
2
176
1
  1
strokes_ogs.tif
176
1
290
0
176
1
 40
1.0
176
1
 40
1.0
176
1
  0
VISUALSTYLE
  5
5B
102
{ACAD_REACTORS
330
16
102
}
330
16
100
AcDbVisualStyle
  2
Basic
 70
7
177
2
291
1
 70
58
 90
2
176
1
 90
2
176
1
 90
0
176
1
 90
1
176
1
 40
0.6
176
1
 40
30.0
176
1
 62
7
420
3271557119
176
1
 90
1
176
1
 90
4
176
1
 62
7
176
1
 62
257
176
1
 90
1
176
1
 90
1
176
1
 40
1.0
176
1
 90
8
176
1
 62
7
176
1
 40
1.0
176
1
 90
1
176
1
 90
6
176
1
 90
2
176
1
 62
7
176
1
 90
5
176
1
 90
0
176
1
 90
0
176
1
290
0
176
1
 90
1
176
1
 40
0.0
176
1
 90
0
176
1
290
0
176
1
290
1
176
1
290
1
176
1
290
0
290
0
176
1
290
0
290
0
176
1
290
0
176
1
290
0
176
1
 90
50
176
1
 40
0.0
176
1
 40
1.0
176
1
 90
0
176
1
 62
18
176
1
 90
50
176
1
 90
3
176
1
 62
5
420
3254780159
176
1
290
0
176
1
 90
50
176
1
 90
50
176
1
 90
50
176
1
290
0
176
1
 90
50
176
1
 62
0
176
0
 40
1.0
176
0
 90
2
176
1
  1
strokes_ogs.tif
176
1
290
0
176
1
 40
1.0
176
1
 40
1.0
176
1
  0
VISUALSTYLE
  5
5C
102
{ACAD_REACTORS
330
16
102
}
330
16
100
AcDbVisualStyle
  2
Brighten
 70
12
177
2
291
1
 70
58
 90
2
176
1
 90
2
176
1
 90
0
176
1
 90
2
176
1
 40
0.6
176
1
 40
30.0
176
1
 62
7
420
3271557119
176
1
 90
1
176
1
 90
4
176
1
 62
7
176
1
 62
257
176
1
 90
1
176
1
 90
1
176
1
 40
1.0
176
1
 90
8
176
1
 62
7
176
1
 40
1.0
176
1
 90
1
176
1
 90
6
176
1
 90
2
176
1
 62
7
176
1
 90
5
176
1
 90
0
176
1
 90
0
176
1
290
0
176
1
 90
1
176
1
 40
0.0
176
1
 90
0
176
1
290
0
176
1
290
1
176
1
290
1
176
1
290
0
290
0
176
1
290
0
290
0
176
1
290
0
176
1
290
0
176
1
 90
50
176
1
 40
0.0
176
1
 40
1.0
176
1
 90
0
176
1
 62
18
176
1
 90
50
176
1
 90
3
176
1
 62
5
420
3254780159
176
1
290
0
176
1
 90
50
176
1
 90
50
176
1
 90
50
176
1
290
0
176
1
 90
50
176
1
 62
0
176
0
 40
1.0
176
0
 90
2
176
1
  1
strokes_ogs.tif
176
1
290
0
176
1
 40
1.0
176
1
 40
1.0
176
1
  0
VISUALSTYLE
  5
5D
102
{ACAD_REACTORS
330
16
102
}
330
16
100
AcDbVisualStyle
  2
ColorChange
 70
16
177
2
291
1
 70
58
 90
2
176
1
 90
2
176
1
 90
0
176
1
 90
2
176
1
 40
0.6
176
1
 40
30.0
176
1
 62
7
420
3271557119
176
1
 90
1
176
1
 90
4
176
1
 62
7
176
1
 62
257
176
1
 90
1
176
1
 90
1
176
1
 40
1.0
176
1
 90
8
176
1
 62
7
176
1
 40
1.0
176
1
 90
1
176
1
 90
6
176
1
 90
2
176
1
 62
7
176
1
 90
5
176
1
 90
0
176
1
 90
0
176
1
290
0
176
1
 90
1
176
1
 40
0.0
176
1
 90
0
176
1
290
0
176
1
290
1
176
1
290
1
176
1
290
0
290
0
176
1
290
0
290
0
176
1
290
0
176
1
290
0
176
1
 90
50
176
1
 40
0.0
176
1
 40
1.0
176
1
 90
0
176
1
 62
18
176
1
 90
50
176
1
 90
3
176
1
 62
5
420
3254780159
176
1
290
0
176
1
 90
50
176
1
 90
50
176
1
 90
50
176
1
290
0
176
1
 90
50
176
1
 62
0
176
0
 40
1.0
176
0
 90
2
176
1
  1
strokes_ogs.tif
176
1
290
0
176
1
 40
1.0
176
1
 40
1.0
176
1
  0
VISUALSTYLE
  5
5E
102
{ACAD_REACTORS
330
16
102
}
330
16
100
AcDbVisualStyle
  2
Conceptual
 70
9
177
2
291
0
 70
58
 90
2
176
1
 90
2
176
1
 90
0
176
1
 90
3
176
1
 40
0.6
176
1
 40
30.0
176
1
 62
7
420
3271557119
176
1
 90
1
176
1
 90
4
176
1
 62
7
176
1
 62
257
176
1
 90
1
176
1
 90
1
176
1
 40
1.0
176
1
 90
8
176
1
 62
7
176
1
 40
1.0
176
1
 90
1
176
1
 90
6
176
1
 90
2
176
1
 62
7
176
1
 90
5
176
1
 90
0
176
1
 90
0
176
1
290
0
176
1
 90
1
176
1
 40
0.0
176
1
 90
0
176
1
290
0
176
1
290
1
176
1
290
1
176
1
290
0
290
0
176
1
290
0
290
0
176
1
290
0
176
1
290
0
176
1
 90
50
176
1
 40
0.0
176
1
 40
1.0
176
1
 90
0
176
1
 62
18
176
1
 90
50
176
1
 90
3
176
1
 62
5
420
3254780159
176
1
290
0
176
1
 90
50
176
1
 90
50
176
1
 90
50
176
1
290
0
176
1
 90
50
176
1
 62
0
176
0
 40
1.0
176
0
 90
2
176
1
  1
strokes_ogs.tif
176
1
290
0
176
1
 40
1.0
176
1
 40
1.0
176
1
  0
VISUALSTYLE
  5
5F
102
{ACAD_REACTORS
330
16
102
}
330
16
100
AcDbVisualStyle
  2
Dim
 70
11
177
2
291
1
 70
58
 90
2
176
1
 90
2
176
1
 90
0
176
1
 90
2
176
1
 40
0.6
176
1
 40
30.0
176
1
 62
7
420
3271557119
176
1
 90
1
176
1
 90
4
176
1
 62
7
176
1
 62
257
176
1
 90
1
176
1
 90
1
176
1
 40
1.0
176
1
 90
8
176
1
 62
7
176
1
 40
1.0
176
1
 90
1
176
1
 90
6
176
1
 90
2
176
1
 62
7
176
1
 90
5
176
1
 90
0
176
1
 90
0
176
1
290
0
176
1
 90
1
176
1
 40
0.0
176
1
 90
0
176
1
290
0
176
1
290
1
176
1
290
1
176
1
290
0
290
0
176
1
290
0
290
0
176
1
290
0
176
1
290
0
176
1
 90
50
176
1
 40
0.0
176
1
 40
1.0
176
1
 90
0
176
1
 62
18
176
1
 90
50
176
1
 90
3
176
1
 62
5
420
3254780159
176
1
290
0
176
1
 90
50
176
1
 90
50
176
1
 90
50
176
1
290
0
176
1
 90
50
176
1
 62
0
176
0
 40
1.0
176
0
 90
2
176
1
  1
strokes_ogs.tif
176
1
290
0
176
1
 40
1.0
176
1
 40
1.0
176
1
  0
VISUALSTYLE
  5
60
102
{ACAD_REACTORS
330
16
102
}
330
16
100
AcDbVisualStyle
  2
EdgeColorOff
 70
22
177
2
291
1
 70
58
 90
2
176
1
 90
2
176
1
 90
0
176
1
 90
2
176
1
 40
0.6
176
1
 40
30.0
176
1
 62
7
420
3271557119
176
1
 90
1
176
1
 90
4
176
1
 62
7
176
1
 62
257
176
1
 90
1
176
1
 90
1
176
1
 40
1.0
176
1
 90
8
176
1
 62
7
176
1
 40
1.0
176
1
 90
1
176
1
 90
6
176
1
 90
2
176
1
 62
7
176
1
 90
5
176
1
 90
0
176
1
 90
0
176
1
290
0
176
1
 90
1
176
1
 40
0.0
176
1
 90
0
176
1
290
0
176
1
290
1
176
1
290
1
176
1
290
0
290
0
176
1
290
0
290
0
176
1
290
0
176
1
290
0
176
1
 90
50
176
1
 40
0.0
176
1
 40
1.0
176
1
 90
0
176
1
 62
18
176
1
 90
50
176
1
 90
3
176
1
 62
5
420
3254780159
176
1
290
0
176
1
 90
50
176
1
 90
50
176
1
 90
50
176
1
290
0
176
1
 90
50
176
1
 62
0
176
0
 40
1.0
176
0
 90
2
176
1
  1
strokes_ogs.tif
176
1
290
0
176
1
 40
1.0
176
1
 40
1.0
176
1
  0
VISUALSTYLE
  5
61
102
{ACAD_REACTORS
330
16
102
}
330
16
100
AcDbVisualStyle
  2
Facepattern
 70
15
177
2
291
1
 70
58
 90
2
176
1
 90
2
176
1
 90
0
176
1
 90
2
176
1
 40
0.6
176
1
 40
30.0
176
1
 62
7
420
3271557119
176
1
 90
1
176
1
 90
4
176
1
 62
7
176
1
 62
257
176
1
 90
1
176
1
 90
1
176
1
 40
1.0
176
1
 90
8
176
1
 62
7
176
1
 40
1.0
176
1
 90
1
176
1
 90
6
176
1
 90
2
176
1
 62
7
176
1
 90
5
176
1
 90
0
176
1
 90
0
176
1
290
0
176
1
 90
1
176
1
 40
0.0
176
1
 90
0
176
1
290
0
176
1
290
1
176
1
290
1
176
1
290
0
290
0
176
1
290
0
290
0
176
1
290
0
176
1
290
0
176
1
 90
50
176
1
 40
0.0
176
1
 40
1.0
176
1
 90
0
176
1
 62
18
176
1
 90
50
176
1
 90
3
176
1
 62
5
420
3254780159
176
1
290
0
176
1
 90
50
176
1
 90
50
176
1
 90
50
176
1
290
0
176
1
 90
50
176
1
 62
0
176
0
 40
1.0
176
0
 90
2
176
1
  1
strokes_ogs.tif
176
1
290
0
176
1
 40
1.0
176
1
 40
1.0
176
1
  0
VISUALSTYLE
  5
62
102
{ACAD_REACTORS
330
16
102
}
330
16
100
AcDbVisualStyle
  2
Flat
 70
0
177
2
291
1
 70
58
 90
2
176
1
 90
2
176
1
 90
0
176
1
 90
2
176
1
 40
0.6
176
1
 40
30.0
176
1
 62
7
420
3271557119
176
1
 90
1
176
1
 90
4
176
1
 62
7
176
1
 62
257
176
1
 90
1
176
1
 90
1
176
1
 40
1.0
176
1
 90
8
176
1
 62
7
176
1
 40
1.0
176
1
 90
1
176
1
 90
6
176
1
 90
2
176
1
 62
7
176
1
 90
5
176
1
 90
0
176
1
 90
0
176
1
290
0
176
1
 90
1
176
1
 40
0.0
176
1
 90
0
176
1
290
0
176
1
290
1
176
1
290
1
176
1
290
0
290
0
176
1
290
0
290
0
176
1
290
0
176
1
290
0
176
1
 90
50
176
1
 40
0.0
176
1
 40
1.0
176
1
 90
0
176
1
 62
18
176
1
 90
50
176
1
 90
3
176
1
 62
5
420
3254780159
176
1
290
0
176
1
 90
50
176
1
 90
50
176
1
 90
50
176
1
290
0
176
1
 90
50
176
1
 62
0
176
0
 40
1.0
176
0
 90
2
176
1
  1
strokes_ogs.tif
176
1
290
0
176
1
 40
1.0
176
1
 40
1.0
176
1
  0
VISUALSTYLE
  5
63
102
{ACAD_REACTORS
330
16
102
}
330
16
100
AcDbVisualStyle
  2
FlatWithEdges
 70
1
177
2
291
1
 70
58
 90
2
176
1
 90
2
176
1
 90
0
176
1
 90
2
176
1
 40
0.6
176
1
 40
30.0
176
1
 62
7
420
3271557119
176
1
 90
1
176
1
 90
4
176
1
 62
7
176
1
 62
257
176
1
 90
1
176
1
 90
1
176
1
 40
1.0
176
1
 90
8
176
1
 62
7
176
1
 40
1.0
176
1
 90
1
176
1
 90
6
176
1
 90
2
176
1
 62
7
176
1
 90
5
176
1
 90
0
176
1
 90
0
176
1
290
0
176
1
 90
1
176
1
 40
0.0
176
1
 90
0
176
1
290
0
176
1
290
1
176
1
290
1
176
1
290
0
290
0
176
1
290
0
290
0
176
1
290
0
176
1
290
0
176
1
 90
50
176
1
 40
0.0
176
1
 40
1.0
176
1
 90
0
176
1
 62
18
176
1
 90
50
176
1
 90
3
176
1
 62
5
420
3254780159
176
1
290
0
176
1
 90
50
176
1
 90
50
176
1
 90
50
176
1
290
0
176
1
 90
50
176
1
 62
0
176
0
 40
1.0
176
0
 90
2
176
1
  1
strokes_ogs.tif
176
1
290
0
176
1
 40
1.0
176
1
 40
1.0
176
1
  0
VISUALSTYLE
  5
64
102
{ACAD_REACTORS
330
16
102
}
330
16
100
AcDbVisualStyle
  2
Gouraud
 70
2
177
2
291
1
 70
58
 90
2
176
1
 90
2
176
1
 90
0
176
1
 90
2
176
1
 40
0.6
176
1
 40
30.0
176
1
 62
7
420
3271557119
176
1
 90
1
176
1
 90
4
176
1
 62
7
176
1
 62
257
176
1
 90
1
176
1
 90
1
176
1
 40
1.0
176
1
 90
8
176
1
 62
7
176
1
 40
1.0
176
1
 90
1
176
1
 90
6
176
1
 90
2
176
1
 62
7
176
1
 90
5
176
1
 90
0
176
1
 90
0
176
1
290
0
176
1
 90
1
176
1
 40
0.0
176
1
 90
0
176
1
290
0
176
1
290
1
176
1
290
1
176
1
290
0
290
0
176
1
290
0
290
0
176
1
290
0
176
1
290
0
176
1
 90
50
176
1
 40
0.0
176
1
 40
1.0
176
1
 90
0
176
1
 62
18
176
1
 90
50
176
1
 90
3
176
1
 62
5
420
3254780159
176
1
290
0
176
1
 90
50
176
1
 90
50
176
1
 90
50
176
1
290
0
176
1
 90
50
176
1
 62
0
176
0
 40
1.0
176
0
 90
2
176
1
  1
strokes_ogs.tif
176
1
290
0
176
1
 40
1.0
176
1
 40
1.0
176
1
  0
VISUALSTYLE
  5
65
102
{ACAD_REACTORS
330
16
102
}
330
16
100
AcDbVisualStyle
  2
GouraudWithEdges
 70
3
177
2
291
1
 70
58
 90
2
176
1
 90
2
176
1
 90
0
176
1
 90
2
176
1
 40
0.6
176
1
 40
30.0
176
1
 62
7
420
3271557119
176
1
 90
1
176
1
 90
4
176
1
 62
7
176
1
 62
257
176
1
 90
1
176
1
 90
1
176
1
 40
1.0
176
1
 90
8
176
1
 62
7
176
1
 40
1.0
176
1
 90
1
176
1
 90
6
176
1
 90
2
176
1
 62
7
176
1
 90
5
176
1
 90
0
176
1
 90
0
176
1
290
0
176
1
 90
1
176
1
 40
0.0
176
1
 90
0
176
1
290
0
176
1
290
1
176
1
290
1
176
1
290
0
290
0
176
1
290
0
290
0
176
1
290
0
176
1
290
0
176
1
 90
50
176
1
 40
0.0
176
1
 40
1.0
176
1
 90
0
176
1
 62
18
176
1
 90
50
176
1
 90
3
176
1
 62
5
420
3254780159
176
1
290
0
176
1
 90
50
176
1
 90
50
176
1
 90
50
176
1
290
0
176
1
 90
50
176
1
 62
0
176
0
 40
1.0
176
0
 90
2
176
1
  1
strokes_ogs.tif
176
1
290
0
176
1
 40
1.0
176
1
 40
1.0
176
1
  0
VISUALSTYLE
  5
66
102
{ACAD_REACTORS
330
16
102
}
330
16
100
AcDbVisualStyle
  2
Hidden
 70
6
177
2
291
0
 70
58
 90
2
176
1
 90
2
176
1
 90
0
176
1
 90
1
176
1
 40
0.6
176
1
 40
30.0
176
1
 62
7
420
3271557119
176
1
 90
1
176
1
 90
4
176
1
 62
7
176
1
 62
257
176
1
 90
1
176
1
 90
1
176
1
 40
1.0
176
1
 90
8
176
1
 62
7
176
1
 40
1.0
176
1
 90
1
176
1
 90
6
176
1
 90
2
176
1
 62
7
176
1
 90
5
176
1
 90
0
176
1
 90
0
176
1
290
0
176
1
 90
1
176
1
 40
0.0
176
1
 90
0
176
1
290
0
176
1
290
1
176
1
290
1
176
1
290
0
290
0
176
1
290
0
290
0
176
1
290
0
176
1
290
0
176
1
 90
50
176
1
 40
0.0
176
1
 40
1.0
176
1
 90
0
176
1
 62
18
176
1
 90
50
176
1
 90
3
176
1
 62
5
420
3254780159
176
1
290
0
176
1
 90
50
176
1
 90
50
176
1
 90
50
176
1
290
0
176
1
 90
50
176
1
 62
0
176
0
 40
1.0
176
0
 90
2
176
1
  1
strokes_ogs.tif
176
1
290
0
176
1
 40
1.0
176
1
 40
1.0
176
1
  0
VISUALSTYLE
  5
67
102
{ACAD_REACTORS
330
16
102
}
330
16
100
AcDbVisualStyle
  2
JitterOff
 70
20
177
2
291
1
 70
58
 90
2
176
1
 90
2
176
1
 90
0
176
1
 90
2
176
1
 40
0.6
176
1
 40
30.0
176
1
 62
7
420
3271557119
176
1
 90
1
176
1
 90
4
176
1
 62
7
176
1
 62
257
176
1
 90
1
176
1
 90
1
176
1
 40
1.0
176
1
 90
8
176
1
 62
7
176
1
 40
1.0
176
1
 90
1
176
1
 90
6
176
1
 90
2
176
1
 62
7
176
1
 90
5
176
1
 90
0
176
1
 90
0
176
1
290
0
176
1
 90
1
176
1
 40
0.0
176
1
 90
0
176
1
290
0
176
1
290
1
176
1
290
1
176
1
290
0
290
0
176
1
290
0
290
0
176
1
290
0
176
1
290
0
176
1
 90
50
176
1
 40
0.0
176
1
 40
1.0
176
1
 90
0
176
1
 62
18
176
1
 90
50
176
1
 90
3
176
1
 62
5
420
3254780159
176
1
290
0
176
1
 90
50
176
1
 90
50
176
1
 90
50
176
1
290
0
176
1
 90
50
176
1
 62
0
176
0
 40
1.0
176
0
 90
2
176
1
  1
strokes_ogs.tif
176
1
290
0
176
1
 40
1.0
176
1
 40
1.0
176
1
  0
VISUALSTYLE
  5
68
102
{ACAD_REACTORS
330
16
102
}
330
16
100
AcDbVisualStyle
  2
Linepattern
 70
14
177
2
291
1
 70
58
 90
2
176
1
 90
2
176
1
 90
0
176
1
 90
2
176
1
 40
0.6
176
1
 40
30.0
176
1
 62
7
420
3271557119
176
1
 90
1
176
1
 90
4
176
1
 62
7
176
1
 62
257
176
1
 90
1
176
1
 90
1
176
1
 40
1.0
176
1
 90
8
176
1
 62
7
176
1
 40
1.0
176
1
 90
1
176
1
 90
6
176
1
 90
2
176
1
 62
7
176
1
 90
5
176
1
 90
0
176
1
 90
0
176
1
290
0
176
1
 90
1
176
1
 40
0.0
176
1
 90
0
176
1
290
0
176
1
290
1
176
1
290
1
176
1
290
0
290
0
176
1
290
0
290
0
176
1
290
0
176
1
290
0
176
1
 90
50
176
1
 40
0.0
176
1
 40
1.0
176
1
 90
0
176
1
 62
18
176
1
 90
50
176
1
 90
3
176
1
 62
5
420
3254780159
176
1
290
0
176
1
 90
50
176
1
 90
50
176
1
 90
50
176
1
290
0
176
1
 90
50
176
1
 62
0
176
0
 40
1.0
176
0
 90
2
176
1
  1
strokes_ogs.tif
176
1
290
0
176
1
 40
1.0
176
1
 40
1.0
176
1
  0
VISUALSTYLE
  5
69
102
{ACAD_REACTORS
330
16
102
}
330
16
100
AcDbVisualStyle
  2
Modeling
 70
10
177
2
291
0
 70
58
 90
2
176
1
 90
2
176
1
 90
0
176
1
 90
2
176
1
 40
0.6
176
1
 40
30.0
176
1
 62
7
420
3271557119
176
1
 90
1
176
1
 90
4
176
1
 62
7
176
1
 62
257
176
1
 90
1
176
1
 90
1
176
1
 40
1.0
176
1
 90
8
176
1
 62
7
176
1
 40
1.0
176
1
 90
1
176
1
 90
6
176
1
 90
2
176
1
 62
7
176
1
 90
5
176
1
 90
0
176
1
 90
0
176
1
290
0
176
1
 90
1
176
1
 40
0.0
176
1
 90
0
176
1
290
0
176
1
290
1
176
1
290
1
176
1
290
0
290
0
176
1
290
0
290
0
176
1
290
0
176
1
290
0
176
1
 90
50
176
1
 40
0.0
176
1
 40
1.0
176
1
 90
0
176
1
 62
18
176
1
 90
50
176
1
 90
3
176
1
 62
5
420
3254780159
176
1
290
0
176
1
 90
50
176
1
 90
50
176
1
 90
50
176
1
290
0
176
1
 90
50
176
1
 62
0
176
0
 40
1.0
176
0
 90
2
176
1
  1
strokes_ogs.tif
176
1
290
0
176
1
 40
1.0
176
1
 40
1.0
176
1
  0
VISUALSTYLE
  5
6A
102
{ACAD_REACTORS
330
16
102
}
330
16
100
AcDbVisualStyle
  2
OverhangOff
 70
21
177
2
291
1
 70
58
 90
2
176
1
 90
2
176
1
 90
0
176
1
 90
2
176
1
 40
0.6
176
1
 40
30.0
176
1
 62
7
420
3271557119
176
1
 90
1
176
1
 90
4
176
1
 62
7
176
1
 62
257
176
1
 90
1
176
1
 90
1
176
1
 40
1.0
176
1
 90
8
176
1
 62
7
176
1
 40
1.0
176
1
 90
1
176
1
 90
6
176
1
 90
2
176
1
 62
7
176
1
 90
5
176
1
 90
0
176
1
 90
0
176
1
290
0
176
1
 90
1
176
1
 40
0.0
176
1
 90
0
176
1
290
0
176
1
290
1
176
1
290
1
176
1
290
0
290
0
176
1
290
0
290
0
176
1
290
0
176
1
290
0
176
1
 90
50
176
1
 40
0.0
176
1
 40
1.0
176
1
 90
0
176
1
 62
18
176
1
 90
50
176
1
 90
3
176
1
 62
5
420
3254780159
176
1
290
0
176
1
 90
50
176
1
 90
50
176
1
 90
50
176
1
290
0
176
1
 90
50
176
1
 62
0
176
0
 40
1.0
176
0
 90
2
176
1
  1
strokes_ogs.tif
176
1
290
0
176
1
 40
1.0
176
1
 40
1.0
176
1
  0
VISUALSTYLE
  5
6B
102
{ACAD_REACTORS
330
16
102
}
330
16
100
AcDbVisualStyle
  2
Realistic
 70
8
177
2
291
0
 70
58
 90
2
176
1
 90
2
176
1
 90
0
176
1
 90
2
176
1
 40
0.6
176
1
 40
30.0
176
1
 62
7
420
3271557119
176
1
 90
1
176
1
 90
4
176
1
 62
7
176
1
 62
257
176
1
 90
1
176
1
 90
1
176
1
 40
1.0
176
1
 90
8
176
1
 62
7
176
1
 40
1.0
176
1
 90
1
176
1
 90
6
176
1
 90
2
176
1
 62
7
176
1
 90
5
176
1
 90
0
176
1
 90
0
176
1
290
0
176
1
 90
1
176
1
 40
0.0
176
1
 90
0
176
1
290
0
176
1
290
1
176
1
290
1
176
1
290
0
290
0
176
1
290
0
290
0
176
1
290
0
176
1
290
0
176
1
 90
50
176
1
 40
0.0
176
1
 40
1.0
176
1
 90
0
176
1
 62
18
176
1
 90
50
176
1
 90
3
176
1
 62
5
420
3254780159
176
1
290
0
176
1
 90
50
176
1
 90
50
176
1
 90
50
176
1
290
0
176
1
 90
50
176
1
 62
0
176
0
 40
1.0
176
0
 90
2
176
1
  1
strokes_ogs.tif
176
1
290
0
176
1
 40
1.0
176
1
 40
1.0
176
1
  0
VISUALSTYLE
  5
6C
102
{ACAD_REACTORS
330
16
102
}
330
16
100
AcDbVisualStyle
  2
Shaded
 70
27
177
2
291
0
 70
58
 90
2
176
1
 90
2
176
1
 90
0
176
1
 90
2
176
1
 40
0.6
176
1
 40
30.0
176
1
 62
7
420
3271557119
176
1
 90
1
176
1
 90
4
176
1
 62
7
176
1
 62
257
176
1
 90
1
176
1
 90
1
176
1
 40
1.0
176
1
 90
8
176
1
 62
7
176
1
 40
1.0
176
1
 90
1
176
1
 90
6
176
1
 90
2
176
1
 62
7
176
1
 90
5
176
1
 90
0
176
1
 90
0
176
1
290
0
176
1
 90
1
176
1
 40
0.0
176
1
 90
0
176
1
290
0
176
1
290
1
176
1
290
1
176
1
290
0
290
0
176
1
290
0
290
0
176
1
290
0
176
1
290
0
176
1
 90
50
176
1
 40
0.0
176
1
 40
1.0
176
1
 90
0
176
1
 62
18
176
1
 90
50
176
1
 90
3
176
1
 62
5
420
3254780159
176
1
290
0
176
1
 90
50
176
1
 90
50
176
1
 90
50
176
1
290
0
176
1
 90
50
176
1
 62
0
176
0
 40
1.0
176
0
 90
2
176
1
  1
strokes_ogs.tif
176
1
290
0
176
1
 40
1.0
176
1
 40
1.0
176
1
  0
VISUALSTYLE
  5
6D
102
{ACAD_REACTORS
330
16
102
}
330
16
100
AcDbVisualStyle
  2
Shaded with edges
 70
26
177
2
291
0
 70
58
 90
2
176
1
 90
2
176
1
 90
0
176
1
 90
2
176
1
 40
0.6
176
1
 40
30.0
176
1
 62
7
420
3271557119
176
1
 90
1
176
1
 90
4
176
1
 62
7
176
1
 62
257
176
1
 90
1
176
1
 90
1
176
1
 40
1.0
176
1
 90
8
176
1
 62
7
176
1
 40
1.0
176
1
 90
1
176
1
 90
6
176
1
 90
2
176
1
 62
7
176
1
 90
5
176
1
 90
0
176
1
 90
0
176
1
290
0
176
1
 90
1
176
1
 40
0.0
176
1
 90
0
176
1
290
0
176
1
290
1
176
1
290
1
176
1
290
0
290
0
176
1
290
0
290
0
176
1
290
0
176
1
290
0
176
1
 90
50
176
1
 40
0.0
176
1
 40
1.0
176
1
 90
0
176
1
 62
18
176
1
 90
50
176
1
 90
3
176
1
 62
5
420
3254780159
176
1
290
0
176
1
 90
50
176
1
 90
50
176
1
 90
50
176
1
290
0
176
1
 90
50
176
1
 62
0
176
0
 40
1.0
176
0
 90
2
176
1
  1
strokes_ogs.tif
176
1
290
0
176
1
 40
1.0
176
1
 40
1.0
176
1
  0
VISUALSTYLE
  5
6E
102
{ACAD_REACTORS
330
16
102
}
330
16
100
AcDbVisualStyle
  2
Shades of Gray
 70
23
177
2
291
0
 70
58
 90
2
176
1
 90
2
176
1
 90
0
176
1
 90
2
176
1
 40
0.6
176
1
 40
30.0
176
1
 62
7
420
3271557119
176
1
 90
1
176
1
 90
4
176
1
 62
7
176
1
 62
257
176
1
 90
1
176
1
 90
1
176
1
 40
1.0
176
1
 90
8
176
1
 62
7
176
1
 40
1.0
176
1
 90
1
176
1
 90
6
176
1
 90
2
176
1
 62
7
176
1
 90
5
176
1
 90
0
176
1
 90
0
176
1
290
0
176
1
 90
1
176
1
 40
0.0
176
1
 90
0
176
1
290
0
176
1
290
1
176
1
290
1
176
1
290
0
290
0
176
1
290
0
290
0
176
1
290
0
176
1
290
0
176
1
 90
50
176
1
 40
0.0
176
1
 40
1.0
176
1
 90
0
176
1
 62
18
176
1
 90
50
176
1
 90
3
176
1
 62
5
420
3254780159
176
1
290
0
176
1
 90
50
176
1
 90
50
176
1
 90
50
176
1
290
0
176
1
 90
50
176
1
 62
0
176
0
 40
1.0
176
0
 90
2
176
1
  1
strokes_ogs.tif
176
1
290
0
176
1
 40
1.0
176
1
 40
1.0
176
1
  0
VISUALSTYLE
  5
6F
102
{ACAD_REACTORS
330
16
102
}
330
16
100
AcDbVisualStyle
  2
Sketchy
 70
24
177
2
291
0
 70
58
 90
2
176
1
 90
2
176
1
 90
0
176
1
 90
1
176
1
 40
0.6
176
1
 40
30.0
176
1
 62
7
420
3271557119
176
1
 90
1
176
1
 90
4
176
1
 62
7
176
1
 62
257
176
1
 90
1
176
1
 90
1
176
1
 40
1.0
176
1
 90
8
176
1
 62
7
176
1
 40
1.0
176
1
 90
1
176
1
 90
6
176
1
 90
2
176
1
 62
7
176
1
 90
5
176
1
 90
0
176
1
 90
0
176
1
290
0
176
1
 90
1
176
1
 40
0.0
176
1
 90
0
176
1
290
0
176
1
290
1
176
1
290
1
176
1
290
0
290
0
176
1
290
0
290
0
176
1
290
0
176
1
290
0
176
1
 90
50
176
1
 40
0.0
176
1
 40
1.0
176
1
 90
0
176
1
 62
18
176
1
 90
50
176
1
 90
3
176
1
 62
5
420
3254780159
176
1
290
0
176
1
 90
50
176
1
 90
50
176
1
 90
50
176
1
290
0
176
1
 90
50
176
1
 62
0
176
0
 40
1.0
176
0
 90
2
176
1
  1
strokes_ogs.tif
176
1
290
0
176
1
 40
1.0
176
1
 40
1.0
176
1
  0
VISUALSTYLE
  5
70
102
{ACAD_REACTORS
330
16
102
}
330
16
100
AcDbVisualStyle
  2
Thicken
 70
13
177
2
291
1
 70
58
 90
2
176
1
 90
2
176
1
 90
0
176
1
 90
2
176
1
 40
0.6
176
1
 40
30.0
176
1
 62
7
420
3271557119
176
1
 90
1
176
1
 90
4
176
1
 62
7
176
1
 62
257
176
1
 90
1
176
1
 90
1
176
1
 40
1.0
176
1
 90
8
176
1
 62
7
176
1
 40
1.0
176
1
 90
1
176
1
 90
6
176
1
 90
2
176
1
 62
7
176
1
 90
5
176
1
 90
0
176
1
 90
0
176
1
290
0
176
1
 90
1
176
1
 40
0.0
176
1
 90
0
176
1
290
0
176
1
290
1
176
1
290
1
176
1
290
0
290
0
176
1
290
0
290
0
176
1
290
0
176
1
290
0
176
1
 90
50
176
1
 40
0.0
176
1
 40
1.0
176
1
 90
0
176
1
 62
18
176
1
 90
50
176
1
 90
3
176
1
 62
5
420
3254780159
176
1
290
0
176
1
 90
50
176
1
 90
50
176
1
 90
50
176
1
290
0
176
1
 90
50
176
1
 62
0
176
0
 40
1.0
176
0
 90
2
176
1
  1
strokes_ogs.tif
176
1
290
0
176
1
 40
1.0
176
1
 40
1.0
176
1
  0
VISUALSTYLE
  5
71
102
{ACAD_REACTORS
330
16
102
}
330
16
100
AcDbVisualStyle
  2
Wireframe
 70
5
177
2
291
0
 70
58
 90
2
176
1
 90
2
176
1
 90
0
176
1
 90
0
176
1
 40
0.6
176
1
 40
30.0
176
1
 62
7
420
3271557119
176
1
 90
1
176
1
 90
4
176
1
 62
7
176
1
 62
257
176
1
 90
1
176
1
 90
1
176
1
 40
1.0
176
1
 90
8
176
1
 62
7
176
1
 40
1.0
176
1
 90
1
176
1
 90
6
176
1
 90
2
176
1
 62
7
176
1
 90
5
176
1
 90
0
176
1
 90
0
176
1
290
0
176
1
 90
1
176
1
 40
0.0
176
1
 90
0
176
1
290
0
176
1
290
1
176
1
290
1
176
1
290
0
290
0
176
1
290
0
290
0
176
1
290
0
176
1
290
0
176
1
 90
50
176
1
 40
0.0
176
1
 40
1.0
176
1
 90
0
176
1
 62
18
176
1
 90
50
176
1
 90
3
176
1
 62
5
420
3254780159
176
1
290
0
176
1
 90
50
176
1
 90
50
176
1
 90
50
176
1
290
0
176
1
 90
50
176
1
 62
0
176
0
 40
1.0
176
0
 90
2
176
1
  1
strokes_ogs.tif
176
1
290
0
176
1
 40
1.0
176
1
 40
1.0
176
1
  0
VISUALSTYLE
  5
72
102
{ACAD_REACTORS
330
16
102
}
330
16
100
AcDbVisualStyle
  2
X-Ray
 70
25
177
2
291
0
 70
58
 90
2
176
1
 90
2
176
1
 90
0
176
1
 90
2
176
1
 40
0.5
176
1
 40
30.0
176
1
 62
7
420
3271557119
176
1
 90
1
176
1
 90
4
176
1
 62
7
176
1
 62
257
176
1
 90
1
176
1
 90
1
176
1
 40
1.0
176
1
 90
8
176
1
 62
7
176
1
 40
1.0
176
1
 90
1
176
1
 90
6
176
1
 90
2
176
1
 62
7
176
1
 90
5
176
1
 90
0
176
1
 90
0
176
1
290
0
176
1
 90
1
176
1
 40
0.0
176
1
 90
0
176
1
290
0
176
1
290
1
176
1
290
1
176
1
290
0
290
0
176
1
290
0
290
0
176
1
290
0
176
1
290
0
176
1
 90
50
176
1
 40
0.0
176
1
 40
1.0
176
1
 90
0
176
1
 62
18
176
1
 90
50
176
1
 90
3
176
1
 62
5
420
3254780159
176
1
290
0
176
1
 90
50
176
1
 90
50
176
1
 90
50
176
1
290
0
176
1
 90
50
176
1
 62
0
176
0
 40
1.0
176
0
 90
2
176
1
  1
strokes_ogs.tif
176
1
290
0
176
1
 40
1.0
176
1
 40
1.0
176
1
  0
DICTIONARYVAR
  5
36B
330
2D
100
DictionaryVariables
280
0
  1
1.4.4 @ 2026-10-05T15:23:46.798255+00:00
  0
TABLESTYLE
  5
36F
102
{ACAD_REACTORS
330
15
102
}
330
15
100
AcDbTableStyle
 70
0
  3
Standard
  1
TABLEFORMAT_BEGIN
 90
5
170
1
 91
0
 92
0
 62
257
 93
1
300
CONTENTFORMAT
  1
CONTENTFORMAT_BEGIN
 90
0
 91
0
 92
512
 93
0
300

 40
0.0
140
1.0
 94
1
 62
0
340
0
144
4.5
309
CONTENTFORMAT_END
171
1
301
MARGIN
  1
CELLMARGIN_BEGIN
 40
1.5
 40
1.5
 40
1.5
 40
1.5
 40
4.5
 40
4.5
309
CELLMARGIN_END
 94
6
 95
1
302
GRIDFORMAT
  1
GRIDFORMAT_BEGIN
 90
0
 91
1
 62
0
 92
-2
340
0
 93
0
 40
1.125
309
GRIDFORMAT_END
 95
2
302
GRIDFORMAT
  1
GRIDFORMAT_BEGIN
 90
0
 91
1
 62
0
 92
-2
340
0
 93
0
 40
1.125
309
GRIDFORMAT_END
 95
4
302
GRIDFORMAT
  1
GRIDFORMAT_BEGIN
 90
0
 91
1
 62
0
 92
-2
340
0
 93
0
 40
1.125
309
GRIDFORMAT_END
 95
8
302
GRIDFORMAT
  1
GRIDFORMAT_BEGIN
 90
0
 91
1
 62
0
 92
-2
340
0
 93
0
 40
1.125
309
GRIDFORMAT_END
 95
16
302
GRIDFORMAT
  1
GRIDFORMAT_BEGIN
 90
0
 91
1
 62
0
 92
-2
340
0
 93
0
 40
1.125
309
GRIDFORMAT_END
 95
32
302
GRIDFORMAT
  1
GRIDFORMAT_BEGIN
 90
0
 91
1
 62
0
 92
-2
340
0
 93
0
 40
1.125
309
GRIDFORMAT_END
309
TABLEFORMAT_END
  1
CELLSTYLE_BEGIN
 90
4
 91
2
300
Table
309
CELLSTYLE_END
  1
TABLEFORMAT_BEGIN
 90
5
170
1
 91
0
 92
32768
 62
257
 93
1
300
CONTENTFORMAT
  1
CONTENTFORMAT_BEGIN
 90
0
 91
0
 92
512
 93
0
300

 40
0.0
140
1.0
 94
5
 62
0
340
29
144
6.0
309
CONTENTFORMAT_END
171
1
301
MARGIN
  1
CELLMARGIN_BEGIN
 40
1.5
 40
1.5
 40
1.5
 40
1.5
 40
4.5
 40
4.5
309
CELLMARGIN_END
 94
6
 95
1
302
GRIDFORMAT
  1
GRIDFORMAT_BEGIN
 90
0
 91
1
 62
0
 92
-2
340
0
 93
0
 40
1.125
309
GRIDFORMAT_END
 95
2
302
GRIDFORMAT
  1
GRIDFORMAT_BEGIN
 90
0
 91
1
 62
0
 92
-2
340
0
 93
0
 40
1.125
309
GRIDFORMAT_END
 95
4
302
GRIDFORMAT
  1
GRIDFORMAT_BEGIN
 90
0
 91
1
 62
0
 92
-2
340
0
 93
0
 40
1.125
309
GRIDFORMAT_END
 95
8
302
GRIDFORMAT
  1
GRIDFORMAT_BEGIN
 90
0
 91
1
 62
0
 92
-2
340
0
 93
0
 40
1.125
309
GRIDFORMAT_END
 95
16
302
GRIDFORMAT
  1
GRIDFORMAT_BEGIN
 90
0
 91
1
 62
0
 92
-2
340
0
 93
0
 40
1.125
309
GRIDFORMAT_END
 95
32
302
GRIDFORMAT
  1
GRIDFORMAT_BEGIN
 90
0
 91
1
 62
0
 92
-2
340
0
 93
0
 40
1.125
309
GRIDFORMAT_END
309
TABLEFORMAT_END
  1
CELLSTYLE_BEGIN
 90
1
 91
1
300
_TITLE
309
CELLSTYLE_END
  0
SCALE
  5
370
102
{ACAD_REACTORS
330
14
102
}
330
14
100
AcDbScale
 70
0
300
1:1
140
1.0
141
1.0
290
1
  0
SCALE
  5
371
102
{ACAD_REACTORS
330
14
102
}
330
14
100
AcDbScale
 70
0
300
1:2
140
1.0
141
2.0
290
0
  0
SCALE
  5
372
102
{ACAD_REACTORS
330
14
102
}
330
14
100
AcDbScale
 70
0
300
1:4
140
1.0
141
4.0
290
0
  0
SCALE
  5
373
102
{ACAD_REACTORS
330
14
102
}
330
14
100
AcDbScale
 70
0
300
1:5
140
1.0
141
5.0
290
0
  0
SCALE
  5
374
102
{ACAD_REACTORS
330
14
102
}
330
14
100
AcDbScale
 70
0
300
1:8
140
1.0
141
8.0
290
0
  0
SCALE
  5
375
102
{ACAD_REACTORS
330
14
102
}
330
14
100
AcDbScale
 70
0
300
1:10
140
1.0
141
10.0
290
0
  0
SCALE
  5
376
102
{ACAD_REACTORS
330
14
102
}
330
14
100
AcDbScale
 70
0
300
1:16
140
1.0
141
16.0
290
0
  0
SCALE
  5
377
102
{ACAD_REACTORS
330
14
102
}
330
14
100
AcDbScale
 70
0
300
1:20
140
1.0
141
20.0
290
0
  0
SCALE
  5
378
102
{ACAD_REACTORS
330
14
102
}
330
14
100
AcDbScale
 70
0
300
1:30
140
1.0
141
30.0
290
0
  0
SCALE
  5
379
102
{ACAD_REACTORS
330
14
102
}
330
14
100
AcDbScale
 70
0
300
1:40
140
1.0
141
40.0
290
0
  0
SCALE
  5
37A
102
{ACAD_REACTORS
330
14
102
}
330
14
100
AcDbScale
 70
0
300
1:50
140
1.0
141
50.0
290
0
  0
SCALE
  5
37B
102
{ACAD_REACTORS
330
14
102
}
330
14
100
AcDbScale
 70
0
300
1:100
140
1.0
141
100.0
290
0
  0
SCALE
  5
37C
102
{ACAD_REACTORS
330
14
102
}
330
14
100
AcDbScale
 70
0
300
2:1
140
2.0
141
1.0
290
0
  0
SCALE
  5
37D
102
{ACAD_REACTORS
330
14
102
}
330
14
100
AcDbScale
 70
0
300
4:1
140
4.0
141
1.0
290
0
  0
SCALE
  5
37E
102
{ACAD_REACTORS
330
14
102
}
330
14
100
AcDbScale
 70
0
300
8:1
140
8.0
141
1.0
290
0
  0
SCALE
  5
37F
102
{ACAD_REACTORS
330
14
102
}
330
14
100
AcDbScale
 70
0
300
10:1
140
10.0
141
1.0
290
0
  0
SCALE
  5
380
102
{ACAD_REACTORS
330
14
102
}
330
14
100
AcDbScale
 70
0
300
100:1
140
100.0
141
1.0
290
0
  0
DICTIONARY
  5
381
102
{ACAD_REACTORS
330
A
102
}
330
A
100
AcDbDictionary
281
1
  3
Metric50
350
382
  0
ACDBSECTIONVIEWSTYLE
  5
382
102
{ACAD_REACTORS
330
381
102
}
330
381
100
AcDbModelDocViewStyle
 70
0
  3
Metric50
290
0
300
Metric50
 90
0
100
AcDbSectionViewStyle
 70
0
 71
0
 90
102
 71
1
340
29
 62
0
 40
5.0
340
0
340
0
 62
0
 40
5.0
300
I, O, Q, S, X, Z
 40
10.0
 90
0
 40
2.5
 90
0
 71
2
340
26
 90
25
 62
0
340
26
 90
50
 62
0
 40
5.0
 40
2.5
 40
5.0
 71
3
340
29
 62
0
 40
5.0
 90
0
 40
15.0
 90
1
300
%<\AcVar ViewSectionStartId>%-%<\AcVar ViewSectionEndId>% (%<\AcVar ViewScale \f "%sn">%)
 71
4
 62
0
 62
257
300
ANSI31
 40
1.0
 90
0
290
0
290
0
 90
6
 40
0.0
 40
1.570796326794897
 40
0.2617993877991494
 40
1.308996938995747
 40
-0.2617993877991494
 40
1.832595714594046
  0
DICTIONARY
  5
383
102
{ACAD_REACTORS
330
A
102
}
330
A
100
AcDbDictionary
281
1
  3
Metric50
350
384
  0
ACDBDETAILVIEWSTYLE
  5
384
102
{ACAD_REACTORS
330
383
102
}
330
383
100
AcDbModelDocViewStyle
 70
0
  3
Metric50
290
0
300
Metric50
 90
0
100
AcDbDetailViewStyle
 70
0
 71
0
 90
3
 71
1
340
29
 62
0
 40
5.0
340
0
 62
0
 40
5.0
300

 40
0.0
280
1
 71
2
340
26
 90
25
 62
0
 71
3
340
29
 62
0
 40
5.0
 90
0
 40
15.0
 90
1
300
%<\AcVar ViewDetailId>% (%<\AcVar ViewScale \f "%sn">%)
 71
4
340
26
 90
25
 62
0
340
26
 90
25
 62
0
280
0
  0
XRECORD
  5
391
102
{ACAD_REACTORS
330
A
102
}
330
A
100
AcDbXrecord
280
1
300
ACDLT
300
2026
300

  0
XRECORD
  5
392
102
{ACAD_REACTORS
330
A
102
}
330
A
100
AcDbXrecord
280
1
300
{BE4D2973-23E5-8F45-BA8C-421A7E14F319}
301
{72472318-F2BA-8A4A-9F6F-C3F4739C5073}
302
{BE4D2973-23E5-8F45-BA8C-421A7E14F319}
303
C:\Users\msemblantes\Downloads\correccion E-10_CUADRO_COLUMNAS_VIGAS.dwg
  0
DICTIONARY
  5
394
102
{ACAD_REACTORS
330
A
102
}
330
A
100
AcDbDictionary
281
1
  3
CANNOSCALE
350
399
  3
CMLEADERSTYLE
350
396
  3
CTABLESTYLE
350
395
  3
CVIEWDETAILSTYLE
350
397
  3
CVIEWSECTIONSTYLE
350
398
  0
DICTIONARYVAR
  5
395
102
{ACAD_REACTORS
330
394
102
}
330
394
100
DictionaryVariables
280
0
  1
STANDARD
  0
DICTIONARYVAR
  5
396
102
{ACAD_REACTORS
330
394
102
}
330
394
100
DictionaryVariables
280
0
  1
STANDARD
  0
DICTIONARYVAR
  5
397
102
{ACAD_REACTORS
330
394
102
}
330
394
100
DictionaryVariables
280
0
  1
Metric50
  0
DICTIONARYVAR
  5
398
102
{ACAD_REACTORS
330
394
102
}
330
394
100
DictionaryVariables
280
0
  1
Metric50
  0
DICTIONARYVAR
  5
399
102
{ACAD_REACTORS
330
394
102
}
330
394
100
DictionaryVariables
280
0
  1
1:1
  0
MATERIAL
  5
39C
102
{ACAD_REACTORS
330
E
102
}
330
E
100
AcDbMaterial
  1
ByBlock
  2

 70
0
 40
1.0
 71
1
 41
1.0
 91
-1023410177
 42
1.0
 72
1
  3

 73
1
 74
1
 75
1
 44
0.5
 73
0
 45
1.0
 46
1.0
 77
1
  4

 78
1
 79
1
170
1
 48
1.0
171
1
  6

172
1
173
1
174
1
140
1.0
141
1.0
175
1
  7

176
1
177
1
178
1
143
1.0
179
1
  8

270
1
271
1
272
1
145
1.0
146
1.0
273
1
  9

274
1
275
1
276
1
 42
1.0
 72
1
  3

 73
1
 74
1
 75
1
 94
63
  0
MATERIAL
  5
39D
102
{ACAD_REACTORS
330
E
102
}
330
E
100
AcDbMaterial
  1
ByLayer
  2

 70
0
 40
1.0
 71
1
 41
1.0
 91
-1023410177
 42
1.0
 72
1
  3

 73
1
 74
1
 75
1
 44
0.5
 73
0
 45
1.0
 46
1.0
 77
1
  4

 78
1
 79
1
170
1
 48
1.0
171
1
  6

172
1
173
1
174
1
140
1.0
141
1.0
175
1
  7

176
1
177
1
178
1
143
1.0
179
1
  8

270
1
271
1
272
1
145
1.0
146
1.0
273
1
  9

274
1
275
1
276
1
 42
1.0
 72
1
  3

 73
1
 74
1
 75
1
 94
63
  0
MATERIAL
  5
39E
102
{ACAD_REACTORS
330
E
102
}
330
E
100
AcDbMaterial
  1
Global
  2

 70
0
 40
1.0
 71
1
 41
1.0
 91
-1023410177
 42
1.0
 72
1
  3

 73
1
 74
1
 75
1
 44
0.5
 73
0
 45
1.0
 46
1.0
 77
1
  4

 78
1
 79
1
170
1
 48
1.0
171
1
  6

172
1
173
1
174
1
140
1.0
141
1.0
175
1
  7

176
1
177
1
178
1
143
1.0
179
1
  8

270
1
271
1
272
1
145
1.0
146
1.0
273
1
  9

274
1
275
1
276
1
 42
1.0
 72
1
  3

 73
1
 74
1
 75
1
 94
63
  0
ENDSEC
  0
EOF
